round,manifest_idx,rope_x,clip_left_x,clip_left_y,clip_left_yaw,clip_left_oidx,clip_right_x,clip_right_y,clip_right_yaw,clip_right_oidx,sobol_stream_index,r0b_outcome,r0b_success,r0b_num_steps,r0b_episode_index,r0b_subtask_marks,r0b_score,r0o_outcome,r0o_success,r0o_num_steps,r0o_episode_index,r0o_subtask_marks,r0o_score,r0i_outcome,r0i_success,r0i_num_steps,r0i_episode_index,r0i_subtask_marks,r0i_score,r2b_outcome,r2b_success,r2b_num_steps,r2b_episode_index,r2b_subtask_marks,r2b_score,r2o_outcome,r2o_success,r2o_num_steps,r2o_episode_index,r2o_subtask_marks,r2o_score,r2i_outcome,r2i_success,r2i_num_steps,r2i_episode_index,r2i_subtask_marks,r2i_score,r4b_outcome,r4b_success,r4b_num_steps,r4b_episode_index,r4b_subtask_marks,r4b_score,r4o_outcome,r4o_success,r4o_num_steps,r4o_episode_index,r4o_subtask_marks,r4o_score,r4i_outcome,r4i_success,r4i_num_steps,r4i_episode_index,r4i_subtask_marks,r4i_score,r6b_outcome,r6b_success,r6b_num_steps,r6b_episode_index,r6b_subtask_marks,r6b_score,r6o_outcome,r6o_success,r6o_num_steps,r6o_episode_index,r6o_subtask_marks,r6o_score,r6i_outcome,r6i_success,r6i_num_steps,r6i_episode_index,r6i_subtask_marks,r6i_score,r8b_outcome,r8b_success,r8b_num_steps,r8b_episode_index,r8b_subtask_marks,r8b_score,r8o_outcome,r8o_success,r8o_num_steps,r8o_episode_index,r8o_subtask_marks,r8o_score,r8i_outcome,r8i_success,r8i_num_steps,r8i_episode_index,r8i_subtask_marks,r8i_score,r9b_outcome,r9b_success,r9b_num_steps,r9b_episode_index,r9b_subtask_marks,r9b_score,r9o_outcome,r9o_success,r9o_num_steps,r9o_episode_index,r9o_subtask_marks,r9o_score,r9i_outcome,r9i_success,r9i_num_steps,r9i_episode_index,r9i_subtask_marks,r9i_score
1,0,-0.1272911538004875,-0.012700000000000017,0.0635,-2.356194490192345,2.0,0.2413,-0.038099999999999995,-0.7853981633974483,0.0,0,failure,False,123,1,0,0,failure,False,83,3,0,0,,,,,,,failure,False,230,0,1,1,failure,False,126,6,0,0,,,,,,,failure,False,100,7,0,0,failure,False,114,4,0,0,,,,,,,failure,False,264,2,1,1,failure,False,98,5,0,0,failure,False,589,8,1,1,failure,False,198,112,0,0,failure,False,240,109,1,1,failure,False,264,113,1,1,failure,False,568,110,0,0,failure,False,294,108,1,1,failure,False,259,111,1,1
2,1,0.13201922828853127,0.13969999999999996,0.2413,-0.7853981633974483,0.0,-0.1397,-0.1397,-2.356194490192345,2.0,1,failure,False,105,17,0,0,failure,False,173,11,0,0,,,,,,,failure,False,147,9,0,0,failure,False,309,10,1,1,,,,,,,failure,False,241,12,0,0,failure,False,118,16,0,0,,,,,,,failure,False,150,15,0,0,failure,False,258,14,1,1,failure,False,269,13,1,1,failure,False,189,118,0,0,failure,False,411,116,1,1,failure,False,356,114,1,1,failure,False,249,115,0,0,failure,False,105,117,0,0,success,True,492,119,1,2
3,2,0.18254204756319523,-0.0889,0.0635,-1.5707963267948966,1.0,-0.038099999999999995,-0.21589999999999998,-1.5707963267948966,1.0,2,timeout,False,598,19,1,1,success,True,338,24,1,2,,,,,,,timeout,False,437,21,1,1,failure,False,178,26,0,0,,,,,,,failure,False,147,20,0,0,failure,False,131,18,0,0,,,,,,,failure,False,655,22,0,0,success,True,317,25,1,2,failure,False,102,23,0,0,timeout,False,577,124,0,0,success,True,278,121,1,2,success,True,201,122,1,2,failure,False,395,123,0,0,success,True,235,125,1,2,failure,False,137,120,0,0
4,3,0.02225507856011391,0.2159,0.1397,-0.7853981633974483,0.0,0.11429999999999998,-0.0635,-1.5707963267948966,1.0,3,failure,False,273,27,1,1,timeout,False,334,31,0,0,,,,,,,timeout,False,807,30,1,1,failure,False,205,28,0,0,,,,,,,failure,False,531,34,1,1,timeout,False,564,35,0,0,,,,,,,failure,False,232,32,1,1,timeout,False,526,33,0,0,failure,False,734,29,0,0,success,True,633,127,1,2,failure,False,337,131,1,1,timeout,False,850,129,1,1,failure,False,295,130,1,1,failure,False,221,128,0,0,timeout,False,647,126,0,0
5,4,-0.020963485431671147,-0.1651,0.19049999999999997,-0.7853981633974483,0.0,0.0635,-0.038099999999999995,-1.5707963267948966,1.0,4,failure,False,100,39,0,0,failure,False,156,36,0,0,,,,,,,failure,False,122,41,0,0,failure,False,270,40,1,1,,,,,,,failure,False,492,42,1,1,failure,False,545,44,1,1,,,,,,,failure,False,192,37,0,0,success,True,302,43,1,2,timeout,False,850,38,1,1,failure,False,503,136,0,0,success,True,295,133,1,2,success,True,342,132,1,2,timeout,False,816,135,0,0,failure,False,256,134,1,1,failure,False,211,137,1,1
6,5,0.2257413706630468,0.19049999999999997,0.0127,-1.5707963267948966,1.0,0.038099999999999995,-0.1651,-2.356194490192345,2.0,5,failure,False,93,50,0,0,failure,False,79,47,0,0,,,,,,,failure,False,109,51,0,0,timeout,False,734,48,1,1,,,,,,,failure,False,265,53,1,1,success,True,270,52,1,2,,,,,,,timeout,False,850,49,1,1,success,True,255,46,1,2,failure,False,267,45,1,1,timeout,False,658,140,0,0,failure,False,299,143,1,1,failure,False,70,139,0,0,success,True,423,138,1,2,success,True,234,142,1,2,failure,False,176,141,1,1
7,6,0.07604384091198443,-0.012700000000000017,0.19049999999999997,-1.5707963267948966,1.0,-0.0889,-0.2413,-0.7853981633974483,0.0,6,failure,False,220,59,1,1,failure,False,139,56,1,1,,,,,,,failure,False,216,60,1,1,failure,False,230,57,1,1,,,,,,,failure,False,237,55,1,1,failure,False,157,58,1,1,,,,,,,failure,False,372,54,1,1,failure,False,374,62,1,1,failure,False,298,61,1,1,failure,False,664,147,1,1,failure,False,630,146,1,1,success,True,243,145,1,2,success,True,377,144,1,2,failure,False,278,148,0,0,success,True,298,149,1,2
8,7,-0.07124692826867103,0.0635,0.08889999999999999,-2.356194490192345,2.0,0.19049999999999997,-0.0889,-2.356194490192345,2.0,7,failure,False,181,68,0,0,failure,False,278,70,1,1,,,,,,,failure,False,355,65,1,1,failure,False,121,64,0,0,,,,,,,failure,False,121,71,0,0,failure,False,121,69,0,0,,,,,,,failure,False,151,66,0,0,failure,False,262,67,1,1,failure,False,336,63,1,1,failure,False,141,150,0,0,timeout,False,401,151,0,0,failure,False,621,153,1,1,timeout,False,850,154,0,0,success,True,469,155,1,2,failure,False,277,152,1,1
9,8,-0.10491132775247097,-0.1143,0.16509999999999997,-1.5707963267948966,1.0,-0.1651,-0.0889,-0.7853981633974483,0.0,8,failure,False,62,80,0,0,timeout,False,362,74,0,0,,,,,,,failure,False,255,77,1,1,failure,False,288,76,0,0,,,,,,,failure,False,164,78,1,1,timeout,False,435,72,1,1,,,,,,,timeout,False,544,73,0,0,failure,False,626,75,1,1,success,True,238,79,1,2,failure,False,364,161,0,0,failure,False,231,158,1,1,success,True,339,159,1,2,failure,False,83,160,0,0,failure,False,333,157,0,0,success,True,349,156,1,2
10,9,0.05250178793072699,0.2413,0.1143,-0.7853981633974483,0.0,0.2159,-0.1905,-1.5707963267948966,1.0,9,failure,False,91,82,0,0,failure,False,106,85,0,0,,,,,,,failure,False,121,81,0,0,success,True,461,84,1,2,,,,,,,failure,False,360,86,1,1,failure,False,226,88,1,1,,,,,,,timeout,False,827,89,1,1,timeout,False,467,83,0,0,failure,False,295,87,1,1,timeout,False,838,163,1,1,success,True,812,167,1,2,success,True,307,164,1,2,success,True,313,162,1,2,failure,False,95,165,0,0,failure,False,91,166,0,0
11,10,0.20443858264684675,0.012699999999999989,0.21589999999999998,-2.356194490192345,2.0,0.11429999999999998,-0.1397,-0.7853981633974483,0.0,10,failure,False,121,92,0,0,failure,False,114,96,0,0,,,,,,,failure,False,75,91,0,0,failure,False,189,94,1,1,,,,,,,failure,False,121,97,0,0,success,True,390,95,1,2,,,,,,,failure,False,389,93,1,1,success,True,728,98,1,2,failure,False,807,90,1,1,failure,False,376,168,1,1,failure,False,617,171,1,1,failure,False,326,172,1,1,failure,False,554,170,1,1,failure,False,685,169,1,1,failure,False,500,173,1,1
12,11,-0.0567542449504137,0.11429999999999998,0.0127,-1.5707963267948966,1.0,-0.0635,-0.0127,-2.356194490192345,2.0,11,failure,False,494,100,0,0,failure,False,101,107,0,0,,,,,,,failure,False,287,105,0,0,failure,False,235,99,0,0,,,,,,,failure,False,196,102,0,0,failure,False,133,103,0,0,,,,,,,timeout,False,659,101,0,0,failure,False,136,104,0,0,failure,False,157,106,0,0,failure,False,176,176,0,0,failure,False,109,177,0,0,failure,False,128,179,0,0,failure,False,148,178,0,0,failure,False,293,174,0,0,failure,False,155,175,0,0
13,12,0.0014907758742570831,-0.038099999999999995,0.08889999999999999,-0.7853981633974483,0.0,-0.012700000000000017,-0.11429999999999998,-0.7853981633974483,0.0,12,failure,False,144,182,0,0,success,True,187,184,1,2,,,,,,,success,True,230,193,1,2,timeout,False,352,189,0,0,,,,,,,failure,False,171,194,0,0,timeout,False,383,185,1,1,,,,,,,success,True,329,192,1,2,timeout,False,850,183,1,1,success,True,205,190,1,2,timeout,False,476,191,0,0,failure,False,461,186,1,1,success,True,304,187,1,2,success,True,344,180,1,2,success,True,233,188,1,2,success,True,217,181,1,2
14,13,0.14609992200732227,0.0889,0.1397,-2.356194490192345,2.0,0.0635,-0.2413,-2.356194490192345,2.0,13,failure,False,101,195,0,0,timeout,False,530,205,1,1,,,,,,,failure,False,207,203,1,1,failure,False,263,197,1,1,,,,,,,failure,False,656,204,1,1,failure,False,196,199,1,1,,,,,,,failure,False,253,202,1,1,failure,False,212,196,1,1,failure,False,508,198,1,1,timeout,False,507,200,0,0,success,True,248,208,1,2,success,True,321,201,1,2,success,True,398,206,1,2,success,True,231,207,1,2,success,True,436,209,1,2
15,14,0.0982132184743881,-0.1397,0.038099999999999995,-0.7853981633974483,0.0,0.13969999999999996,-0.1905,-1.5707963267948966,1.0,14,failure,False,74,211,0,0,failure,False,87,218,0,0,,,,,,,timeout,False,437,223,0,0,failure,False,85,217,0,0,,,,,,,timeout,False,792,216,0,0,failure,False,336,213,1,1,,,,,,,failure,False,263,215,0,0,failure,False,128,214,0,0,failure,False,105,219,0,0,success,True,555,224,1,2,failure,False,676,212,1,1,failure,False,234,222,1,1,failure,False,236,210,1,1,success,True,757,221,1,2,success,True,435,220,1,2
16,15,-0.1505787157446146,0.1651,0.2413,-2.356194490192345,2.0,-0.1143,-0.038099999999999995,-1.5707963267948966,1.0,15,failure,False,96,232,0,0,failure,False,82,234,0,0,,,,,,,failure,False,427,235,1,1,failure,False,48,225,0,0,,,,,,,failure,False,403,228,0,0,failure,False,191,237,0,0,,,,,,,timeout,False,477,233,0,0,failure,False,234,229,0,0,failure,False,116,236,0,0,failure,False,557,231,0,0,failure,False,210,230,0,0,failure,False,506,239,1,1,timeout,False,850,227,1,1,failure,False,167,238,0,0,failure,False,629,226,1,1
17,16,-0.1575848783791065,-0.1397,0.1143,-1.5707963267948966,1.0,0.13969999999999996,-0.21589999999999998,-2.356194490192345,2.0,16,failure,False,130,243,0,0,failure,False,76,240,0,0,,,,,,,failure,False,332,248,1,1,failure,False,139,244,0,0,,,,,,,failure,False,271,249,0,0,failure,False,239,254,1,1,,,,,,,failure,False,261,242,0,0,failure,False,290,241,0,0,failure,False,430,252,1,1,timeout,False,364,250,0,0,timeout,False,585,245,0,0,timeout,False,433,253,0,0,timeout,False,850,246,1,1,success,True,447,247,1,2,failure,False,662,251,1,1
18,17,0.10201880278885364,0.13969999999999996,0.16509999999999997,-2.356194490192345,2.0,-0.038099999999999995,-0.11429999999999998,-0.7853981633974483,0.0,17,failure,False,121,268,0,0,failure,False,271,264,1,1,,,,,,,failure,False,287,261,0,0,success,True,580,259,1,2,,,,,,,success,True,354,262,1,2,success,True,228,267,1,2,,,,,,,success,True,354,265,1,2,success,True,299,266,1,2,success,True,247,256,1,2,timeout,False,850,269,0,0,success,True,276,263,1,2,success,True,239,255,1,2,success,True,422,257,1,2,failure,False,323,258,1,1,success,True,249,260,1,2
19,18,0.1549199274152517,-0.0635,0.0127,-0.7853981633974483,0.0,-0.1143,-0.038099999999999995,-1.5707963267948966,1.0,18,timeout,False,497,275,0,0,failure,False,115,277,0,0,,,,,,,failure,False,145,273,0,0,failure,False,327,272,0,0,,,,,,,failure,False,181,278,0,0,failure,False,596,280,0,0,,,,,,,timeout,False,850,270,1,1,failure,False,95,283,0,0,timeout,False,496,282,0,0,failure,False,566,276,0,0,failure,False,396,284,1,1,timeout,False,705,281,1,1,timeout,False,500,279,0,0,failure,False,138,274,0,0,failure,False,117,271,0,0
20,19,-0.004079041838645936,0.0635,0.21589999999999998,-1.5707963267948966,1.0,0.2413,-0.1651,-1.5707963267948966,1.0,19,failure,False,421,290,0,0,timeout,False,724,295,0,0,,,,,,,failure,False,202,288,1,1,failure,False,182,289,1,1,,,,,,,success,True,357,287,1,2,failure,False,205,286,1,1,,,,,,,failure,False,357,292,1,1,failure,False,236,296,1,1,failure,False,190,297,1,1,failure,False,254,285,1,1,success,True,478,294,1,2,success,True,323,293,1,2,timeout,False,850,299,1,1,failure,False,235,291,1,1,success,True,779,298,1,2
21,20,-0.04821096608042717,0.038099999999999995,0.1397,-1.5707963267948966,1.0,0.19049999999999997,-0.21589999999999998,-2.356194490192345,2.0,20,failure,False,203,308,1,1,failure,False,197,306,1,1,,,,,,,failure,False,246,301,1,1,failure,False,304,312,1,1,,,,,,,success,True,334,300,1,2,failure,False,313,307,1,1,,,,,,,failure,False,826,311,1,1,failure,False,197,304,1,1,failure,False,305,313,1,1,timeout,False,506,309,0,0,success,True,291,314,1,2,success,True,423,310,1,2,timeout,False,717,305,1,1,timeout,False,749,303,1,1,failure,False,383,302,1,1
22,21,0.19899511608183382,0.11429999999999998,0.08889999999999999,-0.7853981633974483,0.0,-0.0635,-0.0889,-0.7853981633974483,0.0,21,timeout,False,500,329,1,1,failure,False,121,319,0,0,,,,,,,failure,False,430,318,1,1,timeout,False,459,320,0,0,,,,,,,failure,False,238,324,0,0,timeout,False,506,317,0,0,,,,,,,failure,False,380,326,1,1,timeout,False,507,325,0,0,failure,False,805,316,1,1,failure,False,426,321,1,1,timeout,False,472,315,0,0,timeout,False,641,322,1,1,timeout,False,850,327,1,1,failure,False,590,323,1,1,failure,False,544,328,0,0
23,22,0.04531966628730297,-0.1143,0.2413,-2.356194490192345,2.0,0.012699999999999989,-0.0127,-2.356194490192345,2.0,22,failure,False,70,333,0,0,failure,False,95,338,0,0,,,,,,,failure,False,139,335,0,0,failure,False,208,330,0,0,,,,,,,failure,False,188,337,0,0,failure,False,154,339,0,0,,,,,,,failure,False,203,343,0,0,failure,False,175,336,0,0,failure,False,107,342,0,0,failure,False,240,340,0,0,failure,False,360,334,1,1,timeout,False,850,344,1,1,success,True,392,331,1,2,failure,False,119,341,0,0,failure,False,439,332,0,0
24,23,-0.10087862778902054,0.2413,0.038099999999999995,-0.7853981633974483,0.0,0.0889,-0.1397,-0.7853981633974483,0.0,23,failure,False,287,346,0,0,failure,False,116,357,0,0,,,,,,,failure,False,110,351,0,0,failure,False,100,345,0,0,,,,,,,failure,False,271,348,0,0,failure,False,412,359,1,1,,,,,,,failure,False,414,354,0,0,failure,False,259,355,1,1,failure,False,109,358,0,0,failure,False,337,350,0,0,success,True,580,353,1,2,failure,False,220,347,0,0,failure,False,276,352,0,0,failure,False,512,356,1,1,failure,False,131,349,0,0
25,24,-0.078575549569726,-0.038099999999999995,0.21589999999999998,-0.7853981633974483,0.0,-0.038099999999999995,-0.1651,-1.5707963267948966,1.0,24,failure,False,157,362,1,1,timeout,False,518,370,1,1,,,,,,,failure,False,380,366,1,1,timeout,False,378,373,0,0,,,,,,,timeout,False,713,369,0,0,failure,False,301,364,0,0,,,,,,,timeout,False,846,368,1,1,failure,False,246,360,0,0,failure,False,120,367,0,0,timeout,False,850,371,0,0,success,True,286,361,1,2,success,True,260,363,1,2,timeout,False,812,365,0,0,timeout,False,833,374,1,1,failure,False,124,372,0,0
26,25,0.08012227149009704,0.038099999999999995,0.038099999999999995,-2.356194490192345,2.0,0.0889,-0.0635,-0.7853981633974483,0.0,25,failure,False,131,388,0,0,failure,False,53,375,0,0,,,,,,,timeout,False,319,376,1,1,failure,False,449,379,1,1,,,,,,,failure,False,201,385,0,0,timeout,False,532,381,1,1,,,,,,,success,True,274,377,1,2,failure,False,442,387,0,0,success,True,286,383,1,2,timeout,False,537,382,0,0,failure,False,244,384,1,1,failure,False,427,386,0,0,timeout,False,649,378,1,1,timeout,False,696,380,1,1,failure,False,340,389,1,1
27,26,0.2344373503625393,-0.1651,0.1397,-1.5707963267948966,1.0,0.2159,-0.11429999999999998,-2.356194490192345,2.0,26,failure,False,161,399,0,0,failure,False,110,390,0,0,,,,,,,failure,False,217,394,0,0,failure,False,186,402,0,0,,,,,,,failure,False,381,392,1,1,failure,False,104,403,0,0,,,,,,,failure,False,522,398,1,1,failure,False,107,395,0,0,failure,False,171,404,0,0,failure,False,380,393,0,0,failure,False,154,400,0,0,failure,False,502,401,0,0,timeout,False,703,391,0,0,failure,False,496,397,1,1,success,True,574,396,1,2
28,27,-0.026458883783221254,0.1651,0.0635,-2.356194490192345,2.0,-0.1651,-0.2413,-0.7853981633974483,0.0,27,failure,False,188,418,0,0,failure,False,328,405,1,1,,,,,,,failure,False,258,414,1,1,timeout,False,597,406,1,1,,,,,,,failure,False,161,413,0,0,failure,False,161,410,0,0,,,,,,,failure,False,373,411,1,1,failure,False,374,408,1,1,failure,False,218,416,1,1,failure,False,309,412,0,0,timeout,False,557,419,1,1,success,True,840,415,1,2,failure,False,390,407,1,1,failure,False,115,409,0,0,success,True,354,417,1,2
29,28,0.03112081458270549,-0.0889,0.038099999999999995,-2.356194490192345,2.0,-0.1143,-0.1397,-2.356194490192345,2.0,28,failure,False,124,420,0,0,failure,False,402,432,1,1,,,,,,,timeout,False,440,433,0,0,timeout,False,440,427,0,0,,,,,,,timeout,False,850,422,1,1,failure,False,111,421,0,0,,,,,,,timeout,False,407,434,0,0,timeout,False,850,425,1,1,failure,False,833,423,1,1,failure,False,684,429,1,1,timeout,False,850,428,1,1,success,True,215,431,1,2,failure,False,419,424,1,1,success,True,485,426,1,2,failure,False,444,430,1,1
30,29,0.17682573019266126,0.2159,0.19049999999999997,-1.5707963267948966,1.0,0.1651,-0.0127,-0.7853981633974483,0.0,29,failure,False,219,441,0,0,failure,False,173,449,1,1,,,,,,,timeout,False,850,435,1,1,timeout,False,574,440,1,1,,,,,,,timeout,False,459,442,0,0,timeout,False,850,439,1,1,,,,,,,timeout,False,645,444,0,0,timeout,False,850,445,1,1,success,True,240,448,1,2,failure,False,545,438,0,0,success,True,366,446,1,2,failure,False,167,443,1,1,failure,False,304,447,0,0,failure,False,208,437,0,0,failure,False,217,436,0,0
31,30,0.12496113386750221,0.012699999999999989,0.1143,-1.5707963267948966,1.0,0.038099999999999995,-0.0635,-1.5707963267948966,1.0,30,success,True,313,459,1,2,success,True,310,453,1,2,,,,,,,success,True,515,452,1,2,timeout,False,850,458,1,1,,,,,,,timeout,False,581,450,1,1,timeout,False,731,460,1,1,,,,,,,timeout,False,569,451,0,0,success,True,240,456,1,2,failure,False,290,461,1,1,failure,False,404,463,1,1,success,True,285,462,1,2,success,True,180,454,1,2,failure,False,205,455,0,0,success,True,320,457,1,2,success,True,248,464,1,2
32,31,-0.12333286865651608,0.13969999999999996,0.19049999999999997,-0.7853981633974483,0.0,0.012699999999999989,-0.21589999999999998,-1.5707963267948966,1.0,31,failure,False,131,466,0,0,failure,False,158,478,0,0,,,,,,,failure,False,111,475,0,0,failure,False,121,467,0,0,,,,,,,failure,False,121,477,0,0,success,True,322,469,1,2,,,,,,,failure,False,203,476,0,0,success,True,298,465,1,2,timeout,False,621,472,1,1,failure,False,243,479,0,0,success,True,274,471,1,2,failure,False,111,468,0,0,timeout,False,422,470,1,1,success,True,285,474,1,2,success,True,303,473,1,2
33,32,-0.11443455642163754,-0.0889,0.21589999999999998,-0.7853981633974483,0.0,0.19049999999999997,-0.2413,-1.5707963267948966,1.0,32,failure,False,219,484,0,0,failure,False,639,482,1,1,,,,,,,failure,False,101,492,0,0,failure,False,331,483,0,0,,,,,,,failure,False,431,481,0,0,failure,False,289,486,1,1,,,,,,,failure,False,626,480,0,0,success,True,290,487,1,2,failure,False,542,494,1,1,timeout,False,577,488,1,1,failure,False,433,489,1,1,success,True,473,493,1,2,failure,False,509,485,1,1,failure,False,331,491,1,1,success,True,275,490,1,2
34,33,0.11917507110238076,0.2159,0.0127,-2.356194490192345,2.0,-0.0889,-0.11429999999999998,-1.5707963267948966,1.0,33,timeout,False,601,496,0,0,failure,False,85,497,0,0,,,,,,,success,True,298,499,1,2,timeout,False,741,508,0,0,,,,,,,success,True,263,504,1,2,timeout,False,469,502,1,1,,,,,,,timeout,False,819,498,1,1,success,True,307,507,1,2,success,True,301,506,1,2,failure,False,654,509,1,1,success,True,280,501,1,2,success,True,234,503,1,2,failure,False,499,505,0,0,timeout,False,850,495,1,1,failure,False,111,500,0,0
35,34,0.16951491795778276,-0.012700000000000017,0.16509999999999997,-0.7853981633974483,0.0,0.038099999999999995,-0.0635,-2.356194490192345,2.0,34,failure,False,315,511,1,1,failure,False,151,512,0,0,,,,,,,failure,False,120,518,0,0,failure,False,264,523,1,1,,,,,,,failure,False,126,515,0,0,timeout,False,850,516,1,1,,,,,,,timeout,False,850,520,1,1,failure,False,331,510,1,1,success,True,275,514,1,2,failure,False,171,524,0,0,timeout,False,419,517,1,1,timeout,False,850,522,1,1,failure,False,558,519,0,0,timeout,False,850,521,1,1,failure,False,181,513,0,0
36,35,0.03531937734782695,0.11429999999999998,0.1143,-2.356194490192345,2.0,0.0889,-0.1651,-0.7853981633974483,0.0,35,failure,False,189,536,1,1,failure,False,188,531,1,1,,,,,,,failure,False,271,539,1,1,timeout,False,430,537,0,0,,,,,,,success,True,489,534,1,2,timeout,False,850,529,1,1,,,,,,,success,True,370,525,1,2,failure,False,101,535,0,0,success,True,272,530,1,2,success,True,443,532,1,2,failure,False,269,538,1,1,timeout,False,673,527,1,1,success,True,596,533,1,2,success,True,271,528,1,2,success,True,202,526,1,2
37,36,-0.03343555943667889,-0.012700000000000017,0.038099999999999995,-1.5707963267948966,1.0,0.13969999999999996,-0.21589999999999998,-2.356194490192345,2.0,36,failure,False,332,552,0,0,failure,False,136,549,0,0,,,,,,,failure,False,192,546,1,1,failure,False,454,544,1,1,,,,,,,success,True,433,541,1,2,success,True,219,553,1,2,,,,,,,success,True,311,551,1,2,failure,False,221,542,1,1,success,True,181,554,1,2,failure,False,577,548,1,1,failure,False,658,550,1,1,failure,False,356,543,1,1,failure,False,492,540,1,1,failure,False,423,547,1,1,success,True,408,545,1,2
38,37,0.23817629970908163,0.0635,0.2413,-0.7853981633974483,0.0,-0.012700000000000017,-0.0635,-0.7853981633974483,0.0,37,failure,False,212,561,0,0,failure,False,141,569,0,0,,,,,,,timeout,False,537,559,0,0,success,True,480,562,1,2,,,,,,,timeout,False,356,557,0,0,timeout,False,772,565,0,0,,,,,,,success,True,577,560,1,2,success,True,337,558,1,2,timeout,False,382,566,0,0,failure,False,831,567,1,1,failure,False,245,555,0,0,timeout,False,636,556,0,0,timeout,False,433,568,0,0,failure,False,446,563,1,1,success,True,335,564,1,2
39,38,0.0886864471435547,-0.1397,0.08889999999999999,-2.356194490192345,2.0,-0.1397,-0.0127,-2.356194490192345,2.0,38,failure,False,251,581,0,0,failure,False,470,583,1,1,,,,,,,timeout,False,650,575,0,0,timeout,False,468,579,0,0,,,,,,,failure,False,169,571,0,0,timeout,False,428,570,0,0,,,,,,,timeout,False,459,574,1,1,failure,False,224,576,0,0,timeout,False,328,573,1,1,timeout,False,576,578,0,0,failure,False,141,584,0,0,failure,False,134,582,0,0,failure,False,134,572,0,0,failure,False,467,580,1,1,failure,False,240,577,0,0
40,39,-0.08390199891626834,0.19049999999999997,0.1397,-1.5707963267948966,1.0,0.2413,-0.1397,-1.5707963267948966,1.0,39,failure,False,163,597,0,0,failure,False,157,591,0,0,,,,,,,failure,False,265,596,0,0,failure,False,81,588,0,0,,,,,,,failure,False,308,586,1,1,failure,False,302,598,1,1,,,,,,,failure,False,246,592,0,0,timeout,False,530,590,1,1,failure,False,116,593,0,0,failure,False,333,595,0,0,timeout,False,850,594,1,1,failure,False,644,589,1,1,success,True,319,599,1,2,failure,False,602,585,1,1,failure,False,581,587,1,1
41,40,-0.09236477609872817,0.012699999999999989,0.08889999999999999,-0.7853981633974483,0.0,-0.1143,-0.1905,-2.356194490192345,2.0,40,timeout,False,487,612,0,0,failure,False,241,603,1,1,,,,,,,timeout,False,458,605,0,0,failure,False,101,607,0,0,,,,,,,failure,False,101,606,0,0,timeout,False,605,608,0,0,,,,,,,failure,False,106,609,0,0,failure,False,228,611,1,1,failure,False,307,613,1,1,failure,False,708,604,0,0,timeout,False,517,600,0,0,failure,False,345,610,1,1,failure,False,365,601,0,0,success,True,311,614,1,2,timeout,False,499,602,1,1
42,41,0.03994289297759532,0.0889,0.16509999999999997,-1.5707963267948966,1.0,0.1651,-0.038099999999999995,-0.7853981633974483,0.0,41,timeout,False,281,625,0,0,timeout,False,269,627,1,1,,,,,,,failure,False,185,622,0,0,failure,False,258,618,0,0,,,,,,,success,True,759,621,1,2,failure,False,283,626,1,1,,,,,,,failure,False,463,620,1,1,timeout,False,607,616,1,1,failure,False,460,617,1,1,success,True,309,628,1,2,failure,False,219,623,1,1,failure,False,298,619,1,1,failure,False,416,629,1,1,failure,False,422,615,1,1,failure,False,188,624,1,1
43,42,0.1920687643915415,-0.1143,0.0635,-1.5707963267948966,1.0,0.0635,-0.11429999999999998,-2.356194490192345,2.0,42,failure,False,209,634,0,0,failure,False,147,638,0,0,,,,,,,failure,False,231,632,0,0,failure,False,231,633,0,0,,,,,,,failure,False,301,641,1,1,failure,False,334,630,1,1,,,,,,,failure,False,172,636,0,0,success,True,390,639,1,2,failure,False,163,640,0,0,failure,False,214,642,0,0,failure,False,626,631,1,1,failure,False,542,644,1,1,failure,False,517,637,1,1,failure,False,240,635,1,1,failure,False,108,643,0,0
44,43,-0.04442169277071953,0.2413,0.2413,-2.356194490192345,2.0,-0.012700000000000017,-0.21589999999999998,-0.7853981633974483,0.0,43,failure,False,141,657,0,0,failure,False,185,655,0,0,,,,,,,failure,False,190,659,0,0,timeout,False,548,651,0,0,,,,,,,failure,False,149,645,0,0,failure,False,171,654,0,0,,,,,,,failure,False,173,646,0,0,failure,False,96,647,0,0,failure,False,158,648,0,0,timeout,False,850,653,0,0,success,True,441,650,1,2,failure,False,586,649,1,1,failure,False,187,656,0,0,failure,False,155,652,0,0,failure,False,616,658,1,1
45,44,-0.011440202260017407,-0.1143,0.19049999999999997,-2.356194490192345,2.0,-0.0635,-0.1651,-1.5707963267948966,1.0,44,failure,False,321,666,0,0,timeout,False,441,662,0,0,,,,,,,success,True,400,663,1,2,timeout,False,336,672,0,0,,,,,,,timeout,False,425,674,0,0,timeout,False,425,671,0,0,,,,,,,success,True,332,669,1,2,failure,False,299,661,1,1,timeout,False,284,660,0,0,timeout,False,359,673,0,0,timeout,False,850,665,1,1,failure,False,456,664,0,0,timeout,False,614,670,0,0,failure,False,748,668,0,0,timeout,False,550,667,0,0
46,45,0.15906814199388028,0.1651,0.1143,-1.5707963267948966,1.0,0.11429999999999998,-0.0127,-1.5707963267948966,1.0,45,failure,False,92,676,0,0,timeout,False,514,687,0,0,,,,,,,failure,False,387,675,1,1,failure,False,538,678,0,0,,,,,,,failure,False,154,688,0,0,failure,False,455,679,0,0,,,,,,,failure,False,128,682,0,0,timeout,False,462,689,1,1,failure,False,288,677,1,1,failure,False,140,683,0,0,failure,False,314,686,1,1,failure,False,176,681,1,1,failure,False,162,685,0,0,success,True,252,684,1,2,failure,False,167,680,0,0
47,46,0.11096746321022508,-0.038099999999999995,0.19049999999999997,-2.356194490192345,2.0,0.2159,-0.0889,-2.356194490192345,2.0,46,failure,False,181,704,0,0,timeout,False,324,702,0,0,,,,,,,failure,False,121,700,0,0,failure,False,403,698,1,1,,,,,,,timeout,False,499,701,1,1,timeout,False,504,693,0,0,,,,,,,failure,False,125,692,0,0,timeout,False,554,695,0,0,timeout,False,431,699,0,0,failure,False,599,691,1,1,failure,False,540,697,1,1,failure,False,491,703,0,0,timeout,False,739,690,1,1,timeout,False,688,696,0,0,failure,False,347,694,1,1
48,47,-0.16332059295773504,0.0889,0.0127,-0.7853981633974483,0.0,-0.1651,-0.1905,-0.7853981633974483,0.0,47,timeout,False,517,717,0,0,timeout,False,794,716,0,0,,,,,,,failure,False,591,718,1,1,failure,False,262,719,0,0,,,,,,,failure,False,311,709,1,1,failure,False,377,715,0,0,,,,,,,failure,False,113,710,0,0,failure,False,160,708,0,0,failure,False,692,707,1,1,failure,False,277,713,0,0,failure,False,541,706,1,1,failure,False,131,705,0,0,failure,False,768,711,1,1,failure,False,102,712,0,0,failure,False,578,714,1,1
49,48,-0.1452523148447275,-0.0635,0.1397,-2.356194490192345,2.0,0.0889,-0.0127,-1.5707963267948966,1.0,48,failure,False,120,732,0,0,failure,False,211,731,0,0,,,,,,,timeout,False,850,724,0,0,failure,False,194,726,0,0,,,,,,,failure,False,398,729,0,0,timeout,False,322,722,0,0,,,,,,,success,True,339,730,1,2,failure,False,421,728,0,0,failure,False,433,727,1,1,timeout,False,850,723,0,0,success,True,500,733,1,2,timeout,False,355,734,1,1,failure,False,595,721,0,0,timeout,False,805,725,1,1,failure,False,330,720,0,0
50,49,0.08964899437427518,0.0635,0.0635,-1.5707963267948966,1.0,0.012699999999999989,-0.1397,-1.5707963267948966,1.0,49,timeout,False,529,743,1,1,timeout,False,591,749,0,0,,,,,,,failure,False,184,747,1,1,timeout,False,652,742,1,1,,,,,,,timeout,False,339,737,0,0,timeout,False,552,744,0,0,,,,,,,failure,False,190,745,1,1,timeout,False,715,740,0,0,success,True,173,739,1,2,timeout,False,513,741,0,0,timeout,False,850,748,1,1,success,True,188,736,1,2,failure,False,589,738,1,1,success,True,191,746,1,2,success,True,224,735,1,2
