display_round,policy_name,policy_label,policy_id,model_id,episodes,successes,success_rate,wilson_lo,wilson_hi,timeouts,early_failures,mean_success_steps,mean_timeout_steps,mean_failure_steps,max_score,graded_episodes,graded_successes,mean_score,score_0,score_1,score_2,ge1_count,ge1_rate,ge1_wilson_lo,ge1_wilson_hi,ge2_count,ge2_rate,ge2_wilson_lo,ge2_wilson_hi
R0,baseline_r00_dp,HG-DAgger baseline,0,hf://mulligan/real-routing-d2-r00-baseline-dp,50,1,0.02,0.0035391680889764604,0.10495686471836953,8,41,313.0,501.25,179.659,2,50,1,0.22,40,9,1,10,0.2,0.11243629945973886,0.3303737210448524,1,0.02,0.0035391680889764604,0.10495686471836953
R0,mulligan_r00_dp,HG-DAgger mulligan,1,hf://mulligan/real-routing-d2-r00-sobol-dp,50,3,0.06,0.020614596364630478,0.16217343370877002,11,36,278.333,491.0,176.778,2,50,3,0.4,33,14,3,17,0.34,0.2243676963506106,0.47846431458517147,3,0.06,0.020614596364630478,0.16217343370877002
R1,baseline_r02_dp,HG-DAgger baseline,2,hf://mulligan/real-routing-d2-r01-baseline-dp,50,4,0.08,0.031549003255790686,0.18838502545063704,10,36,360.75,578.5,229.056,2,50,4,0.58,25,21,4,25,0.5,0.36644286412332855,0.6335571358766714,4,0.08,0.031549003255790686,0.18838502545063704
R1,mulligan_r02_dp,HG-DAgger mulligan,3,hf://mulligan/real-routing-d2-r01-mulligan-dp,50,3,0.06,0.020614596364630478,0.16217343370877002,14,33,507.0,539.929,232.727,2,50,3,0.44,31,16,3,19,0.38,0.2586259584257722,0.5184980497760643,3,0.06,0.020614596364630478,0.16217343370877002
R2,baseline_r04_dp,HG-DAgger baseline,4,hf://mulligan/real-routing-d2-r02-baseline-dp,50,7,0.14,0.06950745262022862,0.2618645719852809,9,34,427.0,557.111,254.882,2,50,7,0.56,29,14,7,21,0.42,0.2937479723456693,0.5576680331222217,7,0.14,0.06950745262022862,0.2618645719852809
R2,mulligan_r04_dp,HG-DAgger mulligan,5,hf://mulligan/real-routing-d2-r02-mulligan-dp,50,5,0.1,0.04347512399157111,0.2136049033478839,17,28,285.8,575.176,252.679,2,50,5,0.62,24,21,5,26,0.52,0.3851151225880844,0.6520308760449429,5,0.1,0.04347512399157111,0.2136049033478839
R3,baseline_r06_dp,HG-DAgger baseline,6,hf://mulligan/real-routing-d2-r03-baseline-dp,50,8,0.16,0.08337321362087696,0.2851448096176598,13,29,360.75,677.077,303.517,2,50,8,0.7,23,19,8,27,0.54,0.40398634328388083,0.6703056539821737,8,0.16,0.08337321362087696,0.2851448096176598
R3,mulligan_r06_dp,HG-DAgger mulligan,7,hf://mulligan/real-routing-d2-r03-mulligan-dp,50,11,0.22,0.12753786224302288,0.35241815689459555,11,28,342.091,628.909,243.929,2,50,11,0.82,20,19,11,30,0.6,0.4618118910275937,0.7239181021375425,11,0.22,0.12753786224302288,0.35241815689459555
R3,mulligan_r06_idql_n32,HiL-IDQL mulligan,8,hf://mulligan/real-routing-d2-r03-mulligan-idql-critic,50,10,0.2,0.11243629945973886,0.3303737210448524,7,33,241.8,484.571,343.03,2,50,10,0.88,16,24,10,34,0.68,0.5418944286372394,0.792419559060006,10,0.2,0.11243629945973886,0.3303737210448524
R4,baseline_r08_dp,HG-DAgger baseline,9,hf://mulligan/real-routing-d2-r04-baseline-dp,50,4,0.08,0.031549003255790686,0.18838502545063704,16,30,485.0,618.0,402.0,2,50,4,0.4,34,12,4,16,0.32,0.20758044093999403,0.45810557136276076,4,0.08,0.031549003255790686,0.18838502545063704
R4,mulligan_r08_dp,HG-DAgger mulligan,10,hf://mulligan/real-routing-d2-r04-mulligan-dp,50,15,0.3,0.1910338908960936,0.4375061227736339,10,25,379.333,635.1,374.44,2,50,15,1.12,9,26,15,41,0.82,0.6920368054529739,0.902299172675462,15,0.3,0.1910338908960936,0.4375061227736339
R4,mulligan_r08_idql_n32,HiL-IDQL mulligan,11,hf://mulligan/real-routing-d2-r04-mulligan-idql-critic,50,17,0.34,0.2243676963506106,0.47846431458517147,9,24,319.529,665.889,337.125,2,50,17,1.1,12,21,17,38,0.76,0.6258705062480763,0.8570274759812779,17,0.34,0.2243676963506106,0.47846431458517147
R5,baseline_r09_dp,HG-DAgger baseline,12,hf://mulligan/real-routing-d2-r05-baseline-dp,50,9,0.18,0.0977008273245379,0.3079631945470261,15,26,398.222,710.333,381.269,2,50,9,0.74,22,19,9,28,0.56,0.4230578680014353,0.6883801278976466,9,0.18,0.0977008273245379,0.3079631945470261
R5,mulligan_r09_dp,HG-DAgger mulligan,13,hf://mulligan/real-routing-d2-r05-mulligan-dp,50,14,0.28,0.17474014357680362,0.4166538714598967,7,29,337.214,781.571,324.103,2,50,14,0.98,15,21,14,35,0.7,0.562493877226366,0.8089661091039063,14,0.28,0.17474014357680362,0.4166538714598967
R5,mulligan_r09_idql_n32,HiL-IDQL mulligan,14,hf://mulligan/real-routing-d2-r05-mulligan-idql-critic,50,17,0.34,0.2243676963506106,0.47846431458517147,3,30,363.412,565.333,309.433,2,50,17,1.0,17,16,17,33,0.66,0.5215356854148285,0.7756323036493895,17,0.34,0.2243676963506106,0.47846431458517147
