round,arm,arm_label,block,is_pooled,n_blocks,blocks,source_policy_name,source_policy_label,model_id,successes,n,success_rate,wilson_lo,wilson_hi,provenance
R0,baseline,HG-DAgger baseline,pooled,True,1,R0,baseline_r00_dp,HG-DAgger baseline,hf://mulligan/real-routing-d2-r00-baseline-dp,1,50,0.02,0.003539259271646236,0.10495443589637815,"Route Cable 15-arm held-out block: 50 shared Sobol starts (seed 2026090701); all 750 outcomes human-reviewed (an episode that seats only the second clip has no first-clip mark); HG-DAgger DP mulligan/real-routing-d2-r00-baseline-dp, trained on 100 episodes; full success = both clips seated."
R0,mulligan_with_cf,HG-DAgger mulligan,pooled,True,1,R0,mulligan_r00_dp,HG-DAgger mulligan,hf://mulligan/real-routing-d2-r00-sobol-dp,3,50,0.06,0.02061497034897397,0.16217091688838173,"Route Cable 15-arm held-out block: 50 shared Sobol starts (seed 2026090701); all 750 outcomes human-reviewed (an episode that seats only the second clip has no first-clip mark); HG-DAgger+Mulligan DP mulligan/real-routing-d2-r00-sobol-dp, trained on 100 episodes; full success = both clips seated."
R1,baseline,HG-DAgger baseline,pooled,True,1,R1,baseline_r02_dp,HG-DAgger baseline,hf://mulligan/real-routing-d2-r01-baseline-dp,4,50,0.08,0.03154951408859297,0.18838246918342838,"Route Cable 15-arm held-out block: 50 shared Sobol starts (seed 2026090701); all 750 outcomes human-reviewed (an episode that seats only the second clip has no first-clip mark); HG-DAgger DP mulligan/real-routing-d2-r01-baseline-dp, trained on 200 episodes; full success = both clips seated."
R1,mulligan_with_cf,HG-DAgger mulligan,pooled,True,1,R1,mulligan_r02_dp,HG-DAgger mulligan,hf://mulligan/real-routing-d2-r01-mulligan-dp,3,50,0.06,0.02061497034897397,0.16217091688838173,"Route Cable 15-arm held-out block: 50 shared Sobol starts (seed 2026090701); all 750 outcomes human-reviewed (an episode that seats only the second clip has no first-clip mark); HG-DAgger+Mulligan DP mulligan/real-routing-d2-r01-mulligan-dp, trained on 200 episodes; full success = both clips seated."
R2,baseline,HG-DAgger baseline,pooled,True,1,R2,baseline_r04_dp,HG-DAgger baseline,hf://mulligan/real-routing-d2-r02-baseline-dp,7,50,0.14,0.06950833427016294,0.2618619371058554,"Route Cable 15-arm held-out block: 50 shared Sobol starts (seed 2026090701); all 750 outcomes human-reviewed (an episode that seats only the second clip has no first-clip mark); HG-DAgger DP mulligan/real-routing-d2-r02-baseline-dp, trained on 300 episodes; full success = both clips seated."
R2,mulligan_with_cf,HG-DAgger mulligan,pooled,True,1,R2,mulligan_r04_dp,HG-DAgger mulligan,hf://mulligan/real-routing-d2-r02-mulligan-dp,5,50,0.1,0.04347576493189041,0.21360231437479654,"Route Cable 15-arm held-out block: 50 shared Sobol starts (seed 2026090701); all 750 outcomes human-reviewed (an episode that seats only the second clip has no first-clip mark); HG-DAgger+Mulligan DP mulligan/real-routing-d2-r02-mulligan-dp, trained on 300 episodes; full success = both clips seated."
R3,baseline,HG-DAgger baseline,pooled,True,1,R3,baseline_r06_dp,HG-DAgger baseline,hf://mulligan/real-routing-d2-r03-baseline-dp,8,50,0.16,0.08337420678033404,0.2851421606303499,"Route Cable 15-arm held-out block: 50 shared Sobol starts (seed 2026090701); all 750 outcomes human-reviewed (an episode that seats only the second clip has no first-clip mark); HG-DAgger DP mulligan/real-routing-d2-r03-baseline-dp, trained on 400 episodes; full success = both clips seated."
R3,mulligan_with_cf,HG-DAgger mulligan,pooled,True,1,R3,mulligan_r06_dp,HG-DAgger mulligan,hf://mulligan/real-routing-d2-r03-mulligan-dp,11,50,0.22,0.1275391597021442,0.3524154958125367,"Route Cable 15-arm held-out block: 50 shared Sobol starts (seed 2026090701); all 750 outcomes human-reviewed (an episode that seats only the second clip has no first-clip mark); HG-DAgger+Mulligan DP mulligan/real-routing-d2-r03-mulligan-dp, trained on 400 episodes; full success = both clips seated."
R3,final_iql,HiL-IDQL mulligan,pooled,True,1,R3,mulligan_r06_idql_n32,HiL-IDQL mulligan,hf://mulligan/real-routing-d2-r03-mulligan-idql-critic,10,50,0.2,0.1124375001577611,0.3303710593222542,Route Cable 15-arm held-out block: 50 shared Sobol starts (seed 2026090701); all 750 outcomes human-reviewed (an episode that seats only the second clip has no first-clip mark); HG-DAgger+Mulligan DP mulligan/real-routing-d2-r03-mulligan-dp reranked best-of-32 by the same-round FiLM DIVL critic mulligan/real-routing-d2-r03-mulligan-idql-critic; full success = both clips seated.
R4,baseline,HG-DAgger baseline,pooled,True,1,R4,baseline_r08_dp,HG-DAgger baseline,hf://mulligan/real-routing-d2-r04-baseline-dp,4,50,0.08,0.03154951408859297,0.18838246918342838,"Route Cable 15-arm held-out block: 50 shared Sobol starts (seed 2026090701); all 750 outcomes human-reviewed (an episode that seats only the second clip has no first-clip mark); HG-DAgger DP mulligan/real-routing-d2-r04-baseline-dp, trained on 500 episodes; full success = both clips seated."
R4,mulligan_with_cf,HG-DAgger mulligan,pooled,True,1,R4,mulligan_r08_dp,HG-DAgger mulligan,hf://mulligan/real-routing-d2-r04-mulligan-dp,15,50,0.3,0.1910355350088095,0.4375035046445341,"Route Cable 15-arm held-out block: 50 shared Sobol starts (seed 2026090701); all 750 outcomes human-reviewed (an episode that seats only the second clip has no first-clip mark); HG-DAgger+Mulligan DP mulligan/real-routing-d2-r04-mulligan-dp, trained on 500 episodes; full success = both clips seated."
R4,final_iql,HiL-IDQL mulligan,pooled,True,1,R4,mulligan_r08_idql_n32,HiL-IDQL mulligan,hf://mulligan/real-routing-d2-r04-mulligan-idql-critic,17,50,0.34,0.2243694922250009,0.478461739497674,Route Cable 15-arm held-out block: 50 shared Sobol starts (seed 2026090701); all 750 outcomes human-reviewed (an episode that seats only the second clip has no first-clip mark); HG-DAgger+Mulligan DP mulligan/real-routing-d2-r04-mulligan-dp reranked best-of-32 by the same-round FiLM DIVL critic mulligan/real-routing-d2-r04-mulligan-idql-critic; full success = both clips seated.
R5,baseline,HG-DAgger baseline,pooled,True,1,R5,baseline_r09_dp,HG-DAgger baseline,hf://mulligan/real-routing-d2-r05-baseline-dp,9,50,0.18,0.09770192670234178,0.30796053674300783,"Route Cable 15-arm held-out block: 50 shared Sobol starts (seed 2026090701); all 750 outcomes human-reviewed (an episode that seats only the second clip has no first-clip mark); HG-DAgger DP mulligan/real-routing-d2-r05-baseline-dp, trained on 600 episodes; full success = both clips seated."
R5,mulligan_with_cf,HG-DAgger mulligan,pooled,True,1,R5,mulligan_r09_dp,HG-DAgger mulligan,hf://mulligan/real-routing-d2-r05-mulligan-dp,14,50,0.28,0.17474170665911232,0.4166512369595657,"Route Cable 15-arm held-out block: 50 shared Sobol starts (seed 2026090701); all 750 outcomes human-reviewed (an episode that seats only the second clip has no first-clip mark); HG-DAgger+Mulligan DP mulligan/real-routing-d2-r05-mulligan-dp, trained on 600 episodes; full success = both clips seated."
R5,final_iql,HiL-IDQL mulligan,pooled,True,1,R5,mulligan_r09_idql_n32,HiL-IDQL mulligan,hf://mulligan/real-routing-d2-r05-mulligan-idql-critic,17,50,0.34,0.2243694922250009,0.478461739497674,Route Cable 15-arm held-out block: 50 shared Sobol starts (seed 2026090701); all 750 outcomes human-reviewed (an episode that seats only the second clip has no first-clip mark); HG-DAgger+Mulligan DP mulligan/real-routing-d2-r05-mulligan-dp reranked best-of-32 by the same-round FiLM DIVL critic mulligan/real-routing-d2-r05-mulligan-idql-critic; full success = both clips seated.
