round,arm,arm_label,block,is_pooled,n_blocks,blocks,source_policy_name,source_policy_label,model_id,successes,n,success_rate,wilson_lo,wilson_hi,provenance,interval_method,episode_n,episode_sem
R0,baseline,HG-DAgger baseline,pooled,True,1,R0,baseline_r00_dp,HG-DAgger baseline,hf://mulligan/real-routing-d2-r00-baseline-dp,11,100,0.11,0.077142857142857152,0.14285714285714285,"Route Cable 15-arm held-out block: 50 shared Sobol starts (seed 2026090701); all 750 outcomes human-reviewed (an episode that seats only the second clip has no first-clip mark); HG-DAgger DP mulligan/real-routing-d2-r00-baseline-dp, trained on 100 episodes; full success = both clips seated.",episode_score_sem_1se,50,0.03285714285714285
R0,mulligan_with_cf,HG-DAgger mulligan,pooled,True,1,R0,mulligan_r00_dp,HG-DAgger mulligan,hf://mulligan/real-routing-d2-r00-sobol-dp,20,100,0.2,0.15714285714285714,0.24285714285714288,"Route Cable 15-arm held-out block: 50 shared Sobol starts (seed 2026090701); all 750 outcomes human-reviewed (an episode that seats only the second clip has no first-clip mark); HG-DAgger+Mulligan DP mulligan/real-routing-d2-r00-sobol-dp, trained on 100 episodes; full success = both clips seated.",episode_score_sem_1se,50,0.04285714285714286
R1,baseline,HG-DAgger baseline,pooled,True,1,R1,baseline_r02_dp,HG-DAgger baseline,hf://mulligan/real-routing-d2-r01-baseline-dp,29,100,0.29,0.24462177093066115,0.33537822906933878,"Route Cable 15-arm held-out block: 50 shared Sobol starts (seed 2026090701); all 750 outcomes human-reviewed (an episode that seats only the second clip has no first-clip mark); HG-DAgger DP mulligan/real-routing-d2-r01-baseline-dp, trained on 200 episodes; full success = both clips seated.",episode_score_sem_1se,50,0.04537822906933883
R1,mulligan_with_cf,HG-DAgger mulligan,pooled,True,1,R1,mulligan_r02_dp,HG-DAgger mulligan,hf://mulligan/real-routing-d2-r01-mulligan-dp,22,100,0.22,0.17676358299879555,0.26323641700120443,"Route Cable 15-arm held-out block: 50 shared Sobol starts (seed 2026090701); all 750 outcomes human-reviewed (an episode that seats only the second clip has no first-clip mark); HG-DAgger+Mulligan DP mulligan/real-routing-d2-r01-mulligan-dp, trained on 200 episodes; full success = both clips seated.",episode_score_sem_1se,50,0.043236417001204445
R2,baseline,HG-DAgger baseline,pooled,True,1,R2,baseline_r04_dp,HG-DAgger baseline,hf://mulligan/real-routing-d2-r02-baseline-dp,28,100,0.28,0.22817612243652272,0.33182387756347731,"Route Cable 15-arm held-out block: 50 shared Sobol starts (seed 2026090701); all 750 outcomes human-reviewed (an episode that seats only the second clip has no first-clip mark); HG-DAgger DP mulligan/real-routing-d2-r02-baseline-dp, trained on 300 episodes; full success = both clips seated.",episode_score_sem_1se,50,0.051823877563477304
R2,mulligan_with_cf,HG-DAgger mulligan,pooled,True,1,R2,mulligan_r04_dp,HG-DAgger mulligan,hf://mulligan/real-routing-d2-r02-mulligan-dp,31,100,0.31,0.26285714285714284,0.35714285714285715,"Route Cable 15-arm held-out block: 50 shared Sobol starts (seed 2026090701); all 750 outcomes human-reviewed (an episode that seats only the second clip has no first-clip mark); HG-DAgger+Mulligan DP mulligan/real-routing-d2-r02-mulligan-dp, trained on 300 episodes; full success = both clips seated.",episode_score_sem_1se,50,0.04714285714285713
R3,baseline,HG-DAgger baseline,pooled,True,1,R3,baseline_r06_dp,HG-DAgger baseline,hf://mulligan/real-routing-d2-r03-baseline-dp,35,100,0.35,0.29799921507656768,0.40200078492343227,"Route Cable 15-arm held-out block: 50 shared Sobol starts (seed 2026090701); all 750 outcomes human-reviewed (an episode that seats only the second clip has no first-clip mark); HG-DAgger DP mulligan/real-routing-d2-r03-baseline-dp, trained on 400 episodes; full success = both clips seated.",episode_score_sem_1se,50,0.05200078492343227
R3,mulligan_with_cf,HG-DAgger mulligan,pooled,True,1,R3,mulligan_r06_dp,HG-DAgger mulligan,hf://mulligan/real-routing-d2-r03-mulligan-dp,41,100,0.41,0.35524637743789483,0.46475362256210512,"Route Cable 15-arm held-out block: 50 shared Sobol starts (seed 2026090701); all 750 outcomes human-reviewed (an episode that seats only the second clip has no first-clip mark); HG-DAgger+Mulligan DP mulligan/real-routing-d2-r03-mulligan-dp, trained on 400 episodes; full success = both clips seated.",episode_score_sem_1se,50,0.05475362256210514
R3,final_iql,HiL-IDQL mulligan,pooled,True,1,R3,mulligan_r06_idql_n32,HiL-IDQL mulligan,hf://mulligan/real-routing-d2-r03-mulligan-idql-critic,44,100,0.44,0.38921031761533953,0.49078968238466048,Route Cable 15-arm held-out block: 50 shared Sobol starts (seed 2026090701); all 750 outcomes human-reviewed (an episode that seats only the second clip has no first-clip mark); HG-DAgger+Mulligan DP mulligan/real-routing-d2-r03-mulligan-dp reranked best-of-32 by the same-round FiLM DIVL critic mulligan/real-routing-d2-r03-mulligan-idql-critic; full success = both clips seated.,episode_score_sem_1se,50,0.0507896823846605
R4,baseline,HG-DAgger baseline,pooled,True,1,R4,baseline_r08_dp,HG-DAgger baseline,hf://mulligan/real-routing-d2-r04-baseline-dp,20,100,0.2,0.15482460485473745,0.24517539514526257,"Route Cable 15-arm held-out block: 50 shared Sobol starts (seed 2026090701); all 750 outcomes human-reviewed (an episode that seats only the second clip has no first-clip mark); HG-DAgger DP mulligan/real-routing-d2-r04-baseline-dp, trained on 500 episodes; full success = both clips seated.",episode_score_sem_1se,50,0.04517539514526256
R4,mulligan_with_cf,HG-DAgger mulligan,pooled,True,1,R4,mulligan_r08_dp,HG-DAgger mulligan,hf://mulligan/real-routing-d2-r04-mulligan-dp,56,100,0.56,0.51126079397362301,0.6087392060263771,"Route Cable 15-arm held-out block: 50 shared Sobol starts (seed 2026090701); all 750 outcomes human-reviewed (an episode that seats only the second clip has no first-clip mark); HG-DAgger+Mulligan DP mulligan/real-routing-d2-r04-mulligan-dp, trained on 500 episodes; full success = both clips seated.",episode_score_sem_1se,50,0.04873920602637709
R4,final_iql,HiL-IDQL mulligan,pooled,True,1,R4,mulligan_r08_idql_n32,HiL-IDQL mulligan,hf://mulligan/real-routing-d2-r04-mulligan-idql-critic,55,100,0.55,0.49607261117663753,0.6039273888233625,Route Cable 15-arm held-out block: 50 shared Sobol starts (seed 2026090701); all 750 outcomes human-reviewed (an episode that seats only the second clip has no first-clip mark); HG-DAgger+Mulligan DP mulligan/real-routing-d2-r04-mulligan-dp reranked best-of-32 by the same-round FiLM DIVL critic mulligan/real-routing-d2-r04-mulligan-idql-critic; full success = both clips seated.,episode_score_sem_1se,50,0.053927388823362496
R5,baseline,HG-DAgger baseline,pooled,True,1,R5,baseline_r09_dp,HG-DAgger baseline,hf://mulligan/real-routing-d2-r05-baseline-dp,37,100,0.37,0.31691170235410843,0.42308829764589156,"Route Cable 15-arm held-out block: 50 shared Sobol starts (seed 2026090701); all 750 outcomes human-reviewed (an episode that seats only the second clip has no first-clip mark); HG-DAgger DP mulligan/real-routing-d2-r05-baseline-dp, trained on 600 episodes; full success = both clips seated.",episode_score_sem_1se,50,0.05308829764589156
R5,mulligan_with_cf,HG-DAgger mulligan,pooled,True,1,R5,mulligan_r09_dp,HG-DAgger mulligan,hf://mulligan/real-routing-d2-r05-mulligan-dp,49,100,0.49,0.43562038196950204,0.54437961803049795,"Route Cable 15-arm held-out block: 50 shared Sobol starts (seed 2026090701); all 750 outcomes human-reviewed (an episode that seats only the second clip has no first-clip mark); HG-DAgger+Mulligan DP mulligan/real-routing-d2-r05-mulligan-dp, trained on 600 episodes; full success = both clips seated.",episode_score_sem_1se,50,0.05437961803049794
R5,final_iql,HiL-IDQL mulligan,pooled,True,1,R5,mulligan_r09_idql_n32,HiL-IDQL mulligan,hf://mulligan/real-routing-d2-r05-mulligan-idql-critic,50,100,0.5,0.44109849106260485,0.5589015089373951,Route Cable 15-arm held-out block: 50 shared Sobol starts (seed 2026090701); all 750 outcomes human-reviewed (an episode that seats only the second clip has no first-clip mark); HG-DAgger+Mulligan DP mulligan/real-routing-d2-r05-mulligan-dp reranked best-of-32 by the same-round FiLM DIVL critic mulligan/real-routing-d2-r05-mulligan-idql-critic; full success = both clips seated.,episode_score_sem_1se,50,0.058901508937395146
