path,sha256,bytes,task,round,public_round,kind,phase
marker_d2/final/marker_d2_final_dp_vs_iql_heldout_independent_sobol.json,eda964b69e902c2566ce78c45d652e3e3c827b08d35c5ee0f45190817baeb4cf,49285,marker_d2,,,eval,final_dp_vs_iql_heldout_eval
marker_d2/lineage/marker_d2_lineage_eval_independent_sobol.json,4bd8c48c406979ae91b70b3c84f4c20f311f886b340caa97255b12bbd10181ca,27064,marker_d2,,,eval,lineage_20arm_heldout_eval
marker_d2/r00/marker_d2_r0_eval_heldout_sobol50.json,fba63618712964a3cff7dc8d86e728e5d0ea07d1dd256a3cb02009586d6e5cf4,23860,marker_d2,0,0,eval,R0_eval_heldout_sobol50_paired
marker_d2/r00/marker_d2_r0_three_arm_uniform100_sobol100_evalsobol50_scrambled.json,bdd7c403bbc2c03c1d48496283aff17f3d4ae8b2bd4ea95231cbdf7b159c2690,118776,marker_d2,0,0,collection,R0_three_arm_blind_teleop_uniform100_sobol100_evalsobol50
marker_d2/r01/marker_d2_r1_eval_heldout_independent_sobol.json,5735d44e3bdafd87773af5ec02df515545f715131b9eda0cce7e27ce576b99ae,25829,marker_d2,1,1,eval,R1_three_arm_heldout_eval
marker_d2/r01/marker_d2_r1_promote25_fill25_blind_dagger.json,424cdc5fdc4accdb948da1127be09a79963b01a8fd6ee54a54b74fd233573dc8,76890,marker_d2,1,1,collection,R1_two_arm_promote25_fill25_blind_dagger_locked
marker_d2/r01/marker_d2_r1_with_cf_dp_vs_iql_heldout_independent_sobol.json,f69402672ad14148acbef7540d2aa74ce7a9a4071ab2fcecd79608d9d33e8587,25933,marker_d2,1,1,eval,R1_with_cf_dp_vs_iql_heldout_eval
marker_d2/r02/marker_d2_r2_eval_heldout_independent_sobol.json,29b3cb622934b4e7170d967dfb1e534f8958d1950af2ec6906a4fc2f534fce5e,27631,marker_d2,2,2,eval,R2_three_arm_heldout_eval
marker_d2/r02/marker_d2_r2_promote25_fill25_blind_dagger.json,d9612869cb38b8da8397f4ca7c48540999dee7895c24a81f4b06299ac7ea018c,77087,marker_d2,2,2,collection,R2_two_arm_promote25_fill25_blind_dagger_locked
marker_d2/r03/marker_d2_r3_eval_heldout_independent_sobol.json,2ec38d1c2290a08247f4614d8376c778b573e5b440c1592f4dfc8d3b76ed4ed8,26397,marker_d2,3,3,eval,R3_three_arm_heldout_eval
marker_d2/r03/marker_d2_r3_promote25_fill25_blind_dagger.json,e6250c52a9b2b646276c1715fe59763f56ee28f32f0bbdc541819b43ddc127e4,76947,marker_d2,3,3,collection,R3_two_arm_promote25_fill25_blind_dagger_locked
marker_d2/r04/marker_d2_r4_eval_heldout_independent_sobol.json,c2669690c87d69cdec7063bd4a9efd909394c169e234d28670cb4015dedd5115,26652,marker_d2,4,4,eval,R4_three_arm_heldout_eval
marker_d2/r04/marker_d2_r4_iql_eval_independent_sobol.json,bf3c8db75207a62858598059177685064f71be2ba2098b20eaee202a8f005c7a,27118,marker_d2,4,4,eval,R4_iql_three_arm_heldout_eval
marker_d2/r04/marker_d2_r4_promote25_fill25_blind_dagger.json,e7f50ca2575204b4d5821af3991b18d28a69b4674e4c4cafe8e6050819cf2dd0,76090,marker_d2,4,4,collection,R4_two_arm_promote25_fill25_blind_dagger_locked
marker_d2/r05/marker_d2_r5_eval_heldout_independent_sobol.json,96abea11520e03f771147c241094b4929a76e12fc46a17544a9d032bb21e6859,26967,marker_d2,5,5,eval,R5_three_arm_heldout_eval
marker_d2/r05/marker_d2_r5_promote25_fill25_blind_dagger.json,c74fa11fe544d2325f54c627c4f19a4381664e437a93755ca528cf51b2870d92,86079,marker_d2,5,5,collection,R5_two_arm_promote25_fill25_blind_dagger_locked
routing_d2/lineage/routing_d2_lineage_eval_heldout_independent_sobol.json,41ff7dddc034352f351a602cfd2f45030df628ab9ee47032de6957cb4652f82d,36053,routing_d2,,0-5,eval,LINEAGE_15arm_heldout_eval
routing_d2/r00/routing_d2_r0_eval_heldout_independent_sobol.json,7bfe50acec59fa3bed45d7c5b5f7c552db1ef5230f7546e0c3e7936b2eb24313,33146,routing_d2,0,0,eval,R0_two_arm_heldout_eval
routing_d2/r00/routing_d2_r0_three_arm_uniform100_sobol100_evalsobol50_reduced_moves.json,486800d80f974408de19d0197109cc80056ca7a4f0a14bd0c4425d92b72db592,166426,routing_d2,0,0,collection,R0_three_arm_blind_teleop_uniform100_sobol100_evalsobol50
routing_d2/r00/routing_d2_r0_three_arm_uniform100_sobol100_evalsobol50_reduced_moves_swap.json,314a4b9d357e51470cfe515fb34cf2acf66849772dd0a07e0352fbdaee9f7cfd,167038,routing_d2,0,0,collection,R0_three_arm_blind_teleop_uniform100_sobol100_evalsobol50
routing_d2/r00/routing_d2_r0_three_arm_uniform100_sobol100_evalsobol50_scrambled.json,90fbc513bb068c1ae8202ada642041d4805f33cfafbbc0ad345114b110e71980,180641,routing_d2,0,0,collection,R0_three_arm_blind_teleop_uniform100_sobol100_evalsobol50
routing_d2/r01/routing_d2_r1_eval_heldout_independent_sobol.json,c9a95b6bb80ceb58f2bcd2d7ccf0c37e59211cff6c5f9436ee2302aaf818813c,33435,routing_d2,1,,eval,R1_two_arm_heldout_eval
routing_d2/r01/routing_d2_r1_promote25_fill25_blind_dagger.json,e3ca1d55dcec1b78de114435506b082fd2f2eba1e65b0a3046a09ebba47be7d9,88568,routing_d2,1,,collection,R1_two_arm_promote25_fill25_blind_dagger_locked
routing_d2/r02/routing_d2_r2_eval_heldout_independent_sobol.json,b97fc0bf8357386f00c34cb68548e840870f4d13f736884a2b5e4a572585a026,33622,routing_d2,2,1,eval,R2_two_arm_heldout_eval
routing_d2/r02/routing_d2_r2_promote25_fill25_blind_dagger.json,4f30f279ed842ddd734f13e9568ba5d61519333d7cb8cda9a507bd713c787b86,88863,routing_d2,2,1,collection,R2_two_arm_promote25_fill25_blind_dagger_locked
routing_d2/r03/routing_d2_r3_eval_heldout_independent_sobol.json,f045a272b9513e3f6072e0fdb2cdf6b60fa8168f934be7ff04b8fefc43a79e86,33792,routing_d2,3,,eval,R3_two_arm_heldout_eval
routing_d2/r03/routing_d2_r3_promote25_fill25_blind_dagger.json,9a852175dbf0082dd076f74ca2317922d02e54c4dbe6338f2a508bb558f2b513,90342,routing_d2,3,,collection,R3_two_arm_promote25_fill25_blind_dagger_locked
routing_d2/r04/routing_d2_r4_eval_heldout_independent_sobol.json,6a86bb5c682ab83cd4e3ff81815c71fa3d66a3cd6f9ab185a661ee0571408505,34104,routing_d2,4,2,eval,R4_two_arm_heldout_eval
routing_d2/r04/routing_d2_r4_promote25_fill25_blind_dagger.json,32d61203de68bee543fb66b954250bc4a294ea1ab9ac3adff18dc46dc3a43e8a,90324,routing_d2,4,2,collection,R4_two_arm_promote25_fill25_blind_dagger_locked
routing_d2/r05/routing_d2_r5_eval_heldout_independent_sobol.json,8e6137a4a5646583e4a1701f40854aeff071d2a09a484f6186165d2180923f40,34371,routing_d2,5,,eval,R5_two_arm_heldout_eval
routing_d2/r05/routing_d2_r5_promote20_fill30_blind_dagger.json,34f0fb1e41967c09d7ee3376407f0221bcd83d338fcf54320a5a8b53f5860afe,92185,routing_d2,5,,collection,R5_two_arm_promote20_fill30_blind_dagger_locked
routing_d2/r06/routing_d2_r6_eval_heldout_independent_sobol.json,a416c8af9080f4b73d577479981f7a08ec2adb624d899e61add24b71a7eb1888,34528,routing_d2,6,3,eval,R6_two_arm_heldout_eval
routing_d2/r06/routing_d2_r6_promote25_fill25_blind_dagger.json,0bb2575e0e4185d03a7f0be1a261bde8d850886cf488ad671457d10731fdb67a,95205,routing_d2,6,3,collection,R6_two_arm_promote25_fill25_blind_dagger_locked
routing_d2/r07/routing_d2_r7_eval_heldout_independent_sobol.json,39018795618df16cad500bb5b7610d971da2c8b57be160d7998c4b7e978deaa0,34725,routing_d2,7,,eval,R7_two_arm_heldout_eval
routing_d2/r07/routing_d2_r7_promote25_fill25_blind_dagger.json,3d636ba617bd4cfbc09395aa603551699f3270eb9eafa624188eb9aab8fc22ac,95419,routing_d2,7,,collection,R7_two_arm_promote25_fill25_blind_dagger_locked
routing_d2/r08/routing_d2_r8_eval_heldout_independent_sobol.json,fe33e1f5c6d875978d32629cadf3a6dfc6a3515d73d61bd1b11d52212886e9f9,34947,routing_d2,8,4,eval,R8_two_arm_heldout_eval
routing_d2/r08/routing_d2_r8_promote25_fill25_blind_dagger.json,b34a6910e26319b9c65f5d9a431e9de2e43c47c7e36d1b2b9ff90cc4bc9ff292,110971,routing_d2,8,4,collection,R8_two_arm_promote25_fill25_blind_dagger_locked
routing_d2/r09/routing_d2_r9_eval_heldout_independent_sobol.json,4c0d71533984c9dda59e1b52a60b85625709f1e2f9a495c0743fbc8f35d86600,35242,routing_d2,9,5,eval,R9_two_arm_heldout_eval
routing_d2/r09/routing_d2_r9_promote50_fill50_blind_dagger.json,f468c747977c33541cc5b6189206456e9285990e94466b9d3c833dd2924b12fd,217107,routing_d2,9,5,collection,routing_d2_r9_promote50_fill50_locked
square_d2/final/square_d2_final_dp_vs_iql_heldout_independent_sobol.json,13f93dd61727ba715d8d07940e364692b817425fbd9a031bc94772a499f96d6e,48110,square_d2,,,eval,final_dp_vs_iql_heldout_eval
square_d2/r00/square_d2_r0_eval_heldout_sobol50.json,c53f314169dde2f8405da1b0ce49073557f8bfd2f4d96f4ef4c4d0935a7c5c41,29745,square_d2,0,0,eval,R0_eval_heldout_sobol50_paired
square_d2/r00/square_d2_r0_three_arm_uniform100_sobol100_evalsobol50_scrambled.json,dfb81a6dc5f52f209867e2d471c49ea3e41cac033b08ef4c9a105cd066914b80,115937,square_d2,0,0,collection,R0_three_arm_blind_teleop_uniform100_sobol100_evalsobol50
square_d2/r01/square_d2_r1_eval_heldout_independent_sobol.json,50eaee59d93c2d9c85c83133256af444c767660742138d8e0be73238dfbac2bf,25076,square_d2,1,1,eval,R1_three_arm_heldout_eval
square_d2/r01/square_d2_r1_promote25_fill25_blind_dagger.json,458ddb3321f546e0555b84f05c3ad2f79bf194c87c7d23297493e09abe4987e4,75215,square_d2,1,1,collection,R1_two_arm_promote25_fill25_blind_dagger_locked
square_d2/r02/square_d2_r2_eval_heldout_independent_sobol.json,de6f2bccc09c5999f9e8676959192b08c3fb4717a783843c123a7173f3cff59d,25309,square_d2,2,2,eval,R2_three_arm_heldout_eval
square_d2/r02/square_d2_r2_promote25_fill25_blind_dagger.json,c763ae481423e914369ed7d626f96c38496ebdfa3e406307f55aecf9e8d80b58,75314,square_d2,2,2,collection,R2_two_arm_promote25_fill25_blind_dagger_locked
square_d2/r03/square_d2_r3_eval_heldout_independent_sobol.json,a5a2e537a031a74ac04de0782e145b3693b2e6dbb3f20936fa7cc92a652c5f18,26253,square_d2,3,3,eval,R3_three_arm_heldout_eval
square_d2/r03/square_d2_r3_promote25_fill25_blind_dagger.json,f783dab9d5dae978933f22941e838d9ed95ea72798a59398bf16395920f20eaa,74879,square_d2,3,3,collection,R3_two_arm_promote25_fill25_blind_dagger_locked
square_d2/r04/square_d2_r4_eval_heldout_independent_sobol.json,7fd64839e4d389a20634d7dd069ea7d169249dc9e84eea1ab2517f71f523479b,25850,square_d2,4,4,eval,R4_three_arm_heldout_eval
square_d2/r04/square_d2_r4_promote25_fill25_blind_dagger.json,c7274a98b4bcce4b1f8de64d47ef0ece8f335a2b71d50481bd199a0077e07942,74770,square_d2,4,4,collection,R4_two_arm_promote25_fill25_blind_dagger_locked
square_d2/r05/square_d2_r5_eval_heldout_independent_sobol.json,4b76fddf3a0e852da36f0f466c776aceaa579c385e594173eaf549789b32ff70,26068,square_d2,5,5,eval,R5_three_arm_heldout_eval
square_d2/r05/square_d2_r5_promote25_fill25_blind_dagger.json,a2f1305cebb0225ce8553236310e1bc5d3ad7272febdf1afedf86dbe1c548b07,74313,square_d2,5,5,collection,R5_two_arm_promote25_fill25_blind_dagger_locked
square_d2/r05/square_d2_r5_repeat_eval_heldout_independent_sobol.json,2794a2bd3f0d963404a13780c5a67c6bc6bbc21ac2c011f4c6915df177b96293,26182,square_d2,5,5,eval,R5_repeat_three_arm_heldout_eval
