arm,k,pooled_mean,pooled_sd,block_1_mean,block_1_sd,block_2_mean,block_2_sd,n_resamples
incumbent_final,2,0.7138981481481481,0.01215405725187091,0.5341491841491841,0.02815861428838117,0.7394909688013136,0.02247416039215907,20
incumbent_final,4,0.7157407407407408,0.00968467175184658,0.5271561771561771,0.021733081200802255,0.7417898193760263,0.01882173835550974,20
incumbent_final,8,0.7192037037037038,0.008715142207887588,0.5435897435897437,0.024298393343660553,0.7402298850574712,0.020081235791409444,20
incumbent_final,12,0.7189907407407408,0.006327123607239674,0.5472027972027972,0.015599874999481777,0.7405582922824301,0.015937058204992992,20
incumbent_final,16,0.7176481481481483,0.006397900247113615,0.5396270396270395,0.02230344153794457,0.734646962233169,0.014148216242061076,20
incumbent_final,24,0.7171203703703705,0.0033160431202426547,0.5453379953379953,0.009792290821116522,0.7330870279146142,0.0076222142504972865,20
incumbent_final,32,0.7183333333333334,0.0,0.5501165501165501,0.0,0.729064039408867,0.0,1
incumbent_c100k,2,0.6835462962962964,0.01153233585329513,0.5456876456876456,0.025745707061026708,0.711904761904762,0.021550590321258428,20
incumbent_c100k,4,0.6921111111111111,0.007679582964786008,0.5557109557109555,0.013276485655849084,0.7147783251231528,0.012920017722161082,20
incumbent_c100k,8,0.6895648148148148,0.005400069539256566,0.5488344988344989,0.015488015173174646,0.7099343185550084,0.011957304354845445,20
incumbent_c100k,12,0.6913611111111112,0.006075167866738621,0.5537296037296038,0.015417690659032987,0.712889983579639,0.011509197415866807,20
incumbent_c100k,16,0.6925185185185186,0.006824620562066916,0.5564102564102563,0.01764647284036377,0.7128078817733992,0.011351446918032412,20
incumbent_c100k,24,0.6941944444444446,0.003939387734174511,0.5641025641025641,0.008937197908009698,0.7138752052545156,0.007021984668877955,20
incumbent_c100k,32,0.6951851851851852,0.0,0.5687645687645687,0.0,0.7142857142857143,0.0,1
h96nstep_final,2,0.7186574074074075,0.015680043649858044,0.5326340326340325,0.03279596851901201,0.7753694581280788,0.01721085733760775,20
h96nstep_final,4,0.7180462962962962,0.009263790557902617,0.5273892773892773,0.025158362483939063,0.7701970443349754,0.01849369383221679,20
h96nstep_final,8,0.7242685185185185,0.007042754743412359,0.5400932400932401,0.027904931182133202,0.7853858784893267,0.014040129039806717,20
h96nstep_final,12,0.7225833333333334,0.006496668714777978,0.5262237762237763,0.020036792191695282,0.7824302134646961,0.011167052962836996,20
h96nstep_final,16,0.7253981481481481,0.005468225650935344,0.543006993006993,0.01865493752765042,0.7798029556650246,0.010665653490348122,20
h96nstep_final,24,0.7264814814814814,0.005508753478183783,0.5375291375291376,0.013296933050770772,0.7790640394088669,0.006898017672018065,20
h96nstep_final,32,0.7255555555555555,0.0,0.5454545454545454,0.0,0.7750410509031199,0.0,1
utd600k@75000,2,0.7491388888888889,0.007398901366190248,0.6025641025641025,0.02229125719311939,0.7518883415435139,0.021671766707249775,20
utd600k@75000,4,0.7503148148148149,0.010404391944852544,0.6142191142191142,0.031156180992930722,0.7498357963875205,0.014826367813312815,20
utd600k@75000,8,0.7526944444444443,0.007180189892067301,0.6385780885780886,0.025283317548121607,0.739983579638752,0.012114120815130957,20
utd600k@75000,12,0.750787037037037,0.005208569953472788,0.6392773892773892,0.01871890663960054,0.7362889983579639,0.010246621190031314,20
utd600k@75000,16,0.7514074074074074,0.004600053676552101,0.6417249417249418,0.01377265384309785,0.7339901477832511,0.007470813245370977,20
utd600k@75000,24,0.7495462962962962,0.0037136325248323054,0.6440559440559441,0.013022356851714151,0.7326765188834153,0.006518697287776414,20
utd600k@75000,32,0.7490740740740741,0.0,0.6480186480186481,0.0,0.729064039408867,0.0,1
