cell_key,task_key,n_seeds,scalar_sr_mean,divl_sr_mean,delta_pp_mean,delta_pp_se
square_broad_r0_baseline_uniform,square_broad,5,49.09466,49.0299998,-0.06466020000000014,0.07508791159261288
square_broad_r0_first100_baseline_uniform,square_broad,5,20.30934,19.9926666,-0.3166733999999998,0.10104366900187278
square_broad_r0_first100_sobol,square_broad,5,23.57932,23.6946668,0.11534679999999894,0.12993932961286178
square_broad_r0_sobol,square_broad,5,52.537980000000005,52.5560002,0.018020199999997998,0.11754559464879985
square_broad_r1_baseline_uniform_no_cf_human_only,square_broad,5,63.43932,63.2246666,-0.21465339999999883,0.20288616682874142
square_broad_r1_baseline_uniform_no_cf_straddled_auto_success,square_broad,5,61.704679999999996,61.8006666,0.09598660000000195,0.14457774779460408
square_broad_r1_mulligan_no_cf_human_only,square_broad,5,69.60664,69.7233334,0.11669339999999977,0.2020904520813893
square_broad_r1_mulligan_with_cf_human_only,square_broad,5,71.67466,71.744,0.0693399999999997,0.1998422768084862
square_broad_r1_sobol_no_cf_human_only,square_broad,5,70.68066,70.688,0.007339999999996394,0.1199802712486507
square_broad_r1_sobol_with_cf_human_only,square_broad,5,69.87332,69.892,0.018679999999997678,0.22062180601155515
square_broad_r2_baseline_uniform_no_cf_human_only,square_broad,5,70.51732,70.5753334,0.05801339999999868,0.13105500635061615
square_broad_r2_mulligan_no_cf_human_only,square_broad,5,81.27334,81.2466666,-0.026673399999998536,0.09608887056501436
square_broad_r2_mulligan_with_cf_human_only,square_broad,5,82.47932,82.3626668,-0.11665320000000179,0.15059994821161107
square_broad_r2_sobol_no_cf_human_only,square_broad,5,75.824,76.0053334,0.18133339999999976,0.16535742754548355
square_broad_r2_sobol_with_cf_human_only,square_broad,5,78.01,78.17999999999999,0.16999999999999887,0.08173769019124284
square_broad_r3_baseline_uniform_no_cf_human_only,square_broad,5,78.58536,78.5513332,-0.034026799999998046,0.18089412618805517
square_broad_r3_mulligan_no_cf_human_only,square_broad,5,86.12066,86.0213332,-0.09932680000000005,0.06832239002142673
square_broad_r3_mulligan_with_cf_human_only,square_broad,5,86.28798,86.352,0.06402000000000214,0.09416595610357212
square_narrow_r0_baseline_uniform,square_narrow,5,70.6225,70.7975,0.175,0.3405877273185263
square_narrow_r0_sobol,square_narrow,5,79.4975,79.0275,-0.46999999999999886,0.2814471531211495
square_narrow_r1_baseline_uniform_no_cf_human_only,square_narrow,5,85.4325,85.73,0.2974999999999966,0.3202635633349495
square_narrow_r1_baseline_uniform_no_cf_straddled_auto_success,square_narrow,5,82.7675,82.3725,-0.3950000000000017,0.24117550663365392
square_narrow_r1_mulligan_no_cf_human_only,square_narrow,5,92.1325,92.685,0.5525000000000034,0.22556872566913802
square_narrow_r1_mulligan_with_cf_human_only,square_narrow,5,93.395,93.525,0.12999999999999828,0.06417748826496826
square_narrow_r1_sobol_no_cf_human_only,square_narrow,5,89.4025,89.59,0.18750000000000283,0.13328775262566547
square_narrow_r1_sobol_with_cf_human_only,square_narrow,5,91.4925,91.485,-0.0074999999999988635,0.2506429232992636
square_narrow_r2_baseline_uniform_no_cf_human_only,square_narrow,5,92.28999999999999,92.2325,-0.05749999999999602,0.14521535731457572
square_narrow_r2_mulligan_no_cf_human_only,square_narrow,5,94.5275,94.46000000000001,-0.0674999999999983,0.07619875327064132
square_narrow_r2_mulligan_with_cf_human_only,square_narrow,5,95.415,95.28,-0.13499999999999943,0.11959567299864894
square_narrow_r3_baseline_uniform_no_cf_human_only,square_narrow,5,94.30749999999999,94.24249999999999,-0.06499999999999773,0.11049604065304781
square_narrow_r3_baseline_uniform_no_cf_human_only_with_c03_rollouts,square_narrow,5,94.355,94.895,0.5400000000000034,0.24954333291033737
square_narrow_r3_mulligan_no_cf_human_only,square_narrow,5,94.45,94.7475,0.2974999999999966,0.15926589402630983
square_narrow_r3_mulligan_with_cf_human_only,square_narrow,5,96.305,96.42999999999999,0.12499999999999716,0.13181426326464105
square_narrow_r3_mulligan_with_cf_human_only_no_c03_rollouts,square_narrow,5,96.215,96.49,0.275,0.1568239458756196
