cell_key,family,task_key,stage,arm,seed,status,parent_run,parent_checkpoint,run,checkpoint,n1_probe_pct,n32_probe_pct,grid_n32_pct,parent_grid_n32_pct,delta_grid_pp
square_narrow_r1_auto_iql_n32,autonomous_iql,square_narrow,r1,auto_iql_n32,1,grid_complete,mulligan/sim-square-narrow-r01-auto-iql-n32-idql/seed-1,mulligan/sim-square-narrow-r01-auto-iql-n32-idql/seed-1,mulligan/sim-square-narrow-r01-auto-iql-n32-divl/seed-1,mulligan/sim-square-narrow-r01-auto-iql-n32-divl/seed-1,74,75.5,74.25,76.075,-1.825
square_narrow_r1_auto_iql_n32,autonomous_iql,square_narrow,r1,auto_iql_n32,2,grid_complete,mulligan/sim-square-narrow-r01-auto-iql-n32-idql/seed-2,mulligan/sim-square-narrow-r01-auto-iql-n32-idql/seed-2,mulligan/sim-square-narrow-r01-auto-iql-n32-divl/seed-2,mulligan/sim-square-narrow-r01-auto-iql-n32-divl/seed-2,77,74.25,72.7625,72.425,0.3375
square_narrow_r1_auto_iql_n32,autonomous_iql,square_narrow,r1,auto_iql_n32,3,grid_complete,mulligan/sim-square-narrow-r01-auto-iql-n32-idql/seed-3,mulligan/sim-square-narrow-r01-auto-iql-n32-idql/seed-3,mulligan/sim-square-narrow-r01-auto-iql-n32-divl/seed-3,mulligan/sim-square-narrow-r01-auto-iql-n32-divl/seed-3,73,70.25,69.8875,68.7625,1.125
square_narrow_r1_auto_iql_n32,autonomous_iql,square_narrow,r1,auto_iql_n32,4,grid_complete,mulligan/sim-square-narrow-r01-auto-iql-n32-idql/seed-4,mulligan/sim-square-narrow-r01-auto-iql-n32-idql/seed-4,mulligan/sim-square-narrow-r01-auto-iql-n32-divl/seed-4,mulligan/sim-square-narrow-r01-auto-iql-n32-divl/seed-4,75.25,78.25,76.725,76.2125,0.5125
square_narrow_r1_auto_iql_n32,autonomous_iql,square_narrow,r1,auto_iql_n32,5,grid_complete,mulligan/sim-square-narrow-r01-auto-iql-n32-idql/seed-5,mulligan/sim-square-narrow-r01-auto-iql-n32-idql/seed-5,mulligan/sim-square-narrow-r01-auto-iql-n32-divl/seed-5,mulligan/sim-square-narrow-r01-auto-iql-n32-divl/seed-5,79.25,78.75,77.025,76.6875,0.3375
square_narrow_r1_auto_iql_success_bc_n32,autonomous_iql,square_narrow,r1,auto_iql_success_bc_n32,1,grid_complete,mulligan/sim-square-narrow-r01-auto-iql-success-bc-n32-idql/seed-1,mulligan/sim-square-narrow-r01-auto-iql-success-bc-n32-idql/seed-1,mulligan/sim-square-narrow-r01-auto-iql-success-bc-n32-divl/seed-1,mulligan/sim-square-narrow-r01-auto-iql-success-bc-n32-divl/seed-1,74.5,74.5,74.9875,74.8,0.1875
square_narrow_r1_auto_iql_success_bc_n32,autonomous_iql,square_narrow,r1,auto_iql_success_bc_n32,2,grid_complete,mulligan/sim-square-narrow-r01-auto-iql-success-bc-n32-idql/seed-2,mulligan/sim-square-narrow-r01-auto-iql-success-bc-n32-idql/seed-2,mulligan/sim-square-narrow-r01-auto-iql-success-bc-n32-divl/seed-2,mulligan/sim-square-narrow-r01-auto-iql-success-bc-n32-divl/seed-2,71.25,72.5,72.2375,73.275,-1.0375
square_narrow_r1_auto_iql_success_bc_n32,autonomous_iql,square_narrow,r1,auto_iql_success_bc_n32,3,grid_complete,mulligan/sim-square-narrow-r01-auto-iql-success-bc-n32-idql/seed-3,mulligan/sim-square-narrow-r01-auto-iql-success-bc-n32-idql/seed-3,mulligan/sim-square-narrow-r01-auto-iql-success-bc-n32-divl/seed-3,mulligan/sim-square-narrow-r01-auto-iql-success-bc-n32-divl/seed-3,71.75,74.25,70.55,70.5625,-0.0125
square_narrow_r1_auto_iql_success_bc_n32,autonomous_iql,square_narrow,r1,auto_iql_success_bc_n32,4,grid_complete,mulligan/sim-square-narrow-r01-auto-iql-success-bc-n32-idql/seed-4,mulligan/sim-square-narrow-r01-auto-iql-success-bc-n32-idql/seed-4,mulligan/sim-square-narrow-r01-auto-iql-success-bc-n32-divl/seed-4,mulligan/sim-square-narrow-r01-auto-iql-success-bc-n32-divl/seed-4,73.75,74.5,74.325,73.9375,0.3875
square_narrow_r1_auto_iql_success_bc_n32,autonomous_iql,square_narrow,r1,auto_iql_success_bc_n32,5,grid_complete,mulligan/sim-square-narrow-r01-auto-iql-success-bc-n32-idql/seed-5,mulligan/sim-square-narrow-r01-auto-iql-success-bc-n32-idql/seed-5,mulligan/sim-square-narrow-r01-auto-iql-success-bc-n32-divl/seed-5,mulligan/sim-square-narrow-r01-auto-iql-success-bc-n32-divl/seed-5,73.5,74.25,72.4,73.4,-1
square_narrow_r2_auto_iql_n32,autonomous_iql,square_narrow,r2,auto_iql_n32,1,grid_complete,mulligan/sim-square-narrow-r02-auto-iql-n32-idql/seed-1,mulligan/sim-square-narrow-r02-auto-iql-n32-idql/seed-1,mulligan/sim-square-narrow-r02-auto-iql-n32-divl/seed-1,mulligan/sim-square-narrow-r02-auto-iql-n32-divl/seed-1,76.25,78.25,78.0375,79.85,-1.8125
square_narrow_r2_auto_iql_n32,autonomous_iql,square_narrow,r2,auto_iql_n32,2,grid_complete,mulligan/sim-square-narrow-r02-auto-iql-n32-idql/seed-2,mulligan/sim-square-narrow-r02-auto-iql-n32-idql/seed-2,mulligan/sim-square-narrow-r02-auto-iql-n32-divl/seed-2,mulligan/sim-square-narrow-r02-auto-iql-n32-divl/seed-2,78.5,80,78.875,79.475,-0.6
square_narrow_r2_auto_iql_n32,autonomous_iql,square_narrow,r2,auto_iql_n32,3,grid_complete,mulligan/sim-square-narrow-r02-auto-iql-n32-idql/seed-3,mulligan/sim-square-narrow-r02-auto-iql-n32-idql/seed-3,mulligan/sim-square-narrow-r02-auto-iql-n32-divl/seed-3,mulligan/sim-square-narrow-r02-auto-iql-n32-divl/seed-3,78.25,79.75,80.1875,80.95,-0.7625
square_narrow_r2_auto_iql_n32,autonomous_iql,square_narrow,r2,auto_iql_n32,4,grid_complete,mulligan/sim-square-narrow-r02-auto-iql-n32-idql/seed-4,mulligan/sim-square-narrow-r02-auto-iql-n32-idql/seed-4,mulligan/sim-square-narrow-r02-auto-iql-n32-divl/seed-4,mulligan/sim-square-narrow-r02-auto-iql-n32-divl/seed-4,73.5,78.75,77.675,77.2875,0.3875
square_narrow_r2_auto_iql_n32,autonomous_iql,square_narrow,r2,auto_iql_n32,5,grid_complete,mulligan/sim-square-narrow-r02-auto-iql-n32-idql/seed-5,mulligan/sim-square-narrow-r02-auto-iql-n32-idql/seed-5,mulligan/sim-square-narrow-r02-auto-iql-n32-divl/seed-5,mulligan/sim-square-narrow-r02-auto-iql-n32-divl/seed-5,76.25,74.75,76.95,76.7625,0.1875
square_narrow_r2_auto_iql_success_bc_n32,autonomous_iql,square_narrow,r2,auto_iql_success_bc_n32,1,grid_complete,mulligan/sim-square-narrow-r02-auto-iql-success-bc-n32-idql/seed-1,mulligan/sim-square-narrow-r02-auto-iql-success-bc-n32-idql/seed-1,mulligan/sim-square-narrow-r02-auto-iql-success-bc-n32-divl/seed-1,mulligan/sim-square-narrow-r02-auto-iql-success-bc-n32-divl/seed-1,72,76.75,72.9625,73.075,-0.1125
square_narrow_r2_auto_iql_success_bc_n32,autonomous_iql,square_narrow,r2,auto_iql_success_bc_n32,2,grid_complete,mulligan/sim-square-narrow-r02-auto-iql-success-bc-n32-idql/seed-2,mulligan/sim-square-narrow-r02-auto-iql-success-bc-n32-idql/seed-2,mulligan/sim-square-narrow-r02-auto-iql-success-bc-n32-divl/seed-2,mulligan/sim-square-narrow-r02-auto-iql-success-bc-n32-divl/seed-2,74.25,76.25,75.6,76.2125,-0.6125
square_narrow_r2_auto_iql_success_bc_n32,autonomous_iql,square_narrow,r2,auto_iql_success_bc_n32,3,grid_complete,mulligan/sim-square-narrow-r02-auto-iql-success-bc-n32-idql/seed-3,mulligan/sim-square-narrow-r02-auto-iql-success-bc-n32-idql/seed-3,mulligan/sim-square-narrow-r02-auto-iql-success-bc-n32-divl/seed-3,mulligan/sim-square-narrow-r02-auto-iql-success-bc-n32-divl/seed-3,73,76,74.6125,74.7,-0.0875
square_narrow_r2_auto_iql_success_bc_n32,autonomous_iql,square_narrow,r2,auto_iql_success_bc_n32,4,grid_complete,mulligan/sim-square-narrow-r02-auto-iql-success-bc-n32-idql/seed-4,mulligan/sim-square-narrow-r02-auto-iql-success-bc-n32-idql/seed-4,mulligan/sim-square-narrow-r02-auto-iql-success-bc-n32-divl/seed-4,mulligan/sim-square-narrow-r02-auto-iql-success-bc-n32-divl/seed-4,73,75.5,72.975,73.8875,-0.9125
square_narrow_r2_auto_iql_success_bc_n32,autonomous_iql,square_narrow,r2,auto_iql_success_bc_n32,5,grid_complete,mulligan/sim-square-narrow-r02-auto-iql-success-bc-n32-idql/seed-5,mulligan/sim-square-narrow-r02-auto-iql-success-bc-n32-idql/seed-5,mulligan/sim-square-narrow-r02-auto-iql-success-bc-n32-divl/seed-5,mulligan/sim-square-narrow-r02-auto-iql-success-bc-n32-divl/seed-5,70.25,71.75,71.75,72.7125,-0.9625
square_narrow_r3_auto_iql_n32,autonomous_iql,square_narrow,r3,auto_iql_n32,1,grid_complete,mulligan/sim-square-narrow-r03-auto-iql-n32-idql/seed-1,mulligan/sim-square-narrow-r03-auto-iql-n32-idql/seed-1,mulligan/sim-square-narrow-r03-auto-iql-n32-divl/seed-1,mulligan/sim-square-narrow-r03-auto-iql-n32-divl/seed-1,74.25,77,78.0625,78.4,-0.3375
square_narrow_r3_auto_iql_n32,autonomous_iql,square_narrow,r3,auto_iql_n32,2,grid_complete,mulligan/sim-square-narrow-r03-auto-iql-n32-idql/seed-2,mulligan/sim-square-narrow-r03-auto-iql-n32-idql/seed-2,mulligan/sim-square-narrow-r03-auto-iql-n32-divl/seed-2,mulligan/sim-square-narrow-r03-auto-iql-n32-divl/seed-2,75.25,79.5,79.475,79.375,0.1
square_narrow_r3_auto_iql_n32,autonomous_iql,square_narrow,r3,auto_iql_n32,3,grid_complete,mulligan/sim-square-narrow-r03-auto-iql-n32-idql/seed-3,mulligan/sim-square-narrow-r03-auto-iql-n32-idql/seed-3,mulligan/sim-square-narrow-r03-auto-iql-n32-divl/seed-3,mulligan/sim-square-narrow-r03-auto-iql-n32-divl/seed-3,78.5,81.5,81.1,82.0375,-0.9375
square_narrow_r3_auto_iql_n32,autonomous_iql,square_narrow,r3,auto_iql_n32,4,grid_complete,mulligan/sim-square-narrow-r03-auto-iql-n32-idql/seed-4,mulligan/sim-square-narrow-r03-auto-iql-n32-idql/seed-4,mulligan/sim-square-narrow-r03-auto-iql-n32-divl/seed-4,mulligan/sim-square-narrow-r03-auto-iql-n32-divl/seed-4,78.25,78,80.15,80.3125,-0.1625
square_narrow_r3_auto_iql_n32,autonomous_iql,square_narrow,r3,auto_iql_n32,5,grid_complete,mulligan/sim-square-narrow-r03-auto-iql-n32-idql/seed-5,mulligan/sim-square-narrow-r03-auto-iql-n32-idql/seed-5,mulligan/sim-square-narrow-r03-auto-iql-n32-divl/seed-5,mulligan/sim-square-narrow-r03-auto-iql-n32-divl/seed-5,74.5,78.25,77.1375,77.9375,-0.8
square_narrow_r3_auto_iql_success_bc_n32,autonomous_iql,square_narrow,r3,auto_iql_success_bc_n32,1,grid_complete,mulligan/sim-square-narrow-r03-auto-iql-success-bc-n32-idql/seed-1,mulligan/sim-square-narrow-r03-auto-iql-success-bc-n32-idql/seed-1,mulligan/sim-square-narrow-r03-auto-iql-success-bc-n32-divl/seed-1,mulligan/sim-square-narrow-r03-auto-iql-success-bc-n32-divl/seed-1,73.25,75.5,76.6,77.1875,-0.5875
square_narrow_r3_auto_iql_success_bc_n32,autonomous_iql,square_narrow,r3,auto_iql_success_bc_n32,2,grid_complete,mulligan/sim-square-narrow-r03-auto-iql-success-bc-n32-idql/seed-2,mulligan/sim-square-narrow-r03-auto-iql-success-bc-n32-idql/seed-2,mulligan/sim-square-narrow-r03-auto-iql-success-bc-n32-divl/seed-2,mulligan/sim-square-narrow-r03-auto-iql-success-bc-n32-divl/seed-2,77.5,77,76.8875,77.05,-0.1625
square_narrow_r3_auto_iql_success_bc_n32,autonomous_iql,square_narrow,r3,auto_iql_success_bc_n32,3,grid_complete,mulligan/sim-square-narrow-r03-auto-iql-success-bc-n32-idql/seed-3,mulligan/sim-square-narrow-r03-auto-iql-success-bc-n32-idql/seed-3,mulligan/sim-square-narrow-r03-auto-iql-success-bc-n32-divl/seed-3,mulligan/sim-square-narrow-r03-auto-iql-success-bc-n32-divl/seed-3,74.5,76.25,77.2375,77.4625,-0.225
square_narrow_r3_auto_iql_success_bc_n32,autonomous_iql,square_narrow,r3,auto_iql_success_bc_n32,4,grid_complete,mulligan/sim-square-narrow-r03-auto-iql-success-bc-n32-idql/seed-4,mulligan/sim-square-narrow-r03-auto-iql-success-bc-n32-idql/seed-4,mulligan/sim-square-narrow-r03-auto-iql-success-bc-n32-divl/seed-4,mulligan/sim-square-narrow-r03-auto-iql-success-bc-n32-divl/seed-4,75.75,78.75,78.725,79.05,-0.325
square_narrow_r3_auto_iql_success_bc_n32,autonomous_iql,square_narrow,r3,auto_iql_success_bc_n32,5,grid_complete,mulligan/sim-square-narrow-r03-auto-iql-success-bc-n32-idql/seed-5,mulligan/sim-square-narrow-r03-auto-iql-success-bc-n32-idql/seed-5,mulligan/sim-square-narrow-r03-auto-iql-success-bc-n32-divl/seed-5,mulligan/sim-square-narrow-r03-auto-iql-success-bc-n32-divl/seed-5,76,79.5,77.3625,77.725,-0.3625
square_broad_r1_auto_iql_n32,autonomous_iql,square_broad,r1,auto_iql_n32,1,grid_complete,mulligan/sim-square-broad-r01-auto-iql-n32-idql/seed-1,mulligan/sim-square-broad-r01-auto-iql-n32-idql/seed-1,mulligan/sim-square-broad-r01-auto-iql-n32-divl/seed-1,mulligan/sim-square-broad-r01-auto-iql-n32-divl/seed-1,59.75,55,52.77,52.41,0.36
square_broad_r1_auto_iql_n32,autonomous_iql,square_broad,r1,auto_iql_n32,2,grid_complete,mulligan/sim-square-broad-r01-auto-iql-n32-idql/seed-2,mulligan/sim-square-broad-r01-auto-iql-n32-idql/seed-2,mulligan/sim-square-broad-r01-auto-iql-n32-divl/seed-2,mulligan/sim-square-broad-r01-auto-iql-n32-divl/seed-2,55.5,58.25,53.176667,52.8767,0.29996667
square_broad_r1_auto_iql_n32,autonomous_iql,square_broad,r1,auto_iql_n32,3,grid_complete,mulligan/sim-square-broad-r01-auto-iql-n32-idql/seed-3,mulligan/sim-square-broad-r01-auto-iql-n32-idql/seed-3,mulligan/sim-square-broad-r01-auto-iql-n32-divl/seed-3,mulligan/sim-square-broad-r01-auto-iql-n32-divl/seed-3,62.5,59.5,58.7,58.7933,-0.0933
square_broad_r1_auto_iql_n32,autonomous_iql,square_broad,r1,auto_iql_n32,4,grid_complete,mulligan/sim-square-broad-r01-auto-iql-n32-idql/seed-4,mulligan/sim-square-broad-r01-auto-iql-n32-idql/seed-4,mulligan/sim-square-broad-r01-auto-iql-n32-divl/seed-4,mulligan/sim-square-broad-r01-auto-iql-n32-divl/seed-4,56.25,56.75,55.483333,55.6833,-0.19996667
square_broad_r1_auto_iql_n32,autonomous_iql,square_broad,r1,auto_iql_n32,5,grid_complete,mulligan/sim-square-broad-r01-auto-iql-n32-idql/seed-5,mulligan/sim-square-broad-r01-auto-iql-n32-idql/seed-5,mulligan/sim-square-broad-r01-auto-iql-n32-divl/seed-5,mulligan/sim-square-broad-r01-auto-iql-n32-divl/seed-5,60.75,59.5,55.856667,55.7867,0.069966667
square_broad_r1_auto_iql_success_bc_n32,autonomous_iql,square_broad,r1,auto_iql_success_bc_n32,1,grid_complete,mulligan/sim-square-broad-r01-auto-iql-success-bc-n32-idql/seed-1,mulligan/sim-square-broad-r01-auto-iql-success-bc-n32-idql/seed-1,mulligan/sim-square-broad-r01-auto-iql-success-bc-n32-divl/seed-1,mulligan/sim-square-broad-r01-auto-iql-success-bc-n32-divl/seed-1,53.75,54,51.13,50.87,0.26
square_broad_r1_auto_iql_success_bc_n32,autonomous_iql,square_broad,r1,auto_iql_success_bc_n32,2,grid_complete,mulligan/sim-square-broad-r01-auto-iql-success-bc-n32-idql/seed-2,mulligan/sim-square-broad-r01-auto-iql-success-bc-n32-idql/seed-2,mulligan/sim-square-broad-r01-auto-iql-success-bc-n32-divl/seed-2,mulligan/sim-square-broad-r01-auto-iql-success-bc-n32-divl/seed-2,56.5,52.5,51.713333,51.5167,0.19663333
square_broad_r1_auto_iql_success_bc_n32,autonomous_iql,square_broad,r1,auto_iql_success_bc_n32,3,grid_complete,mulligan/sim-square-broad-r01-auto-iql-success-bc-n32-idql/seed-3,mulligan/sim-square-broad-r01-auto-iql-success-bc-n32-idql/seed-3,mulligan/sim-square-broad-r01-auto-iql-success-bc-n32-divl/seed-3,mulligan/sim-square-broad-r01-auto-iql-success-bc-n32-divl/seed-3,58.25,55,54.183333,53.9933,0.19003333
square_broad_r1_auto_iql_success_bc_n32,autonomous_iql,square_broad,r1,auto_iql_success_bc_n32,4,grid_complete,mulligan/sim-square-broad-r01-auto-iql-success-bc-n32-idql/seed-4,mulligan/sim-square-broad-r01-auto-iql-success-bc-n32-idql/seed-4,mulligan/sim-square-broad-r01-auto-iql-success-bc-n32-divl/seed-4,mulligan/sim-square-broad-r01-auto-iql-success-bc-n32-divl/seed-4,55.75,56,51.636667,51.41,0.22666667
square_broad_r1_auto_iql_success_bc_n32,autonomous_iql,square_broad,r1,auto_iql_success_bc_n32,5,grid_complete,mulligan/sim-square-broad-r01-auto-iql-success-bc-n32-idql/seed-5,mulligan/sim-square-broad-r01-auto-iql-success-bc-n32-idql/seed-5,mulligan/sim-square-broad-r01-auto-iql-success-bc-n32-divl/seed-5,mulligan/sim-square-broad-r01-auto-iql-success-bc-n32-divl/seed-5,55.75,55,52.953333,52.8967,0.056633333
square_broad_r2_auto_iql_n32,autonomous_iql,square_broad,r2,auto_iql_n32,1,grid_complete,mulligan/sim-square-broad-r02-auto-iql-n32-idql/seed-1,mulligan/sim-square-broad-r02-auto-iql-n32-idql/seed-1,mulligan/sim-square-broad-r02-auto-iql-n32-divl/seed-1,mulligan/sim-square-broad-r02-auto-iql-n32-divl/seed-1,58.5,57.5,56.546667,55.7833,0.76336667
square_broad_r2_auto_iql_n32,autonomous_iql,square_broad,r2,auto_iql_n32,2,grid_complete,mulligan/sim-square-broad-r02-auto-iql-n32-idql/seed-2,mulligan/sim-square-broad-r02-auto-iql-n32-idql/seed-2,mulligan/sim-square-broad-r02-auto-iql-n32-divl/seed-2,mulligan/sim-square-broad-r02-auto-iql-n32-divl/seed-2,58.75,60,55.856667,55.5667,0.28996667
square_broad_r2_auto_iql_n32,autonomous_iql,square_broad,r2,auto_iql_n32,3,grid_complete,mulligan/sim-square-broad-r02-auto-iql-n32-idql/seed-3,mulligan/sim-square-broad-r02-auto-iql-n32-idql/seed-3,mulligan/sim-square-broad-r02-auto-iql-n32-divl/seed-3,mulligan/sim-square-broad-r02-auto-iql-n32-divl/seed-3,62.25,59.75,56.75,56.0433,0.7067
square_broad_r2_auto_iql_n32,autonomous_iql,square_broad,r2,auto_iql_n32,4,grid_complete,mulligan/sim-square-broad-r02-auto-iql-n32-idql/seed-4,mulligan/sim-square-broad-r02-auto-iql-n32-idql/seed-4,mulligan/sim-square-broad-r02-auto-iql-n32-divl/seed-4,mulligan/sim-square-broad-r02-auto-iql-n32-divl/seed-4,63.75,63.75,61.95,62.5933,-0.6433
square_broad_r2_auto_iql_n32,autonomous_iql,square_broad,r2,auto_iql_n32,5,grid_complete,mulligan/sim-square-broad-r02-auto-iql-n32-idql/seed-5,mulligan/sim-square-broad-r02-auto-iql-n32-idql/seed-5,mulligan/sim-square-broad-r02-auto-iql-n32-divl/seed-5,mulligan/sim-square-broad-r02-auto-iql-n32-divl/seed-5,60.5,57,58.503333,57.8967,0.60663333
square_broad_r2_auto_iql_success_bc_n32,autonomous_iql,square_broad,r2,auto_iql_success_bc_n32,1,grid_complete,mulligan/sim-square-broad-r02-auto-iql-success-bc-n32-idql/seed-1,mulligan/sim-square-broad-r02-auto-iql-success-bc-n32-idql/seed-1,mulligan/sim-square-broad-r02-auto-iql-success-bc-n32-divl/seed-1,mulligan/sim-square-broad-r02-auto-iql-success-bc-n32-divl/seed-1,56,54.75,52.68,52.57,0.11
square_broad_r2_auto_iql_success_bc_n32,autonomous_iql,square_broad,r2,auto_iql_success_bc_n32,2,grid_complete,mulligan/sim-square-broad-r02-auto-iql-success-bc-n32-idql/seed-2,mulligan/sim-square-broad-r02-auto-iql-success-bc-n32-idql/seed-2,mulligan/sim-square-broad-r02-auto-iql-success-bc-n32-divl/seed-2,mulligan/sim-square-broad-r02-auto-iql-success-bc-n32-divl/seed-2,52.25,56,53.176667,52.9867,0.18996667
square_broad_r2_auto_iql_success_bc_n32,autonomous_iql,square_broad,r2,auto_iql_success_bc_n32,3,grid_complete,mulligan/sim-square-broad-r02-auto-iql-success-bc-n32-idql/seed-3,mulligan/sim-square-broad-r02-auto-iql-success-bc-n32-idql/seed-3,mulligan/sim-square-broad-r02-auto-iql-success-bc-n32-divl/seed-3,mulligan/sim-square-broad-r02-auto-iql-success-bc-n32-divl/seed-3,52.5,53.75,52.036667,51.4867,0.54996667
square_broad_r2_auto_iql_success_bc_n32,autonomous_iql,square_broad,r2,auto_iql_success_bc_n32,4,grid_complete,mulligan/sim-square-broad-r02-auto-iql-success-bc-n32-idql/seed-4,mulligan/sim-square-broad-r02-auto-iql-success-bc-n32-idql/seed-4,mulligan/sim-square-broad-r02-auto-iql-success-bc-n32-divl/seed-4,mulligan/sim-square-broad-r02-auto-iql-success-bc-n32-divl/seed-4,56.75,55.75,53.533333,53.53,0.0033333333
square_broad_r2_auto_iql_success_bc_n32,autonomous_iql,square_broad,r2,auto_iql_success_bc_n32,5,grid_complete,mulligan/sim-square-broad-r02-auto-iql-success-bc-n32-idql/seed-5,mulligan/sim-square-broad-r02-auto-iql-success-bc-n32-idql/seed-5,mulligan/sim-square-broad-r02-auto-iql-success-bc-n32-divl/seed-5,mulligan/sim-square-broad-r02-auto-iql-success-bc-n32-divl/seed-5,54.5,52.5,50.41,50.32,0.09
square_broad_r3_auto_iql_n32,autonomous_iql,square_broad,r3,auto_iql_n32,1,grid_complete,mulligan/sim-square-broad-r03-auto-iql-n32-idql/seed-1,mulligan/sim-square-broad-r03-auto-iql-n32-idql/seed-1,mulligan/sim-square-broad-r03-auto-iql-n32-divl/seed-1,mulligan/sim-square-broad-r03-auto-iql-n32-divl/seed-1,58.5,61.25,57.796667,57.5767,0.21996667
square_broad_r3_auto_iql_n32,autonomous_iql,square_broad,r3,auto_iql_n32,2,grid_complete,mulligan/sim-square-broad-r03-auto-iql-n32-idql/seed-2,mulligan/sim-square-broad-r03-auto-iql-n32-idql/seed-2,mulligan/sim-square-broad-r03-auto-iql-n32-divl/seed-2,mulligan/sim-square-broad-r03-auto-iql-n32-divl/seed-2,65,60.75,61.04,60.62,0.42
square_broad_r3_auto_iql_n32,autonomous_iql,square_broad,r3,auto_iql_n32,3,grid_complete,mulligan/sim-square-broad-r03-auto-iql-n32-idql/seed-3,mulligan/sim-square-broad-r03-auto-iql-n32-idql/seed-3,mulligan/sim-square-broad-r03-auto-iql-n32-divl/seed-3,mulligan/sim-square-broad-r03-auto-iql-n32-divl/seed-3,59.25,61.25,58.67,58.22,0.45
square_broad_r3_auto_iql_n32,autonomous_iql,square_broad,r3,auto_iql_n32,4,grid_complete,mulligan/sim-square-broad-r03-auto-iql-n32-idql/seed-4,mulligan/sim-square-broad-r03-auto-iql-n32-idql/seed-4,mulligan/sim-square-broad-r03-auto-iql-n32-divl/seed-4,mulligan/sim-square-broad-r03-auto-iql-n32-divl/seed-4,61.75,59.25,57.616667,57.1567,0.45996667
square_broad_r3_auto_iql_n32,autonomous_iql,square_broad,r3,auto_iql_n32,5,grid_complete,mulligan/sim-square-broad-r03-auto-iql-n32-idql/seed-5,mulligan/sim-square-broad-r03-auto-iql-n32-idql/seed-5,mulligan/sim-square-broad-r03-auto-iql-n32-divl/seed-5,mulligan/sim-square-broad-r03-auto-iql-n32-divl/seed-5,62.5,62.5,60.093333,59.4967,0.59663333
square_broad_r3_auto_iql_success_bc_n32,autonomous_iql,square_broad,r3,auto_iql_success_bc_n32,1,grid_complete,mulligan/sim-square-broad-r03-auto-iql-success-bc-n32-idql/seed-1,mulligan/sim-square-broad-r03-auto-iql-success-bc-n32-idql/seed-1,mulligan/sim-square-broad-r03-auto-iql-success-bc-n32-divl/seed-1,mulligan/sim-square-broad-r03-auto-iql-success-bc-n32-divl/seed-1,56,60,53.763333,53.5833,0.18003333
square_broad_r3_auto_iql_success_bc_n32,autonomous_iql,square_broad,r3,auto_iql_success_bc_n32,2,grid_complete,mulligan/sim-square-broad-r03-auto-iql-success-bc-n32-idql/seed-2,mulligan/sim-square-broad-r03-auto-iql-success-bc-n32-idql/seed-2,mulligan/sim-square-broad-r03-auto-iql-success-bc-n32-divl/seed-2,mulligan/sim-square-broad-r03-auto-iql-success-bc-n32-divl/seed-2,56,55.25,55.273333,54.3333,0.94003333
square_broad_r3_auto_iql_success_bc_n32,autonomous_iql,square_broad,r3,auto_iql_success_bc_n32,3,grid_complete,mulligan/sim-square-broad-r03-auto-iql-success-bc-n32-idql/seed-3,mulligan/sim-square-broad-r03-auto-iql-success-bc-n32-idql/seed-3,mulligan/sim-square-broad-r03-auto-iql-success-bc-n32-divl/seed-3,mulligan/sim-square-broad-r03-auto-iql-success-bc-n32-divl/seed-3,56.25,58.25,54.993333,54.89,0.10333333
square_broad_r3_auto_iql_success_bc_n32,autonomous_iql,square_broad,r3,auto_iql_success_bc_n32,4,grid_complete,mulligan/sim-square-broad-r03-auto-iql-success-bc-n32-idql/seed-4,mulligan/sim-square-broad-r03-auto-iql-success-bc-n32-idql/seed-4,mulligan/sim-square-broad-r03-auto-iql-success-bc-n32-divl/seed-4,mulligan/sim-square-broad-r03-auto-iql-success-bc-n32-divl/seed-4,53.25,54.5,52.216667,51.9833,0.23336667
square_broad_r3_auto_iql_success_bc_n32,autonomous_iql,square_broad,r3,auto_iql_success_bc_n32,5,grid_complete,mulligan/sim-square-broad-r03-auto-iql-success-bc-n32-idql/seed-5,mulligan/sim-square-broad-r03-auto-iql-success-bc-n32-idql/seed-5,mulligan/sim-square-broad-r03-auto-iql-success-bc-n32-divl/seed-5,mulligan/sim-square-broad-r03-auto-iql-success-bc-n32-divl/seed-5,55.5,56.75,53.796667,53.46,0.33666667
square_narrow_r0_baseline_uniform,hil,square_narrow,r0,baseline_uniform,1,grid_complete,mulligan/sim-square-narrow-r00-baseline-idql/seed-1,mulligan/sim-square-narrow-r00-baseline-idql/seed-1,mulligan/sim-square-narrow-r00-baseline-divl/seed-1,mulligan/sim-square-narrow-r00-baseline-divl/seed-1,70.75,69.25,68.8625,68.2125,0.65
square_narrow_r0_baseline_uniform,hil,square_narrow,r0,baseline_uniform,2,grid_complete,mulligan/sim-square-narrow-r00-baseline-idql/seed-2,mulligan/sim-square-narrow-r00-baseline-idql/seed-2,mulligan/sim-square-narrow-r00-baseline-divl/seed-2,mulligan/sim-square-narrow-r00-baseline-divl/seed-2,75,72.25,71.5875,72.6,-1.0125
square_narrow_r0_baseline_uniform,hil,square_narrow,r0,baseline_uniform,3,grid_complete,mulligan/sim-square-narrow-r00-baseline-idql/seed-3,mulligan/sim-square-narrow-r00-baseline-idql/seed-3,mulligan/sim-square-narrow-r00-baseline-divl/seed-3,mulligan/sim-square-narrow-r00-baseline-divl/seed-3,77.75,73.25,73.25,72.9375,0.3125
square_narrow_r0_baseline_uniform,hil,square_narrow,r0,baseline_uniform,4,grid_complete,mulligan/sim-square-narrow-r00-baseline-idql/seed-4,mulligan/sim-square-narrow-r00-baseline-idql/seed-4,mulligan/sim-square-narrow-r00-baseline-divl/seed-4,mulligan/sim-square-narrow-r00-baseline-divl/seed-4,75.5,72.25,72.1,72.1375,-0.0375
square_narrow_r0_baseline_uniform,hil,square_narrow,r0,baseline_uniform,5,grid_complete,mulligan/sim-square-narrow-r00-baseline-idql/seed-5,mulligan/sim-square-narrow-r00-baseline-idql/seed-5,mulligan/sim-square-narrow-r00-baseline-divl/seed-5,mulligan/sim-square-narrow-r00-baseline-divl/seed-5,73.75,71.25,68.1875,67.225,0.9625
square_narrow_r0_sobol,hil,square_narrow,r0,mulligan_sobol,1,grid_complete,mulligan/sim-square-narrow-r00-sobol-idql/seed-1,mulligan/sim-square-narrow-r00-sobol-idql/seed-1,mulligan/sim-square-narrow-r00-sobol-divl/seed-1,mulligan/sim-square-narrow-r00-sobol-divl/seed-1,78.25,79.5,76.525,76.1875,0.3375
square_narrow_r0_sobol,hil,square_narrow,r0,mulligan_sobol,2,grid_complete,mulligan/sim-square-narrow-r00-sobol-idql/seed-2,mulligan/sim-square-narrow-r00-sobol-idql/seed-2,mulligan/sim-square-narrow-r00-sobol-divl/seed-2,mulligan/sim-square-narrow-r00-sobol-divl/seed-2,83.5,83,81.45,82.625,-1.175
square_narrow_r0_sobol,hil,square_narrow,r0,mulligan_sobol,3,grid_complete,mulligan/sim-square-narrow-r00-sobol-idql/seed-3,mulligan/sim-square-narrow-r00-sobol-idql/seed-3,mulligan/sim-square-narrow-r00-sobol-divl/seed-3,mulligan/sim-square-narrow-r00-sobol-divl/seed-3,79.25,81.25,79.35,79.6375,-0.2875
square_narrow_r0_sobol,hil,square_narrow,r0,mulligan_sobol,4,grid_complete,mulligan/sim-square-narrow-r00-sobol-idql/seed-4,mulligan/sim-square-narrow-r00-sobol-idql/seed-4,mulligan/sim-square-narrow-r00-sobol-divl/seed-4,mulligan/sim-square-narrow-r00-sobol-divl/seed-4,83.5,82,80,81.0375,-1.0375
square_narrow_r0_sobol,hil,square_narrow,r0,mulligan_sobol,5,grid_complete,mulligan/sim-square-narrow-r00-sobol-idql/seed-5,mulligan/sim-square-narrow-r00-sobol-idql/seed-5,mulligan/sim-square-narrow-r00-sobol-divl/seed-5,mulligan/sim-square-narrow-r00-sobol-divl/seed-5,79.25,77.5,77.8125,78,-0.1875
square_narrow_r1_baseline_uniform_no_cf_human_only,hil,square_narrow,r1,baseline_uniform,1,grid_complete,mulligan/sim-square-narrow-r01-baseline-idql/seed-1,mulligan/sim-square-narrow-r01-baseline-idql/seed-1,mulligan/sim-square-narrow-r01-baseline-divl/seed-1,mulligan/sim-square-narrow-r01-baseline-divl/seed-1,82.75,82.25,81.4,81.325,0.075
square_narrow_r1_baseline_uniform_no_cf_human_only,hil,square_narrow,r1,baseline_uniform,2,grid_complete,mulligan/sim-square-narrow-r01-baseline-idql/seed-2,mulligan/sim-square-narrow-r01-baseline-idql/seed-2,mulligan/sim-square-narrow-r01-baseline-divl/seed-2,mulligan/sim-square-narrow-r01-baseline-divl/seed-2,87.75,87.5,87.0125,87.2125,-0.2
square_narrow_r1_baseline_uniform_no_cf_human_only,hil,square_narrow,r1,baseline_uniform,3,grid_complete,mulligan/sim-square-narrow-r01-baseline-idql/seed-3,mulligan/sim-square-narrow-r01-baseline-idql/seed-3,mulligan/sim-square-narrow-r01-baseline-divl/seed-3,mulligan/sim-square-narrow-r01-baseline-divl/seed-3,86.25,84.25,85.35,84.5625,0.7875
square_narrow_r1_baseline_uniform_no_cf_human_only,hil,square_narrow,r1,baseline_uniform,4,grid_complete,mulligan/sim-square-narrow-r01-baseline-idql/seed-4,mulligan/sim-square-narrow-r01-baseline-idql/seed-4,mulligan/sim-square-narrow-r01-baseline-divl/seed-4,mulligan/sim-square-narrow-r01-baseline-divl/seed-4,85.75,87.5,86.9125,87.3625,-0.45
square_narrow_r1_baseline_uniform_no_cf_human_only,hil,square_narrow,r1,baseline_uniform,5,grid_complete,mulligan/sim-square-narrow-r01-baseline-idql/seed-5,mulligan/sim-square-narrow-r01-baseline-idql/seed-5,mulligan/sim-square-narrow-r01-baseline-divl/seed-5,mulligan/sim-square-narrow-r01-baseline-divl/seed-5,88.75,89,87.975,86.7,1.275
square_narrow_r1_baseline_uniform_no_cf_straddled_auto_success,hil,square_narrow,r1,baseline_uniform,1,grid_complete,mulligan/sim-square-narrow-r01-baseline-straddled-auto-success-idql/seed-1,mulligan/sim-square-narrow-r01-baseline-straddled-auto-success-idql/seed-1,mulligan/sim-square-narrow-r01-baseline-straddled-auto-success-divl/seed-1,mulligan/sim-square-narrow-r01-baseline-straddled-auto-success-divl/seed-1,81.25,82.5,81.475,81.1,0.375
square_narrow_r1_baseline_uniform_no_cf_straddled_auto_success,hil,square_narrow,r1,baseline_uniform,2,grid_complete,mulligan/sim-square-narrow-r01-baseline-straddled-auto-success-idql/seed-2,mulligan/sim-square-narrow-r01-baseline-straddled-auto-success-idql/seed-2,mulligan/sim-square-narrow-r01-baseline-straddled-auto-success-divl/seed-2,mulligan/sim-square-narrow-r01-baseline-straddled-auto-success-divl/seed-2,81,80.25,81.625,82.1625,-0.5375
square_narrow_r1_baseline_uniform_no_cf_straddled_auto_success,hil,square_narrow,r1,baseline_uniform,3,grid_complete,mulligan/sim-square-narrow-r01-baseline-straddled-auto-success-idql/seed-3,mulligan/sim-square-narrow-r01-baseline-straddled-auto-success-idql/seed-3,mulligan/sim-square-narrow-r01-baseline-straddled-auto-success-divl/seed-3,mulligan/sim-square-narrow-r01-baseline-straddled-auto-success-divl/seed-3,86.25,85,84.1125,84.5875,-0.475
square_narrow_r1_baseline_uniform_no_cf_straddled_auto_success,hil,square_narrow,r1,baseline_uniform,4,grid_complete,mulligan/sim-square-narrow-r01-baseline-straddled-auto-success-idql/seed-4,mulligan/sim-square-narrow-r01-baseline-straddled-auto-success-idql/seed-4,mulligan/sim-square-narrow-r01-baseline-straddled-auto-success-divl/seed-4,mulligan/sim-square-narrow-r01-baseline-straddled-auto-success-divl/seed-4,81,83.25,81.6,81.825,-0.225
square_narrow_r1_baseline_uniform_no_cf_straddled_auto_success,hil,square_narrow,r1,baseline_uniform,5,grid_complete,mulligan/sim-square-narrow-r01-baseline-straddled-auto-success-idql/seed-5,mulligan/sim-square-narrow-r01-baseline-straddled-auto-success-idql/seed-5,mulligan/sim-square-narrow-r01-baseline-straddled-auto-success-divl/seed-5,mulligan/sim-square-narrow-r01-baseline-straddled-auto-success-divl/seed-5,82.75,83.5,83.05,84.1625,-1.1125
square_narrow_r1_mulligan_with_cf_human_only,hil,square_narrow,r1,mulligan,1,grid_complete,mulligan/sim-square-narrow-r01-mulligan-idql/seed-1,mulligan/sim-square-narrow-r01-mulligan-idql/seed-1,mulligan/sim-square-narrow-r01-mulligan-divl/seed-1,mulligan/sim-square-narrow-r01-mulligan-divl/seed-1,93.75,94.5,94.7125,94.55,0.1625
square_narrow_r1_mulligan_with_cf_human_only,hil,square_narrow,r1,mulligan,2,grid_complete,mulligan/sim-square-narrow-r01-mulligan-idql/seed-2,mulligan/sim-square-narrow-r01-mulligan-idql/seed-2,mulligan/sim-square-narrow-r01-mulligan-divl/seed-2,mulligan/sim-square-narrow-r01-mulligan-divl/seed-2,90.5,91,92.2375,91.925,0.3125
square_narrow_r1_mulligan_with_cf_human_only,hil,square_narrow,r1,mulligan,3,grid_complete,mulligan/sim-square-narrow-r01-mulligan-idql/seed-3,mulligan/sim-square-narrow-r01-mulligan-idql/seed-3,mulligan/sim-square-narrow-r01-mulligan-divl/seed-3,mulligan/sim-square-narrow-r01-mulligan-divl/seed-3,94.25,91.25,92.5625,92.65,-0.0875
square_narrow_r1_mulligan_with_cf_human_only,hil,square_narrow,r1,mulligan,4,grid_complete,mulligan/sim-square-narrow-r01-mulligan-idql/seed-4,mulligan/sim-square-narrow-r01-mulligan-idql/seed-4,mulligan/sim-square-narrow-r01-mulligan-divl/seed-4,mulligan/sim-square-narrow-r01-mulligan-divl/seed-4,92.75,93.75,93.4125,93.2625,0.15
square_narrow_r1_mulligan_with_cf_human_only,hil,square_narrow,r1,mulligan,5,grid_complete,mulligan/sim-square-narrow-r01-mulligan-idql/seed-5,mulligan/sim-square-narrow-r01-mulligan-idql/seed-5,mulligan/sim-square-narrow-r01-mulligan-divl/seed-5,mulligan/sim-square-narrow-r01-mulligan-divl/seed-5,95.25,94.5,94.7,94.5875,0.1125
square_narrow_r1_mulligan_no_cf_human_only,hil,square_narrow,r1,mulligan,1,grid_complete,mulligan/sim-square-narrow-r01-mulligan-no-cf-idql/seed-1,mulligan/sim-square-narrow-r01-mulligan-no-cf-idql/seed-1,mulligan/sim-square-narrow-r01-mulligan-no-cf-divl/seed-1,mulligan/sim-square-narrow-r01-mulligan-no-cf-divl/seed-1,88.75,90.25,91.55,90.625,0.925
square_narrow_r1_mulligan_no_cf_human_only,hil,square_narrow,r1,mulligan,2,grid_complete,mulligan/sim-square-narrow-r01-mulligan-no-cf-idql/seed-2,mulligan/sim-square-narrow-r01-mulligan-no-cf-idql/seed-2,mulligan/sim-square-narrow-r01-mulligan-no-cf-divl/seed-2,mulligan/sim-square-narrow-r01-mulligan-no-cf-divl/seed-2,94,94.5,93.3375,93.4125,-0.075
square_narrow_r1_mulligan_no_cf_human_only,hil,square_narrow,r1,mulligan,3,grid_complete,mulligan/sim-square-narrow-r01-mulligan-no-cf-idql/seed-3,mulligan/sim-square-narrow-r01-mulligan-no-cf-idql/seed-3,mulligan/sim-square-narrow-r01-mulligan-no-cf-divl/seed-3,mulligan/sim-square-narrow-r01-mulligan-no-cf-divl/seed-3,90.25,92.5,92.3375,91.6875,0.65
square_narrow_r1_mulligan_no_cf_human_only,hil,square_narrow,r1,mulligan,4,grid_complete,mulligan/sim-square-narrow-r01-mulligan-no-cf-idql/seed-4,mulligan/sim-square-narrow-r01-mulligan-no-cf-idql/seed-4,mulligan/sim-square-narrow-r01-mulligan-no-cf-divl/seed-4,mulligan/sim-square-narrow-r01-mulligan-no-cf-divl/seed-4,92.75,94.5,93.575,92.4625,1.1125
square_narrow_r1_mulligan_no_cf_human_only,hil,square_narrow,r1,mulligan,5,grid_complete,mulligan/sim-square-narrow-r01-mulligan-no-cf-idql/seed-5,mulligan/sim-square-narrow-r01-mulligan-no-cf-idql/seed-5,mulligan/sim-square-narrow-r01-mulligan-no-cf-divl/seed-5,mulligan/sim-square-narrow-r01-mulligan-no-cf-divl/seed-5,93.25,93.25,92.625,92.475,0.15
square_narrow_r1_sobol_with_cf_human_only,hil,square_narrow,r1,mulligan_sobol,1,grid_complete,mulligan/sim-square-narrow-r01-sobol-with-cf-idql/seed-1,mulligan/sim-square-narrow-r01-sobol-with-cf-idql/seed-1,mulligan/sim-square-narrow-r01-sobol-with-cf-divl/seed-1,mulligan/sim-square-narrow-r01-sobol-with-cf-divl/seed-1,90.5,92,89.5125,89.575,-0.0625
square_narrow_r1_sobol_with_cf_human_only,hil,square_narrow,r1,mulligan_sobol,2,grid_complete,mulligan/sim-square-narrow-r01-sobol-with-cf-idql/seed-2,mulligan/sim-square-narrow-r01-sobol-with-cf-idql/seed-2,mulligan/sim-square-narrow-r01-sobol-with-cf-divl/seed-2,mulligan/sim-square-narrow-r01-sobol-with-cf-divl/seed-2,92.75,94,92.8875,92.05,0.8375
square_narrow_r1_sobol_with_cf_human_only,hil,square_narrow,r1,mulligan_sobol,3,grid_complete,mulligan/sim-square-narrow-r01-sobol-with-cf-idql/seed-3,mulligan/sim-square-narrow-r01-sobol-with-cf-idql/seed-3,mulligan/sim-square-narrow-r01-sobol-with-cf-divl/seed-3,mulligan/sim-square-narrow-r01-sobol-with-cf-divl/seed-3,91.25,92.75,91.8375,91.6875,0.15
square_narrow_r1_sobol_with_cf_human_only,hil,square_narrow,r1,mulligan_sobol,4,grid_complete,mulligan/sim-square-narrow-r01-sobol-with-cf-idql/seed-4,mulligan/sim-square-narrow-r01-sobol-with-cf-idql/seed-4,mulligan/sim-square-narrow-r01-sobol-with-cf-divl/seed-4,mulligan/sim-square-narrow-r01-sobol-with-cf-divl/seed-4,92.5,93.75,90.7125,91.375,-0.6625
square_narrow_r1_sobol_with_cf_human_only,hil,square_narrow,r1,mulligan_sobol,5,grid_complete,mulligan/sim-square-narrow-r01-sobol-with-cf-idql/seed-5,mulligan/sim-square-narrow-r01-sobol-with-cf-idql/seed-5,mulligan/sim-square-narrow-r01-sobol-with-cf-divl/seed-5,mulligan/sim-square-narrow-r01-sobol-with-cf-divl/seed-5,92.5,92.75,92.475,92.775,-0.3
square_narrow_r1_sobol_no_cf_human_only,hil,square_narrow,r1,mulligan_sobol,1,grid_complete,mulligan/sim-square-narrow-r01-sobol-no-cf-idql/seed-1,mulligan/sim-square-narrow-r01-sobol-no-cf-idql/seed-1,mulligan/sim-square-narrow-r01-sobol-no-cf-divl/seed-1,mulligan/sim-square-narrow-r01-sobol-no-cf-divl/seed-1,88.5,90.25,88.4,87.85,0.55
square_narrow_r1_sobol_no_cf_human_only,hil,square_narrow,r1,mulligan_sobol,2,grid_complete,mulligan/sim-square-narrow-r01-sobol-no-cf-idql/seed-2,mulligan/sim-square-narrow-r01-sobol-no-cf-idql/seed-2,mulligan/sim-square-narrow-r01-sobol-no-cf-divl/seed-2,mulligan/sim-square-narrow-r01-sobol-no-cf-divl/seed-2,92,91.75,89.7875,90.0125,-0.225
square_narrow_r1_sobol_no_cf_human_only,hil,square_narrow,r1,mulligan_sobol,3,grid_complete,mulligan/sim-square-narrow-r01-sobol-no-cf-idql/seed-3,mulligan/sim-square-narrow-r01-sobol-no-cf-idql/seed-3,mulligan/sim-square-narrow-r01-sobol-no-cf-divl/seed-3,mulligan/sim-square-narrow-r01-sobol-no-cf-divl/seed-3,90.25,90.25,90.825,90.7875,0.0375
square_narrow_r1_sobol_no_cf_human_only,hil,square_narrow,r1,mulligan_sobol,4,grid_complete,mulligan/sim-square-narrow-r01-sobol-no-cf-idql/seed-4,mulligan/sim-square-narrow-r01-sobol-no-cf-idql/seed-4,mulligan/sim-square-narrow-r01-sobol-no-cf-divl/seed-4,mulligan/sim-square-narrow-r01-sobol-no-cf-divl/seed-4,90.25,90.5,88.75,88.5375,0.2125
square_narrow_r1_sobol_no_cf_human_only,hil,square_narrow,r1,mulligan_sobol,5,grid_complete,mulligan/sim-square-narrow-r01-sobol-no-cf-idql/seed-5,mulligan/sim-square-narrow-r01-sobol-no-cf-idql/seed-5,mulligan/sim-square-narrow-r01-sobol-no-cf-divl/seed-5,mulligan/sim-square-narrow-r01-sobol-no-cf-divl/seed-5,90.25,92.25,90.1875,89.825,0.3625
square_narrow_r2_baseline_uniform_no_cf_human_only,hil,square_narrow,r2,baseline_uniform,1,grid_complete,mulligan/sim-square-narrow-r02-baseline-idql/seed-1,mulligan/sim-square-narrow-r02-baseline-idql/seed-1,mulligan/sim-square-narrow-r02-baseline-divl/seed-1,mulligan/sim-square-narrow-r02-baseline-divl/seed-1,89.75,92.25,91.625,91.4375,0.1875
square_narrow_r2_baseline_uniform_no_cf_human_only,hil,square_narrow,r2,baseline_uniform,2,grid_complete,mulligan/sim-square-narrow-r02-baseline-idql/seed-2,mulligan/sim-square-narrow-r02-baseline-idql/seed-2,mulligan/sim-square-narrow-r02-baseline-divl/seed-2,mulligan/sim-square-narrow-r02-baseline-divl/seed-2,90,90.75,92.0875,91.9125,0.175
square_narrow_r2_baseline_uniform_no_cf_human_only,hil,square_narrow,r2,baseline_uniform,3,grid_complete,mulligan/sim-square-narrow-r02-baseline-idql/seed-3,mulligan/sim-square-narrow-r02-baseline-idql/seed-3,mulligan/sim-square-narrow-r02-baseline-divl/seed-3,mulligan/sim-square-narrow-r02-baseline-divl/seed-3,92.5,92.5,92.05,92,0.05
square_narrow_r2_baseline_uniform_no_cf_human_only,hil,square_narrow,r2,baseline_uniform,4,grid_complete,mulligan/sim-square-narrow-r02-baseline-idql/seed-4,mulligan/sim-square-narrow-r02-baseline-idql/seed-4,mulligan/sim-square-narrow-r02-baseline-divl/seed-4,mulligan/sim-square-narrow-r02-baseline-divl/seed-4,92.75,95.5,93.275,93.375,-0.1
square_narrow_r2_baseline_uniform_no_cf_human_only,hil,square_narrow,r2,baseline_uniform,5,grid_complete,mulligan/sim-square-narrow-r02-baseline-idql/seed-5,mulligan/sim-square-narrow-r02-baseline-idql/seed-5,mulligan/sim-square-narrow-r02-baseline-divl/seed-5,mulligan/sim-square-narrow-r02-baseline-divl/seed-5,92,94,92.125,92.725,-0.6
square_narrow_r2_mulligan_with_cf_human_only,hil,square_narrow,r2,mulligan,1,grid_complete,mulligan/sim-square-narrow-r02-mulligan-idql/seed-1,mulligan/sim-square-narrow-r02-mulligan-idql/seed-1,mulligan/sim-square-narrow-r02-mulligan-divl/seed-1,mulligan/sim-square-narrow-r02-mulligan-divl/seed-1,96.75,97,95.7,96.0125,-0.3125
square_narrow_r2_mulligan_with_cf_human_only,hil,square_narrow,r2,mulligan,2,grid_complete,mulligan/sim-square-narrow-r02-mulligan-idql/seed-2,mulligan/sim-square-narrow-r02-mulligan-idql/seed-2,mulligan/sim-square-narrow-r02-mulligan-divl/seed-2,mulligan/sim-square-narrow-r02-mulligan-divl/seed-2,97,96.75,96.125,95.9,0.225
square_narrow_r2_mulligan_with_cf_human_only,hil,square_narrow,r2,mulligan,3,grid_complete,mulligan/sim-square-narrow-r02-mulligan-idql/seed-3,mulligan/sim-square-narrow-r02-mulligan-idql/seed-3,mulligan/sim-square-narrow-r02-mulligan-divl/seed-3,mulligan/sim-square-narrow-r02-mulligan-divl/seed-3,95.5,95.75,94.4375,94.8125,-0.375
square_narrow_r2_mulligan_with_cf_human_only,hil,square_narrow,r2,mulligan,4,grid_complete,mulligan/sim-square-narrow-r02-mulligan-idql/seed-4,mulligan/sim-square-narrow-r02-mulligan-idql/seed-4,mulligan/sim-square-narrow-r02-mulligan-divl/seed-4,mulligan/sim-square-narrow-r02-mulligan-divl/seed-4,97,95,95.7625,96.05,-0.2875
square_narrow_r2_mulligan_with_cf_human_only,hil,square_narrow,r2,mulligan,5,grid_complete,mulligan/sim-square-narrow-r02-mulligan-idql/seed-5,mulligan/sim-square-narrow-r02-mulligan-idql/seed-5,mulligan/sim-square-narrow-r02-mulligan-divl/seed-5,mulligan/sim-square-narrow-r02-mulligan-divl/seed-5,93.75,94.5,94.375,94.3,0.075
square_narrow_r2_mulligan_no_cf_human_only,hil,square_narrow,r2,mulligan,1,grid_complete,mulligan/sim-square-narrow-r02-mulligan-no-cf-idql/seed-1,mulligan/sim-square-narrow-r02-mulligan-no-cf-idql/seed-1,mulligan/sim-square-narrow-r02-mulligan-no-cf-divl/seed-1,mulligan/sim-square-narrow-r02-mulligan-no-cf-divl/seed-1,92.75,95.5,95.8,95.9,-0.1
square_narrow_r2_mulligan_no_cf_human_only,hil,square_narrow,r2,mulligan,2,grid_complete,mulligan/sim-square-narrow-r02-mulligan-no-cf-idql/seed-2,mulligan/sim-square-narrow-r02-mulligan-no-cf-idql/seed-2,mulligan/sim-square-narrow-r02-mulligan-no-cf-divl/seed-2,mulligan/sim-square-narrow-r02-mulligan-no-cf-divl/seed-2,92.25,92.75,93.0625,93.2875,-0.225
square_narrow_r2_mulligan_no_cf_human_only,hil,square_narrow,r2,mulligan,3,grid_complete,mulligan/sim-square-narrow-r02-mulligan-no-cf-idql/seed-3,mulligan/sim-square-narrow-r02-mulligan-no-cf-idql/seed-3,mulligan/sim-square-narrow-r02-mulligan-no-cf-divl/seed-3,mulligan/sim-square-narrow-r02-mulligan-no-cf-divl/seed-3,95.5,94,94.2625,94.3125,-0.05
square_narrow_r2_mulligan_no_cf_human_only,hil,square_narrow,r2,mulligan,4,grid_complete,mulligan/sim-square-narrow-r02-mulligan-no-cf-idql/seed-4,mulligan/sim-square-narrow-r02-mulligan-no-cf-idql/seed-4,mulligan/sim-square-narrow-r02-mulligan-no-cf-divl/seed-4,mulligan/sim-square-narrow-r02-mulligan-no-cf-divl/seed-4,92,93.5,94.4625,94.6375,-0.175
square_narrow_r2_mulligan_no_cf_human_only,hil,square_narrow,r2,mulligan,5,grid_complete,mulligan/sim-square-narrow-r02-mulligan-no-cf-idql/seed-5,mulligan/sim-square-narrow-r02-mulligan-no-cf-idql/seed-5,mulligan/sim-square-narrow-r02-mulligan-no-cf-divl/seed-5,mulligan/sim-square-narrow-r02-mulligan-no-cf-divl/seed-5,94.75,92.75,94.7125,94.5,0.2125
square_narrow_r3_baseline_uniform_no_cf_human_only,hil,square_narrow,r3,baseline_uniform,1,grid_complete,mulligan/sim-square-narrow-r03-baseline-idql/seed-1,mulligan/sim-square-narrow-r03-baseline-idql/seed-1,mulligan/sim-square-narrow-r03-baseline-divl/seed-1,mulligan/sim-square-narrow-r03-baseline-divl/seed-1,95.5,96.5,94.425,94.55,-0.125
square_narrow_r3_baseline_uniform_no_cf_human_only,hil,square_narrow,r3,baseline_uniform,2,grid_complete,mulligan/sim-square-narrow-r03-baseline-idql/seed-2,mulligan/sim-square-narrow-r03-baseline-idql/seed-2,mulligan/sim-square-narrow-r03-baseline-divl/seed-2,mulligan/sim-square-narrow-r03-baseline-divl/seed-2,94.75,95.5,95.5625,95.6,-0.0375
square_narrow_r3_baseline_uniform_no_cf_human_only,hil,square_narrow,r3,baseline_uniform,3,grid_complete,mulligan/sim-square-narrow-r03-baseline-idql/seed-3,mulligan/sim-square-narrow-r03-baseline-idql/seed-3,mulligan/sim-square-narrow-r03-baseline-divl/seed-3,mulligan/sim-square-narrow-r03-baseline-divl/seed-3,94.5,94,94.9375,95.0375,-0.1
square_narrow_r3_baseline_uniform_no_cf_human_only,hil,square_narrow,r3,baseline_uniform,4,grid_complete,mulligan/sim-square-narrow-r03-baseline-idql/seed-4,mulligan/sim-square-narrow-r03-baseline-idql/seed-4,mulligan/sim-square-narrow-r03-baseline-divl/seed-4,mulligan/sim-square-narrow-r03-baseline-divl/seed-4,94,92.75,93.1875,92.875,0.3125
square_narrow_r3_baseline_uniform_no_cf_human_only,hil,square_narrow,r3,baseline_uniform,5,grid_complete,mulligan/sim-square-narrow-r03-baseline-idql/seed-5,mulligan/sim-square-narrow-r03-baseline-idql/seed-5,mulligan/sim-square-narrow-r03-baseline-divl/seed-5,mulligan/sim-square-narrow-r03-baseline-divl/seed-5,94.75,94.5,93.1,93.475,-0.375
square_narrow_r3_mulligan_with_cf_human_only,hil,square_narrow,r3,mulligan,1,grid_complete,mulligan/sim-square-narrow-r03-mulligan-idql/seed-1,mulligan/sim-square-narrow-r03-mulligan-idql/seed-1,mulligan/sim-square-narrow-r03-mulligan-divl/seed-1,mulligan/sim-square-narrow-r03-mulligan-divl/seed-1,94.25,94.5,95.225,95.375,-0.15
square_narrow_r3_mulligan_with_cf_human_only,hil,square_narrow,r3,mulligan,2,grid_complete,mulligan/sim-square-narrow-r03-mulligan-idql/seed-2,mulligan/sim-square-narrow-r03-mulligan-idql/seed-2,mulligan/sim-square-narrow-r03-mulligan-divl/seed-2,mulligan/sim-square-narrow-r03-mulligan-divl/seed-2,97,98,96.8625,96.875,-0.0125
square_narrow_r3_mulligan_with_cf_human_only,hil,square_narrow,r3,mulligan,3,grid_complete,mulligan/sim-square-narrow-r03-mulligan-idql/seed-3,mulligan/sim-square-narrow-r03-mulligan-idql/seed-3,mulligan/sim-square-narrow-r03-mulligan-divl/seed-3,mulligan/sim-square-narrow-r03-mulligan-divl/seed-3,96.25,95,96.3875,95.825,0.5625
square_narrow_r3_mulligan_with_cf_human_only,hil,square_narrow,r3,mulligan,4,grid_complete,mulligan/sim-square-narrow-r03-mulligan-idql/seed-4,mulligan/sim-square-narrow-r03-mulligan-idql/seed-4,mulligan/sim-square-narrow-r03-mulligan-divl/seed-4,mulligan/sim-square-narrow-r03-mulligan-divl/seed-4,95.5,97,96.9375,96.65,0.2875
square_narrow_r3_mulligan_with_cf_human_only,hil,square_narrow,r3,mulligan,5,grid_complete,mulligan/sim-square-narrow-r03-mulligan-idql/seed-5,mulligan/sim-square-narrow-r03-mulligan-idql/seed-5,mulligan/sim-square-narrow-r03-mulligan-divl/seed-5,mulligan/sim-square-narrow-r03-mulligan-divl/seed-5,96.25,96.75,96.7375,96.8,-0.0625
square_narrow_r3_mulligan_no_cf_human_only,hil,square_narrow,r3,mulligan,1,grid_complete,mulligan/sim-square-narrow-r03-mulligan-no-cf-idql/seed-1,mulligan/sim-square-narrow-r03-mulligan-no-cf-idql/seed-1,mulligan/sim-square-narrow-r03-mulligan-no-cf-divl/seed-1,mulligan/sim-square-narrow-r03-mulligan-no-cf-divl/seed-1,92.25,94.5,93.325,93.4375,-0.1125
square_narrow_r3_mulligan_no_cf_human_only,hil,square_narrow,r3,mulligan,2,grid_complete,mulligan/sim-square-narrow-r03-mulligan-no-cf-idql/seed-2,mulligan/sim-square-narrow-r03-mulligan-no-cf-idql/seed-2,mulligan/sim-square-narrow-r03-mulligan-no-cf-divl/seed-2,mulligan/sim-square-narrow-r03-mulligan-no-cf-divl/seed-2,91.5,92.5,94.5,94.05,0.45
square_narrow_r3_mulligan_no_cf_human_only,hil,square_narrow,r3,mulligan,3,grid_complete,mulligan/sim-square-narrow-r03-mulligan-no-cf-idql/seed-3,mulligan/sim-square-narrow-r03-mulligan-no-cf-idql/seed-3,mulligan/sim-square-narrow-r03-mulligan-no-cf-divl/seed-3,mulligan/sim-square-narrow-r03-mulligan-no-cf-divl/seed-3,93,93,94.6125,94.65,-0.0375
square_narrow_r3_mulligan_no_cf_human_only,hil,square_narrow,r3,mulligan,4,grid_complete,mulligan/sim-square-narrow-r03-mulligan-no-cf-idql/seed-4,mulligan/sim-square-narrow-r03-mulligan-no-cf-idql/seed-4,mulligan/sim-square-narrow-r03-mulligan-no-cf-divl/seed-4,mulligan/sim-square-narrow-r03-mulligan-no-cf-divl/seed-4,93,94,95.25,94.775,0.475
square_narrow_r3_mulligan_no_cf_human_only,hil,square_narrow,r3,mulligan,5,grid_complete,mulligan/sim-square-narrow-r03-mulligan-no-cf-idql/seed-5,mulligan/sim-square-narrow-r03-mulligan-no-cf-idql/seed-5,mulligan/sim-square-narrow-r03-mulligan-no-cf-divl/seed-5,mulligan/sim-square-narrow-r03-mulligan-no-cf-divl/seed-5,96.5,96.25,96.05,95.3375,0.7125
square_narrow_r3_baseline_uniform_no_cf_human_only_with_c03_rollouts,hil,square_narrow,r3_c03_rollouts,baseline_uniform,1,grid_complete,mulligan/sim-square-narrow-r03-baseline-with-c03-rollouts-idql/seed-1,mulligan/sim-square-narrow-r03-baseline-with-c03-rollouts-idql/seed-1,mulligan/sim-square-narrow-r03-baseline-with-c03-rollouts-divl/seed-1,mulligan/sim-square-narrow-r03-baseline-with-c03-rollouts-divl/seed-1,92,93.5,94.575,93.65,0.925
square_narrow_r3_baseline_uniform_no_cf_human_only_with_c03_rollouts,hil,square_narrow,r3_c03_rollouts,baseline_uniform,2,grid_complete,mulligan/sim-square-narrow-r03-baseline-with-c03-rollouts-idql/seed-2,mulligan/sim-square-narrow-r03-baseline-with-c03-rollouts-idql/seed-2,mulligan/sim-square-narrow-r03-baseline-with-c03-rollouts-divl/seed-2,mulligan/sim-square-narrow-r03-baseline-with-c03-rollouts-divl/seed-2,95,95.5,95.6875,95.4125,0.275
square_narrow_r3_baseline_uniform_no_cf_human_only_with_c03_rollouts,hil,square_narrow,r3_c03_rollouts,baseline_uniform,3,grid_complete,mulligan/sim-square-narrow-r03-baseline-with-c03-rollouts-idql/seed-3,mulligan/sim-square-narrow-r03-baseline-with-c03-rollouts-idql/seed-3,mulligan/sim-square-narrow-r03-baseline-with-c03-rollouts-divl/seed-3,mulligan/sim-square-narrow-r03-baseline-with-c03-rollouts-divl/seed-3,93.25,94.75,94.075,92.75,1.325
square_narrow_r3_baseline_uniform_no_cf_human_only_with_c03_rollouts,hil,square_narrow,r3_c03_rollouts,baseline_uniform,4,grid_complete,mulligan/sim-square-narrow-r03-baseline-with-c03-rollouts-idql/seed-4,mulligan/sim-square-narrow-r03-baseline-with-c03-rollouts-idql/seed-4,mulligan/sim-square-narrow-r03-baseline-with-c03-rollouts-divl/seed-4,mulligan/sim-square-narrow-r03-baseline-with-c03-rollouts-divl/seed-4,92.5,94.75,94.7375,94.675,0.0625
square_narrow_r3_baseline_uniform_no_cf_human_only_with_c03_rollouts,hil,square_narrow,r3_c03_rollouts,baseline_uniform,5,grid_complete,mulligan/sim-square-narrow-r03-baseline-with-c03-rollouts-idql/seed-5,mulligan/sim-square-narrow-r03-baseline-with-c03-rollouts-idql/seed-5,mulligan/sim-square-narrow-r03-baseline-with-c03-rollouts-divl/seed-5,mulligan/sim-square-narrow-r03-baseline-with-c03-rollouts-divl/seed-5,95.5,96.75,95.4,95.2875,0.1125
square_narrow_r3_mulligan_with_cf_human_only_no_c03_rollouts,hil,square_narrow,r3_c03_rollouts,mulligan,1,grid_complete,mulligan/sim-square-narrow-r03-mulligan-no-c03-rollouts-idql/seed-1,mulligan/sim-square-narrow-r03-mulligan-no-c03-rollouts-idql/seed-1,mulligan/sim-square-narrow-r03-mulligan-no-c03-rollouts-divl/seed-1,mulligan/sim-square-narrow-r03-mulligan-no-c03-rollouts-divl/seed-1,96.5,95.25,96.55,95.9625,0.5875
square_narrow_r3_mulligan_with_cf_human_only_no_c03_rollouts,hil,square_narrow,r3_c03_rollouts,mulligan,2,grid_complete,mulligan/sim-square-narrow-r03-mulligan-no-c03-rollouts-idql/seed-2,mulligan/sim-square-narrow-r03-mulligan-no-c03-rollouts-idql/seed-2,mulligan/sim-square-narrow-r03-mulligan-no-c03-rollouts-divl/seed-2,mulligan/sim-square-narrow-r03-mulligan-no-c03-rollouts-divl/seed-2,97,95.75,96,96.0375,-0.0375
square_narrow_r3_mulligan_with_cf_human_only_no_c03_rollouts,hil,square_narrow,r3_c03_rollouts,mulligan,3,grid_complete,mulligan/sim-square-narrow-r03-mulligan-no-c03-rollouts-idql/seed-3,mulligan/sim-square-narrow-r03-mulligan-no-c03-rollouts-idql/seed-3,mulligan/sim-square-narrow-r03-mulligan-no-c03-rollouts-divl/seed-3,mulligan/sim-square-narrow-r03-mulligan-no-c03-rollouts-divl/seed-3,95.5,97.25,95.65,95.8125,-0.1625
square_narrow_r3_mulligan_with_cf_human_only_no_c03_rollouts,hil,square_narrow,r3_c03_rollouts,mulligan,4,grid_complete,mulligan/sim-square-narrow-r03-mulligan-no-c03-rollouts-idql/seed-4,mulligan/sim-square-narrow-r03-mulligan-no-c03-rollouts-idql/seed-4,mulligan/sim-square-narrow-r03-mulligan-no-c03-rollouts-divl/seed-4,mulligan/sim-square-narrow-r03-mulligan-no-c03-rollouts-divl/seed-4,97.25,96,98.0125,97.45,0.5625
square_narrow_r3_mulligan_with_cf_human_only_no_c03_rollouts,hil,square_narrow,r3_c03_rollouts,mulligan,5,grid_complete,mulligan/sim-square-narrow-r03-mulligan-no-c03-rollouts-idql/seed-5,mulligan/sim-square-narrow-r03-mulligan-no-c03-rollouts-idql/seed-5,mulligan/sim-square-narrow-r03-mulligan-no-c03-rollouts-divl/seed-5,mulligan/sim-square-narrow-r03-mulligan-no-c03-rollouts-divl/seed-5,96.75,95.25,96.2375,95.8125,0.425
square_broad_r0_baseline_uniform,hil,square_broad,r0,baseline_uniform,1,grid_complete,mulligan/sim-square-broad-r00-baseline-idql/seed-1,mulligan/sim-square-broad-r00-baseline-idql/seed-1,mulligan/sim-square-broad-r00-baseline-divl/seed-1,mulligan/sim-square-broad-r00-baseline-divl/seed-1,50.25,50.25,49.033333,48.8467,0.18663333
square_broad_r0_baseline_uniform,hil,square_broad,r0,baseline_uniform,2,grid_complete,mulligan/sim-square-broad-r00-baseline-idql/seed-2,mulligan/sim-square-broad-r00-baseline-idql/seed-2,mulligan/sim-square-broad-r00-baseline-divl/seed-2,mulligan/sim-square-broad-r00-baseline-divl/seed-2,56.5,52.75,51.62,51.8333,-0.2133
square_broad_r0_baseline_uniform,hil,square_broad,r0,baseline_uniform,3,grid_complete,mulligan/sim-square-broad-r00-baseline-idql/seed-3,mulligan/sim-square-broad-r00-baseline-idql/seed-3,mulligan/sim-square-broad-r00-baseline-divl/seed-3,mulligan/sim-square-broad-r00-baseline-divl/seed-3,50.5,47.75,47.013333,47.0833,-0.069966667
square_broad_r0_baseline_uniform,hil,square_broad,r0,baseline_uniform,4,grid_complete,mulligan/sim-square-broad-r00-baseline-idql/seed-4,mulligan/sim-square-broad-r00-baseline-idql/seed-4,mulligan/sim-square-broad-r00-baseline-divl/seed-4,mulligan/sim-square-broad-r00-baseline-divl/seed-4,56.5,51,48.57,48.79,-0.22
square_broad_r0_baseline_uniform,hil,square_broad,r0,baseline_uniform,5,grid_complete,mulligan/sim-square-broad-r00-baseline-idql/seed-5,mulligan/sim-square-broad-r00-baseline-idql/seed-5,mulligan/sim-square-broad-r00-baseline-divl/seed-5,mulligan/sim-square-broad-r00-baseline-divl/seed-5,50.5,47,48.913333,48.92,-0.0066666667
square_broad_r0_sobol,hil,square_broad,r0,mulligan_sobol,1,grid_complete,mulligan/sim-square-broad-r00-sobol-idql/seed-1,mulligan/sim-square-broad-r00-sobol-idql/seed-1,mulligan/sim-square-broad-r00-sobol-divl/seed-1,mulligan/sim-square-broad-r00-sobol-divl/seed-1,49.75,53.75,52.066667,52.04,0.026666667
square_broad_r0_sobol,hil,square_broad,r0,mulligan_sobol,2,grid_complete,mulligan/sim-square-broad-r00-sobol-idql/seed-2,mulligan/sim-square-broad-r00-sobol-idql/seed-2,mulligan/sim-square-broad-r00-sobol-divl/seed-2,mulligan/sim-square-broad-r00-sobol-divl/seed-2,52.75,49,50.946667,50.49,0.45666667
square_broad_r0_sobol,hil,square_broad,r0,mulligan_sobol,3,grid_complete,mulligan/sim-square-broad-r00-sobol-idql/seed-3,mulligan/sim-square-broad-r00-sobol-idql/seed-3,mulligan/sim-square-broad-r00-sobol-divl/seed-3,mulligan/sim-square-broad-r00-sobol-divl/seed-3,52.75,50,52.48,52.6833,-0.2033
square_broad_r0_sobol,hil,square_broad,r0,mulligan_sobol,4,grid_complete,mulligan/sim-square-broad-r00-sobol-idql/seed-4,mulligan/sim-square-broad-r00-sobol-idql/seed-4,mulligan/sim-square-broad-r00-sobol-divl/seed-4,mulligan/sim-square-broad-r00-sobol-divl/seed-4,53.25,53,51.836667,51.8633,-0.026633333
square_broad_r0_sobol,hil,square_broad,r0,mulligan_sobol,5,grid_complete,mulligan/sim-square-broad-r00-sobol-idql/seed-5,mulligan/sim-square-broad-r00-sobol-idql/seed-5,mulligan/sim-square-broad-r00-sobol-divl/seed-5,mulligan/sim-square-broad-r00-sobol-divl/seed-5,56.5,53.5,55.45,55.6133,-0.1633
square_broad_r0_first100_baseline_uniform,hil,square_broad,r0_first100,baseline_uniform,1,grid_complete,mulligan/sim-square-broad-r00-baseline-first100-idql/seed-1,mulligan/sim-square-broad-r00-baseline-first100-idql/seed-1,mulligan/sim-square-broad-r00-baseline-first100-divl/seed-1,mulligan/sim-square-broad-r00-baseline-first100-divl/seed-1,19.75,21.75,19.293333,19.68,-0.38666667
square_broad_r0_first100_baseline_uniform,hil,square_broad,r0_first100,baseline_uniform,2,grid_complete,mulligan/sim-square-broad-r00-baseline-first100-idql/seed-2,mulligan/sim-square-broad-r00-baseline-first100-idql/seed-2,mulligan/sim-square-broad-r00-baseline-first100-divl/seed-2,mulligan/sim-square-broad-r00-baseline-first100-divl/seed-2,22,20.75,20.713333,20.9467,-0.23336667
square_broad_r0_first100_baseline_uniform,hil,square_broad,r0_first100,baseline_uniform,3,grid_complete,mulligan/sim-square-broad-r00-baseline-first100-idql/seed-3,mulligan/sim-square-broad-r00-baseline-first100-idql/seed-3,mulligan/sim-square-broad-r00-baseline-first100-divl/seed-3,mulligan/sim-square-broad-r00-baseline-first100-divl/seed-3,19.25,18.25,18.353333,18.36,-0.0066666667
square_broad_r0_first100_baseline_uniform,hil,square_broad,r0_first100,baseline_uniform,4,grid_complete,mulligan/sim-square-broad-r00-baseline-first100-idql/seed-4,mulligan/sim-square-broad-r00-baseline-first100-idql/seed-4,mulligan/sim-square-broad-r00-baseline-first100-divl/seed-4,mulligan/sim-square-broad-r00-baseline-first100-divl/seed-4,21.5,22,19.496667,20.1233,-0.62663333
square_broad_r0_first100_baseline_uniform,hil,square_broad,r0_first100,baseline_uniform,5,grid_complete,mulligan/sim-square-broad-r00-baseline-first100-idql/seed-5,mulligan/sim-square-broad-r00-baseline-first100-idql/seed-5,mulligan/sim-square-broad-r00-baseline-first100-divl/seed-5,mulligan/sim-square-broad-r00-baseline-first100-divl/seed-5,23.25,24,22.106667,22.4367,-0.33003333
square_broad_r0_first100_sobol,hil,square_broad,r0_first100,mulligan_sobol,1,grid_complete,mulligan/sim-square-broad-r00-sobol-first100-idql/seed-1,mulligan/sim-square-broad-r00-sobol-first100-idql/seed-1,mulligan/sim-square-broad-r00-sobol-first100-divl/seed-1,mulligan/sim-square-broad-r00-sobol-first100-divl/seed-1,24,22.25,24.096667,24.3433,-0.24663333
square_broad_r0_first100_sobol,hil,square_broad,r0_first100,mulligan_sobol,2,grid_complete,mulligan/sim-square-broad-r00-sobol-first100-idql/seed-2,mulligan/sim-square-broad-r00-sobol-first100-idql/seed-2,mulligan/sim-square-broad-r00-sobol-first100-divl/seed-2,mulligan/sim-square-broad-r00-sobol-first100-divl/seed-2,26.25,26,24.996667,24.8233,0.17336667
square_broad_r0_first100_sobol,hil,square_broad,r0_first100,mulligan_sobol,3,grid_complete,mulligan/sim-square-broad-r00-sobol-first100-idql/seed-3,mulligan/sim-square-broad-r00-sobol-first100-idql/seed-3,mulligan/sim-square-broad-r00-sobol-first100-divl/seed-3,mulligan/sim-square-broad-r00-sobol-first100-divl/seed-3,23.5,22.5,23.496667,22.9633,0.53336667
square_broad_r0_first100_sobol,hil,square_broad,r0_first100,mulligan_sobol,4,grid_complete,mulligan/sim-square-broad-r00-sobol-first100-idql/seed-4,mulligan/sim-square-broad-r00-sobol-first100-idql/seed-4,mulligan/sim-square-broad-r00-sobol-first100-divl/seed-4,mulligan/sim-square-broad-r00-sobol-first100-divl/seed-4,26.5,26,24.15,23.9867,0.1633
square_broad_r0_first100_sobol,hil,square_broad,r0_first100,mulligan_sobol,5,grid_complete,mulligan/sim-square-broad-r00-sobol-first100-idql/seed-5,mulligan/sim-square-broad-r00-sobol-first100-idql/seed-5,mulligan/sim-square-broad-r00-sobol-first100-divl/seed-5,mulligan/sim-square-broad-r00-sobol-first100-divl/seed-5,19.75,20,21.733333,21.78,-0.046666667
square_broad_r1_baseline_uniform_no_cf_human_only,hil,square_broad,r1,baseline_uniform,1,grid_complete,mulligan/sim-square-broad-r01-baseline-idql/seed-1,mulligan/sim-square-broad-r01-baseline-idql/seed-1,mulligan/sim-square-broad-r01-baseline-divl/seed-1,mulligan/sim-square-broad-r01-baseline-divl/seed-1,64.5,64.25,63.35,63.0533,0.2967
square_broad_r1_baseline_uniform_no_cf_human_only,hil,square_broad,r1,baseline_uniform,2,grid_complete,mulligan/sim-square-broad-r01-baseline-idql/seed-2,mulligan/sim-square-broad-r01-baseline-idql/seed-2,mulligan/sim-square-broad-r01-baseline-divl/seed-2,mulligan/sim-square-broad-r01-baseline-divl/seed-2,67,62.75,63.813333,63.57,0.24333333
square_broad_r1_baseline_uniform_no_cf_human_only,hil,square_broad,r1,baseline_uniform,3,grid_complete,mulligan/sim-square-broad-r01-baseline-idql/seed-3,mulligan/sim-square-broad-r01-baseline-idql/seed-3,mulligan/sim-square-broad-r01-baseline-divl/seed-3,mulligan/sim-square-broad-r01-baseline-divl/seed-3,64.5,64,63.616667,64.0333,-0.41663333
square_broad_r1_baseline_uniform_no_cf_human_only,hil,square_broad,r1,baseline_uniform,4,grid_complete,mulligan/sim-square-broad-r01-baseline-idql/seed-4,mulligan/sim-square-broad-r01-baseline-idql/seed-4,mulligan/sim-square-broad-r01-baseline-divl/seed-4,mulligan/sim-square-broad-r01-baseline-divl/seed-4,65.75,62.5,62.29,62.98,-0.69
square_broad_r1_baseline_uniform_no_cf_human_only,hil,square_broad,r1,baseline_uniform,5,grid_complete,mulligan/sim-square-broad-r01-baseline-idql/seed-5,mulligan/sim-square-broad-r01-baseline-idql/seed-5,mulligan/sim-square-broad-r01-baseline-divl/seed-5,mulligan/sim-square-broad-r01-baseline-divl/seed-5,66.25,65,63.053333,63.56,-0.50666667
square_broad_r1_baseline_uniform_no_cf_straddled_auto_success,hil,square_broad,r1,baseline_uniform,1,grid_complete,mulligan/sim-square-broad-r01-baseline-straddled-auto-success-idql/seed-1,mulligan/sim-square-broad-r01-baseline-straddled-auto-success-idql/seed-1,mulligan/sim-square-broad-r01-baseline-straddled-auto-success-divl/seed-1,mulligan/sim-square-broad-r01-baseline-straddled-auto-success-divl/seed-1,66.25,63.75,62.223333,62.1767,0.046633333
square_broad_r1_baseline_uniform_no_cf_straddled_auto_success,hil,square_broad,r1,baseline_uniform,2,grid_complete,mulligan/sim-square-broad-r01-baseline-straddled-auto-success-idql/seed-2,mulligan/sim-square-broad-r01-baseline-straddled-auto-success-idql/seed-2,mulligan/sim-square-broad-r01-baseline-straddled-auto-success-divl/seed-2,mulligan/sim-square-broad-r01-baseline-straddled-auto-success-divl/seed-2,64.5,63,61.193333,60.6367,0.55663333
square_broad_r1_baseline_uniform_no_cf_straddled_auto_success,hil,square_broad,r1,baseline_uniform,3,grid_complete,mulligan/sim-square-broad-r01-baseline-straddled-auto-success-idql/seed-3,mulligan/sim-square-broad-r01-baseline-straddled-auto-success-idql/seed-3,mulligan/sim-square-broad-r01-baseline-straddled-auto-success-divl/seed-3,mulligan/sim-square-broad-r01-baseline-straddled-auto-success-divl/seed-3,64.75,61.25,62.023333,61.78,0.24333333
square_broad_r1_baseline_uniform_no_cf_straddled_auto_success,hil,square_broad,r1,baseline_uniform,4,grid_complete,mulligan/sim-square-broad-r01-baseline-straddled-auto-success-idql/seed-4,mulligan/sim-square-broad-r01-baseline-straddled-auto-success-idql/seed-4,mulligan/sim-square-broad-r01-baseline-straddled-auto-success-divl/seed-4,mulligan/sim-square-broad-r01-baseline-straddled-auto-success-divl/seed-4,59.5,60,60.706667,61.0033,-0.29663333
square_broad_r1_baseline_uniform_no_cf_straddled_auto_success,hil,square_broad,r1,baseline_uniform,5,grid_complete,mulligan/sim-square-broad-r01-baseline-straddled-auto-success-idql/seed-5,mulligan/sim-square-broad-r01-baseline-straddled-auto-success-idql/seed-5,mulligan/sim-square-broad-r01-baseline-straddled-auto-success-divl/seed-5,mulligan/sim-square-broad-r01-baseline-straddled-auto-success-divl/seed-5,60.25,64.5,62.856667,62.9267,-0.070033333
square_broad_r1_mulligan_with_cf_human_only,hil,square_broad,r1,mulligan,1,grid_complete,mulligan/sim-square-broad-r01-mulligan-idql/seed-1,mulligan/sim-square-broad-r01-mulligan-idql/seed-1,mulligan/sim-square-broad-r01-mulligan-divl/seed-1,mulligan/sim-square-broad-r01-mulligan-divl/seed-1,71,71.25,70.9033,70.4233,0.48
square_broad_r1_mulligan_with_cf_human_only,hil,square_broad,r1,mulligan,2,grid_complete,mulligan/sim-square-broad-r01-mulligan-idql/seed-2,mulligan/sim-square-broad-r01-mulligan-idql/seed-2,mulligan/sim-square-broad-r01-mulligan-divl/seed-2,mulligan/sim-square-broad-r01-mulligan-divl/seed-2,77,77,75.1767,74.8067,0.37
square_broad_r1_mulligan_with_cf_human_only,hil,square_broad,r1,mulligan,3,grid_complete,mulligan/sim-square-broad-r01-mulligan-idql/seed-3,mulligan/sim-square-broad-r01-mulligan-idql/seed-3,mulligan/sim-square-broad-r01-mulligan-divl/seed-3,mulligan/sim-square-broad-r01-mulligan-divl/seed-3,68.75,69.75,70.2833,70.9433,-0.66
square_broad_r1_mulligan_with_cf_human_only,hil,square_broad,r1,mulligan,4,grid_complete,mulligan/sim-square-broad-r01-mulligan-idql/seed-4,mulligan/sim-square-broad-r01-mulligan-idql/seed-4,mulligan/sim-square-broad-r01-mulligan-divl/seed-4,mulligan/sim-square-broad-r01-mulligan-divl/seed-4,73.5,71,71.0767,71.06,0.0167
square_broad_r1_mulligan_with_cf_human_only,hil,square_broad,r1,mulligan,5,grid_complete,mulligan/sim-square-broad-r01-mulligan-idql/seed-5,mulligan/sim-square-broad-r01-mulligan-idql/seed-5,mulligan/sim-square-broad-r01-mulligan-divl/seed-5,mulligan/sim-square-broad-r01-mulligan-divl/seed-5,74.5,71.25,71.28,71.14,0.14
square_broad_r1_mulligan_no_cf_human_only,hil,square_broad,r1,mulligan,1,grid_complete,mulligan/sim-square-broad-r01-mulligan-no-cf-idql/seed-1,mulligan/sim-square-broad-r01-mulligan-no-cf-idql/seed-1,mulligan/sim-square-broad-r01-mulligan-no-cf-divl/seed-1,mulligan/sim-square-broad-r01-mulligan-no-cf-divl/seed-1,72.5,72.25,70.67,71.04,-0.37
square_broad_r1_mulligan_no_cf_human_only,hil,square_broad,r1,mulligan,2,grid_complete,mulligan/sim-square-broad-r01-mulligan-no-cf-idql/seed-2,mulligan/sim-square-broad-r01-mulligan-no-cf-idql/seed-2,mulligan/sim-square-broad-r01-mulligan-no-cf-divl/seed-2,mulligan/sim-square-broad-r01-mulligan-no-cf-divl/seed-2,75,74.25,71.18,70.9133,0.2667
square_broad_r1_mulligan_no_cf_human_only,hil,square_broad,r1,mulligan,3,grid_complete,mulligan/sim-square-broad-r01-mulligan-no-cf-idql/seed-3,mulligan/sim-square-broad-r01-mulligan-no-cf-idql/seed-3,mulligan/sim-square-broad-r01-mulligan-no-cf-divl/seed-3,mulligan/sim-square-broad-r01-mulligan-no-cf-divl/seed-3,67,64.75,66.583333,66.8933,-0.30996667
square_broad_r1_mulligan_no_cf_human_only,hil,square_broad,r1,mulligan,4,grid_complete,mulligan/sim-square-broad-r01-mulligan-no-cf-idql/seed-4,mulligan/sim-square-broad-r01-mulligan-no-cf-idql/seed-4,mulligan/sim-square-broad-r01-mulligan-no-cf-divl/seed-4,mulligan/sim-square-broad-r01-mulligan-no-cf-divl/seed-4,68.25,67,69.346667,68.6433,0.70336667
square_broad_r1_mulligan_no_cf_human_only,hil,square_broad,r1,mulligan,5,grid_complete,mulligan/sim-square-broad-r01-mulligan-no-cf-idql/seed-5,mulligan/sim-square-broad-r01-mulligan-no-cf-idql/seed-5,mulligan/sim-square-broad-r01-mulligan-no-cf-divl/seed-5,mulligan/sim-square-broad-r01-mulligan-no-cf-divl/seed-5,71.5,69.25,70.836667,70.5433,0.29336667
square_broad_r1_sobol_with_cf_human_only,hil,square_broad,r1,mulligan_sobol,1,grid_complete,mulligan/sim-square-broad-r01-sobol-with-cf-idql/seed-1,mulligan/sim-square-broad-r01-sobol-with-cf-idql/seed-1,mulligan/sim-square-broad-r01-sobol-with-cf-divl/seed-1,mulligan/sim-square-broad-r01-sobol-with-cf-divl/seed-1,72.25,72.5,70.383333,70.6233,-0.23996667
square_broad_r1_sobol_with_cf_human_only,hil,square_broad,r1,mulligan_sobol,2,grid_complete,mulligan/sim-square-broad-r01-sobol-with-cf-idql/seed-2,mulligan/sim-square-broad-r01-sobol-with-cf-idql/seed-2,mulligan/sim-square-broad-r01-sobol-with-cf-divl/seed-2,mulligan/sim-square-broad-r01-sobol-with-cf-divl/seed-2,70.25,69.75,66.2,66.6333,-0.4333
square_broad_r1_sobol_with_cf_human_only,hil,square_broad,r1,mulligan_sobol,3,grid_complete,mulligan/sim-square-broad-r01-sobol-with-cf-idql/seed-3,mulligan/sim-square-broad-r01-sobol-with-cf-idql/seed-3,mulligan/sim-square-broad-r01-sobol-with-cf-divl/seed-3,mulligan/sim-square-broad-r01-sobol-with-cf-divl/seed-3,71,69.5,69.993333,69.74,0.25333333
square_broad_r1_sobol_with_cf_human_only,hil,square_broad,r1,mulligan_sobol,4,grid_complete,mulligan/sim-square-broad-r01-sobol-with-cf-idql/seed-4,mulligan/sim-square-broad-r01-sobol-with-cf-idql/seed-4,mulligan/sim-square-broad-r01-sobol-with-cf-divl/seed-4,mulligan/sim-square-broad-r01-sobol-with-cf-divl/seed-4,71.75,72.25,70.786667,71.0467,-0.26003333
square_broad_r1_sobol_with_cf_human_only,hil,square_broad,r1,mulligan_sobol,5,grid_complete,mulligan/sim-square-broad-r01-sobol-with-cf-idql/seed-5,mulligan/sim-square-broad-r01-sobol-with-cf-idql/seed-5,mulligan/sim-square-broad-r01-sobol-with-cf-divl/seed-5,mulligan/sim-square-broad-r01-sobol-with-cf-divl/seed-5,74.25,73,72.096667,71.3233,0.77336667
square_broad_r1_sobol_no_cf_human_only,hil,square_broad,r1,mulligan_sobol,1,grid_complete,mulligan/sim-square-broad-r01-sobol-no-cf-idql/seed-1,mulligan/sim-square-broad-r01-sobol-no-cf-idql/seed-1,mulligan/sim-square-broad-r01-sobol-no-cf-divl/seed-1,mulligan/sim-square-broad-r01-sobol-no-cf-divl/seed-1,68.75,69,67.69,68.0967,-0.4067
square_broad_r1_sobol_no_cf_human_only,hil,square_broad,r1,mulligan_sobol,2,grid_complete,mulligan/sim-square-broad-r01-sobol-no-cf-idql/seed-2,mulligan/sim-square-broad-r01-sobol-no-cf-idql/seed-2,mulligan/sim-square-broad-r01-sobol-no-cf-divl/seed-2,mulligan/sim-square-broad-r01-sobol-no-cf-divl/seed-2,73.25,70.25,69.553333,69.37,0.18333333
square_broad_r1_sobol_no_cf_human_only,hil,square_broad,r1,mulligan_sobol,3,grid_complete,mulligan/sim-square-broad-r01-sobol-no-cf-idql/seed-3,mulligan/sim-square-broad-r01-sobol-no-cf-idql/seed-3,mulligan/sim-square-broad-r01-sobol-no-cf-divl/seed-3,mulligan/sim-square-broad-r01-sobol-no-cf-divl/seed-3,74.75,73.75,72.85,72.6433,0.2067
square_broad_r1_sobol_no_cf_human_only,hil,square_broad,r1,mulligan_sobol,4,grid_complete,mulligan/sim-square-broad-r01-sobol-no-cf-idql/seed-4,mulligan/sim-square-broad-r01-sobol-no-cf-idql/seed-4,mulligan/sim-square-broad-r01-sobol-no-cf-divl/seed-4,mulligan/sim-square-broad-r01-sobol-no-cf-divl/seed-4,71.25,70.5,70.096667,70.22,-0.12333333
square_broad_r1_sobol_no_cf_human_only,hil,square_broad,r1,mulligan_sobol,5,grid_complete,mulligan/sim-square-broad-r01-sobol-no-cf-idql/seed-5,mulligan/sim-square-broad-r01-sobol-no-cf-idql/seed-5,mulligan/sim-square-broad-r01-sobol-no-cf-divl/seed-5,mulligan/sim-square-broad-r01-sobol-no-cf-divl/seed-5,74.5,72.25,73.25,73.0733,0.1767
square_broad_r2_baseline_uniform_no_cf_human_only,hil,square_broad,r2,baseline_uniform,1,grid_complete,mulligan/sim-square-broad-r02-baseline-idql/seed-1,mulligan/sim-square-broad-r02-baseline-idql/seed-1,mulligan/sim-square-broad-r02-baseline-divl/seed-1,mulligan/sim-square-broad-r02-baseline-divl/seed-1,70,71.25,70.6,70.97,-0.37
square_broad_r2_baseline_uniform_no_cf_human_only,hil,square_broad,r2,baseline_uniform,2,grid_complete,mulligan/sim-square-broad-r02-baseline-idql/seed-2,mulligan/sim-square-broad-r02-baseline-idql/seed-2,mulligan/sim-square-broad-r02-baseline-divl/seed-2,mulligan/sim-square-broad-r02-baseline-divl/seed-2,73.5,72,72.93,72.9933,-0.0633
square_broad_r2_baseline_uniform_no_cf_human_only,hil,square_broad,r2,baseline_uniform,3,grid_complete,mulligan/sim-square-broad-r02-baseline-idql/seed-3,mulligan/sim-square-broad-r02-baseline-idql/seed-3,mulligan/sim-square-broad-r02-baseline-divl/seed-3,mulligan/sim-square-broad-r02-baseline-divl/seed-3,72.25,69.75,71.066667,70.9733,0.093366667
square_broad_r2_baseline_uniform_no_cf_human_only,hil,square_broad,r2,baseline_uniform,4,grid_complete,mulligan/sim-square-broad-r02-baseline-idql/seed-4,mulligan/sim-square-broad-r02-baseline-idql/seed-4,mulligan/sim-square-broad-r02-baseline-divl/seed-4,mulligan/sim-square-broad-r02-baseline-divl/seed-4,67,67.75,66.89,66.6533,0.2367
square_broad_r2_baseline_uniform_no_cf_human_only,hil,square_broad,r2,baseline_uniform,5,grid_complete,mulligan/sim-square-broad-r02-baseline-idql/seed-5,mulligan/sim-square-broad-r02-baseline-idql/seed-5,mulligan/sim-square-broad-r02-baseline-divl/seed-5,mulligan/sim-square-broad-r02-baseline-divl/seed-5,71.25,70.75,71.39,70.9967,0.3933
square_broad_r2_mulligan_with_cf_human_only,hil,square_broad,r2,mulligan,1,grid_complete,mulligan/sim-square-broad-r02-mulligan-idql/seed-1,mulligan/sim-square-broad-r02-mulligan-idql/seed-1,mulligan/sim-square-broad-r02-mulligan-divl/seed-1,mulligan/sim-square-broad-r02-mulligan-divl/seed-1,79.5,82.25,82.32,82.0333,0.2867
square_broad_r2_mulligan_with_cf_human_only,hil,square_broad,r2,mulligan,2,grid_complete,mulligan/sim-square-broad-r02-mulligan-idql/seed-2,mulligan/sim-square-broad-r02-mulligan-idql/seed-2,mulligan/sim-square-broad-r02-mulligan-divl/seed-2,mulligan/sim-square-broad-r02-mulligan-divl/seed-2,83.25,83.25,82.8,83.27,-0.47
square_broad_r2_mulligan_with_cf_human_only,hil,square_broad,r2,mulligan,3,grid_complete,mulligan/sim-square-broad-r02-mulligan-idql/seed-3,mulligan/sim-square-broad-r02-mulligan-idql/seed-3,mulligan/sim-square-broad-r02-mulligan-divl/seed-3,mulligan/sim-square-broad-r02-mulligan-divl/seed-3,82,83,82.63,82.4567,0.1733
square_broad_r2_mulligan_with_cf_human_only,hil,square_broad,r2,mulligan,4,grid_complete,mulligan/sim-square-broad-r02-mulligan-idql/seed-4,mulligan/sim-square-broad-r02-mulligan-idql/seed-4,mulligan/sim-square-broad-r02-mulligan-divl/seed-4,mulligan/sim-square-broad-r02-mulligan-divl/seed-4,83.75,81.75,81.756667,82.1533,-0.39663333
square_broad_r2_mulligan_with_cf_human_only,hil,square_broad,r2,mulligan,5,grid_complete,mulligan/sim-square-broad-r02-mulligan-idql/seed-5,mulligan/sim-square-broad-r02-mulligan-idql/seed-5,mulligan/sim-square-broad-r02-mulligan-divl/seed-5,mulligan/sim-square-broad-r02-mulligan-divl/seed-5,85,83,82.306667,82.4833,-0.17663333
square_broad_r2_mulligan_no_cf_human_only,hil,square_broad,r2,mulligan,1,grid_complete,mulligan/sim-square-broad-r02-mulligan-no-cf-idql/seed-1,mulligan/sim-square-broad-r02-mulligan-no-cf-idql/seed-1,mulligan/sim-square-broad-r02-mulligan-no-cf-divl/seed-1,mulligan/sim-square-broad-r02-mulligan-no-cf-divl/seed-1,83,84.75,83.296667,83.4,-0.10333333
square_broad_r2_mulligan_no_cf_human_only,hil,square_broad,r2,mulligan,2,grid_complete,mulligan/sim-square-broad-r02-mulligan-no-cf-idql/seed-2,mulligan/sim-square-broad-r02-mulligan-no-cf-idql/seed-2,mulligan/sim-square-broad-r02-mulligan-no-cf-divl/seed-2,mulligan/sim-square-broad-r02-mulligan-no-cf-divl/seed-2,80.5,80.25,79.283333,79.4267,-0.14336667
square_broad_r2_mulligan_no_cf_human_only,hil,square_broad,r2,mulligan,3,grid_complete,mulligan/sim-square-broad-r02-mulligan-no-cf-idql/seed-3,mulligan/sim-square-broad-r02-mulligan-no-cf-idql/seed-3,mulligan/sim-square-broad-r02-mulligan-no-cf-divl/seed-3,mulligan/sim-square-broad-r02-mulligan-no-cf-divl/seed-3,81.25,81.75,80.653333,80.7667,-0.11336667
square_broad_r2_mulligan_no_cf_human_only,hil,square_broad,r2,mulligan,4,grid_complete,mulligan/sim-square-broad-r02-mulligan-no-cf-idql/seed-4,mulligan/sim-square-broad-r02-mulligan-no-cf-idql/seed-4,mulligan/sim-square-broad-r02-mulligan-no-cf-divl/seed-4,mulligan/sim-square-broad-r02-mulligan-no-cf-divl/seed-4,81.75,79.5,81.33,81.46,-0.13
square_broad_r2_mulligan_no_cf_human_only,hil,square_broad,r2,mulligan,5,grid_complete,mulligan/sim-square-broad-r02-mulligan-no-cf-idql/seed-5,mulligan/sim-square-broad-r02-mulligan-no-cf-idql/seed-5,mulligan/sim-square-broad-r02-mulligan-no-cf-divl/seed-5,mulligan/sim-square-broad-r02-mulligan-no-cf-divl/seed-5,85,85,81.67,81.3133,0.3567
square_broad_r2_sobol_with_cf_human_only,hil,square_broad,r2,mulligan_sobol,1,grid_complete,mulligan/sim-square-broad-r02-sobol-with-cf-idql/seed-1,mulligan/sim-square-broad-r02-sobol-with-cf-idql/seed-1,mulligan/sim-square-broad-r02-sobol-with-cf-divl/seed-1,mulligan/sim-square-broad-r02-sobol-with-cf-divl/seed-1,78.75,78.5,77.1,76.62,0.48
square_broad_r2_sobol_with_cf_human_only,hil,square_broad,r2,mulligan_sobol,2,grid_complete,mulligan/sim-square-broad-r02-sobol-with-cf-idql/seed-2,mulligan/sim-square-broad-r02-sobol-with-cf-idql/seed-2,mulligan/sim-square-broad-r02-sobol-with-cf-divl/seed-2,mulligan/sim-square-broad-r02-sobol-with-cf-divl/seed-2,82.75,80,81.273333,81.1633,0.11003333
square_broad_r2_sobol_with_cf_human_only,hil,square_broad,r2,mulligan_sobol,3,grid_complete,mulligan/sim-square-broad-r02-sobol-with-cf-idql/seed-3,mulligan/sim-square-broad-r02-sobol-with-cf-idql/seed-3,mulligan/sim-square-broad-r02-sobol-with-cf-divl/seed-3,mulligan/sim-square-broad-r02-sobol-with-cf-divl/seed-3,80.75,80.5,78.433333,78.44,-0.0066666667
square_broad_r2_sobol_with_cf_human_only,hil,square_broad,r2,mulligan_sobol,4,grid_complete,mulligan/sim-square-broad-r02-sobol-with-cf-idql/seed-4,mulligan/sim-square-broad-r02-sobol-with-cf-idql/seed-4,mulligan/sim-square-broad-r02-sobol-with-cf-divl/seed-4,mulligan/sim-square-broad-r02-sobol-with-cf-divl/seed-4,79.25,78.75,77.496667,77.3667,0.12996667
square_broad_r2_sobol_with_cf_human_only,hil,square_broad,r2,mulligan_sobol,5,grid_complete,mulligan/sim-square-broad-r02-sobol-with-cf-idql/seed-5,mulligan/sim-square-broad-r02-sobol-with-cf-idql/seed-5,mulligan/sim-square-broad-r02-sobol-with-cf-divl/seed-5,mulligan/sim-square-broad-r02-sobol-with-cf-divl/seed-5,76,78.75,76.596667,76.46,0.13666667
square_broad_r2_sobol_no_cf_human_only,hil,square_broad,r2,mulligan_sobol,1,grid_complete,mulligan/sim-square-broad-r02-sobol-no-cf-idql/seed-1,mulligan/sim-square-broad-r02-sobol-no-cf-idql/seed-1,mulligan/sim-square-broad-r02-sobol-no-cf-divl/seed-1,mulligan/sim-square-broad-r02-sobol-no-cf-divl/seed-1,76.75,75.25,74.64,75.0667,-0.4267
square_broad_r2_sobol_no_cf_human_only,hil,square_broad,r2,mulligan_sobol,2,grid_complete,mulligan/sim-square-broad-r02-sobol-no-cf-idql/seed-2,mulligan/sim-square-broad-r02-sobol-no-cf-idql/seed-2,mulligan/sim-square-broad-r02-sobol-no-cf-divl/seed-2,mulligan/sim-square-broad-r02-sobol-no-cf-divl/seed-2,76,76,77.53,77.2333,0.2967
square_broad_r2_sobol_no_cf_human_only,hil,square_broad,r2,mulligan_sobol,3,grid_complete,mulligan/sim-square-broad-r02-sobol-no-cf-idql/seed-3,mulligan/sim-square-broad-r02-sobol-no-cf-idql/seed-3,mulligan/sim-square-broad-r02-sobol-no-cf-divl/seed-3,mulligan/sim-square-broad-r02-sobol-no-cf-divl/seed-3,72.25,73.25,74.626667,74.12,0.50666667
square_broad_r2_sobol_no_cf_human_only,hil,square_broad,r2,mulligan_sobol,4,grid_complete,mulligan/sim-square-broad-r02-sobol-no-cf-idql/seed-4,mulligan/sim-square-broad-r02-sobol-no-cf-idql/seed-4,mulligan/sim-square-broad-r02-sobol-no-cf-divl/seed-4,mulligan/sim-square-broad-r02-sobol-no-cf-divl/seed-4,76.5,75.5,76.243333,75.83,0.41333333
square_broad_r2_sobol_no_cf_human_only,hil,square_broad,r2,mulligan_sobol,5,grid_complete,mulligan/sim-square-broad-r02-sobol-no-cf-idql/seed-5,mulligan/sim-square-broad-r02-sobol-no-cf-idql/seed-5,mulligan/sim-square-broad-r02-sobol-no-cf-divl/seed-5,mulligan/sim-square-broad-r02-sobol-no-cf-divl/seed-5,78,79,76.986667,76.87,0.11666667
square_broad_r3_baseline_uniform_no_cf_human_only,hil,square_broad,r3,baseline_uniform,1,grid_complete,mulligan/sim-square-broad-r03-baseline-idql/seed-1,mulligan/sim-square-broad-r03-baseline-idql/seed-1,mulligan/sim-square-broad-r03-baseline-divl/seed-1,mulligan/sim-square-broad-r03-baseline-divl/seed-1,83.25,83.75,83.04,83.1567,-0.1167
square_broad_r3_baseline_uniform_no_cf_human_only,hil,square_broad,r3,baseline_uniform,2,grid_complete,mulligan/sim-square-broad-r03-baseline-idql/seed-2,mulligan/sim-square-broad-r03-baseline-idql/seed-2,mulligan/sim-square-broad-r03-baseline-divl/seed-2,mulligan/sim-square-broad-r03-baseline-divl/seed-2,80.75,81,79.613333,79.4567,0.15663333
square_broad_r3_baseline_uniform_no_cf_human_only,hil,square_broad,r3,baseline_uniform,3,grid_complete,mulligan/sim-square-broad-r03-baseline-idql/seed-3,mulligan/sim-square-broad-r03-baseline-idql/seed-3,mulligan/sim-square-broad-r03-baseline-divl/seed-3,mulligan/sim-square-broad-r03-baseline-divl/seed-3,81,80,78.7,78.5067,0.1933
square_broad_r3_baseline_uniform_no_cf_human_only,hil,square_broad,r3,baseline_uniform,4,grid_complete,mulligan/sim-square-broad-r03-baseline-idql/seed-4,mulligan/sim-square-broad-r03-baseline-idql/seed-4,mulligan/sim-square-broad-r03-baseline-divl/seed-4,mulligan/sim-square-broad-r03-baseline-divl/seed-4,71.5,71,72.523333,73.2267,-0.70336667
square_broad_r3_baseline_uniform_no_cf_human_only,hil,square_broad,r3,baseline_uniform,5,grid_complete,mulligan/sim-square-broad-r03-baseline-idql/seed-5,mulligan/sim-square-broad-r03-baseline-idql/seed-5,mulligan/sim-square-broad-r03-baseline-divl/seed-5,mulligan/sim-square-broad-r03-baseline-divl/seed-5,80,83,78.88,78.58,0.3
square_broad_r3_mulligan_with_cf_human_only,hil,square_broad,r3,mulligan,1,grid_complete,mulligan/sim-square-broad-r03-mulligan-idql/seed-1,mulligan/sim-square-broad-r03-mulligan-idql/seed-1,mulligan/sim-square-broad-r03-mulligan-divl/seed-1,mulligan/sim-square-broad-r03-mulligan-divl/seed-1,83.25,84.5,85.26,85.4733,-0.2133
square_broad_r3_mulligan_with_cf_human_only,hil,square_broad,r3,mulligan,2,grid_complete,mulligan/sim-square-broad-r03-mulligan-idql/seed-2,mulligan/sim-square-broad-r03-mulligan-idql/seed-2,mulligan/sim-square-broad-r03-mulligan-divl/seed-2,mulligan/sim-square-broad-r03-mulligan-divl/seed-2,86.75,86.25,85.346667,85.3433,0.0033666667
square_broad_r3_mulligan_with_cf_human_only,hil,square_broad,r3,mulligan,3,grid_complete,mulligan/sim-square-broad-r03-mulligan-idql/seed-3,mulligan/sim-square-broad-r03-mulligan-idql/seed-3,mulligan/sim-square-broad-r03-mulligan-divl/seed-3,mulligan/sim-square-broad-r03-mulligan-divl/seed-3,89.25,88.25,89.423333,89.4333,-0.0099666667
square_broad_r3_mulligan_with_cf_human_only,hil,square_broad,r3,mulligan,4,grid_complete,mulligan/sim-square-broad-r03-mulligan-idql/seed-4,mulligan/sim-square-broad-r03-mulligan-idql/seed-4,mulligan/sim-square-broad-r03-mulligan-divl/seed-4,mulligan/sim-square-broad-r03-mulligan-divl/seed-4,87.75,88,86.4,86.0733,0.3267
square_broad_r3_mulligan_with_cf_human_only,hil,square_broad,r3,mulligan,5,grid_complete,mulligan/sim-square-broad-r03-mulligan-idql/seed-5,mulligan/sim-square-broad-r03-mulligan-idql/seed-5,mulligan/sim-square-broad-r03-mulligan-divl/seed-5,mulligan/sim-square-broad-r03-mulligan-divl/seed-5,84,82,85.33,85.1167,0.2133
square_broad_r3_mulligan_no_cf_human_only,hil,square_broad,r3,mulligan,1,grid_complete,mulligan/sim-square-broad-r03-mulligan-no-cf-idql/seed-1,mulligan/sim-square-broad-r03-mulligan-no-cf-idql/seed-1,mulligan/sim-square-broad-r03-mulligan-no-cf-divl/seed-1,mulligan/sim-square-broad-r03-mulligan-no-cf-divl/seed-1,85.5,85.5,87.313333,87.66,-0.34666667
square_broad_r3_mulligan_no_cf_human_only,hil,square_broad,r3,mulligan,2,grid_complete,mulligan/sim-square-broad-r03-mulligan-no-cf-idql/seed-2,mulligan/sim-square-broad-r03-mulligan-no-cf-idql/seed-2,mulligan/sim-square-broad-r03-mulligan-no-cf-divl/seed-2,mulligan/sim-square-broad-r03-mulligan-no-cf-divl/seed-2,87.75,87,87.033333,87.1667,-0.13336667
square_broad_r3_mulligan_no_cf_human_only,hil,square_broad,r3,mulligan,3,grid_complete,mulligan/sim-square-broad-r03-mulligan-no-cf-idql/seed-3,mulligan/sim-square-broad-r03-mulligan-no-cf-idql/seed-3,mulligan/sim-square-broad-r03-mulligan-no-cf-divl/seed-3,mulligan/sim-square-broad-r03-mulligan-no-cf-divl/seed-3,88,84.75,85.213333,85.1633,0.050033333
square_broad_r3_mulligan_no_cf_human_only,hil,square_broad,r3,mulligan,4,grid_complete,mulligan/sim-square-broad-r03-mulligan-no-cf-idql/seed-4,mulligan/sim-square-broad-r03-mulligan-no-cf-idql/seed-4,mulligan/sim-square-broad-r03-mulligan-no-cf-divl/seed-4,mulligan/sim-square-broad-r03-mulligan-no-cf-divl/seed-4,85,86.5,84.64,84.6733,-0.0333
square_broad_r3_mulligan_no_cf_human_only,hil,square_broad,r3,mulligan,5,grid_complete,mulligan/sim-square-broad-r03-mulligan-no-cf-idql/seed-5,mulligan/sim-square-broad-r03-mulligan-no-cf-idql/seed-5,mulligan/sim-square-broad-r03-mulligan-no-cf-divl/seed-5,mulligan/sim-square-broad-r03-mulligan-no-cf-divl/seed-5,85.25,85.5,85.906667,85.94,-0.033333333
