run_key,family,demos,state,step,success_rate
square-narrow-rlpd-robomimic-ph/seed-1,rlpd,robomimic_ph,finished,0,0.0
square-narrow-rlpd-robomimic-ph/seed-1,rlpd,robomimic_ph,finished,10000,0.0
square-narrow-rlpd-robomimic-ph/seed-1,rlpd,robomimic_ph,finished,20000,0.0
square-narrow-rlpd-robomimic-ph/seed-1,rlpd,robomimic_ph,finished,30000,0.0
square-narrow-rlpd-robomimic-ph/seed-1,rlpd,robomimic_ph,finished,40000,0.0
square-narrow-rlpd-robomimic-ph/seed-1,rlpd,robomimic_ph,finished,50000,0.0
square-narrow-rlpd-robomimic-ph/seed-1,rlpd,robomimic_ph,finished,60000,0.0
square-narrow-rlpd-robomimic-ph/seed-1,rlpd,robomimic_ph,finished,70000,0.02
square-narrow-rlpd-robomimic-ph/seed-1,rlpd,robomimic_ph,finished,80000,0.08
square-narrow-rlpd-robomimic-ph/seed-1,rlpd,robomimic_ph,finished,90000,0.16
square-narrow-rlpd-robomimic-ph/seed-1,rlpd,robomimic_ph,finished,100000,0.18
square-narrow-rlpd-robomimic-ph/seed-1,rlpd,robomimic_ph,finished,110000,0.1
square-narrow-rlpd-robomimic-ph/seed-1,rlpd,robomimic_ph,finished,120000,0.18
square-narrow-rlpd-robomimic-ph/seed-1,rlpd,robomimic_ph,finished,130000,0.14
square-narrow-rlpd-robomimic-ph/seed-1,rlpd,robomimic_ph,finished,140000,0.38
square-narrow-rlpd-robomimic-ph/seed-1,rlpd,robomimic_ph,finished,150000,0.62
square-narrow-rlpd-robomimic-ph/seed-1,rlpd,robomimic_ph,finished,160000,0.66
square-narrow-rlpd-robomimic-ph/seed-1,rlpd,robomimic_ph,finished,170000,0.74
square-narrow-rlpd-robomimic-ph/seed-1,rlpd,robomimic_ph,finished,180000,0.8
square-narrow-rlpd-robomimic-ph/seed-1,rlpd,robomimic_ph,finished,190000,0.66
square-narrow-rlpd-robomimic-ph/seed-1,rlpd,robomimic_ph,finished,200000,0.94
square-narrow-rlpd-robomimic-ph/seed-1,rlpd,robomimic_ph,finished,210000,0.86
square-narrow-rlpd-robomimic-ph/seed-1,rlpd,robomimic_ph,finished,220000,0.86
square-narrow-rlpd-robomimic-ph/seed-1,rlpd,robomimic_ph,finished,230000,0.88
square-narrow-rlpd-robomimic-ph/seed-1,rlpd,robomimic_ph,finished,240000,0.84
square-narrow-rlpd-robomimic-ph/seed-1,rlpd,robomimic_ph,finished,250000,0.94
square-narrow-rlpd-robomimic-ph/seed-1,rlpd,robomimic_ph,finished,260000,0.96
square-narrow-rlpd-robomimic-ph/seed-1,rlpd,robomimic_ph,finished,270000,0.94
square-narrow-rlpd-robomimic-ph/seed-1,rlpd,robomimic_ph,finished,280000,0.98
square-narrow-rlpd-robomimic-ph/seed-1,rlpd,robomimic_ph,finished,290000,1.0
square-narrow-rlpd-robomimic-ph/seed-1,rlpd,robomimic_ph,finished,300000,1.0
square-narrow-rlpd-robomimic-ph/seed-2,rlpd,robomimic_ph,finished,0,0.0
square-narrow-rlpd-robomimic-ph/seed-2,rlpd,robomimic_ph,finished,10000,0.0
square-narrow-rlpd-robomimic-ph/seed-2,rlpd,robomimic_ph,finished,20000,0.0
square-narrow-rlpd-robomimic-ph/seed-2,rlpd,robomimic_ph,finished,30000,0.0
square-narrow-rlpd-robomimic-ph/seed-2,rlpd,robomimic_ph,finished,40000,0.0
square-narrow-rlpd-robomimic-ph/seed-2,rlpd,robomimic_ph,finished,50000,0.0
square-narrow-rlpd-robomimic-ph/seed-2,rlpd,robomimic_ph,finished,60000,0.0
square-narrow-rlpd-robomimic-ph/seed-2,rlpd,robomimic_ph,finished,70000,0.02
square-narrow-rlpd-robomimic-ph/seed-2,rlpd,robomimic_ph,finished,80000,0.12
square-narrow-rlpd-robomimic-ph/seed-2,rlpd,robomimic_ph,finished,90000,0.2
square-narrow-rlpd-robomimic-ph/seed-2,rlpd,robomimic_ph,finished,100000,0.38
square-narrow-rlpd-robomimic-ph/seed-2,rlpd,robomimic_ph,finished,110000,0.28
square-narrow-rlpd-robomimic-ph/seed-2,rlpd,robomimic_ph,finished,120000,0.32
square-narrow-rlpd-robomimic-ph/seed-2,rlpd,robomimic_ph,finished,130000,0.58
square-narrow-rlpd-robomimic-ph/seed-2,rlpd,robomimic_ph,finished,140000,0.6
square-narrow-rlpd-robomimic-ph/seed-2,rlpd,robomimic_ph,finished,150000,0.68
square-narrow-rlpd-robomimic-ph/seed-2,rlpd,robomimic_ph,finished,160000,0.72
square-narrow-rlpd-robomimic-ph/seed-2,rlpd,robomimic_ph,finished,170000,0.58
square-narrow-rlpd-robomimic-ph/seed-2,rlpd,robomimic_ph,finished,180000,0.9
square-narrow-rlpd-robomimic-ph/seed-2,rlpd,robomimic_ph,finished,190000,0.86
square-narrow-rlpd-robomimic-ph/seed-2,rlpd,robomimic_ph,finished,200000,0.92
square-narrow-rlpd-robomimic-ph/seed-2,rlpd,robomimic_ph,finished,210000,0.96
square-narrow-rlpd-robomimic-ph/seed-2,rlpd,robomimic_ph,finished,220000,0.96
square-narrow-rlpd-robomimic-ph/seed-2,rlpd,robomimic_ph,finished,230000,0.84
square-narrow-rlpd-robomimic-ph/seed-2,rlpd,robomimic_ph,finished,240000,0.9
square-narrow-rlpd-robomimic-ph/seed-2,rlpd,robomimic_ph,finished,250000,0.86
square-narrow-rlpd-robomimic-ph/seed-2,rlpd,robomimic_ph,finished,260000,0.82
square-narrow-rlpd-robomimic-ph/seed-2,rlpd,robomimic_ph,finished,270000,0.98
square-narrow-rlpd-robomimic-ph/seed-2,rlpd,robomimic_ph,finished,280000,0.96
square-narrow-rlpd-robomimic-ph/seed-2,rlpd,robomimic_ph,finished,290000,0.96
square-narrow-rlpd-robomimic-ph/seed-2,rlpd,robomimic_ph,finished,300000,1.0
square-narrow-rlpd-robomimic-ph/seed-3,rlpd,robomimic_ph,finished,0,0.0
square-narrow-rlpd-robomimic-ph/seed-3,rlpd,robomimic_ph,finished,10000,0.0
square-narrow-rlpd-robomimic-ph/seed-3,rlpd,robomimic_ph,finished,20000,0.0
square-narrow-rlpd-robomimic-ph/seed-3,rlpd,robomimic_ph,finished,30000,0.0
square-narrow-rlpd-robomimic-ph/seed-3,rlpd,robomimic_ph,finished,40000,0.0
square-narrow-rlpd-robomimic-ph/seed-3,rlpd,robomimic_ph,finished,50000,0.0
square-narrow-rlpd-robomimic-ph/seed-3,rlpd,robomimic_ph,finished,60000,0.0
square-narrow-rlpd-robomimic-ph/seed-3,rlpd,robomimic_ph,finished,70000,0.0
square-narrow-rlpd-robomimic-ph/seed-3,rlpd,robomimic_ph,finished,80000,0.0
square-narrow-rlpd-robomimic-ph/seed-3,rlpd,robomimic_ph,finished,90000,0.0
square-narrow-rlpd-robomimic-ph/seed-3,rlpd,robomimic_ph,finished,100000,0.06
square-narrow-rlpd-robomimic-ph/seed-3,rlpd,robomimic_ph,finished,110000,0.3
square-narrow-rlpd-robomimic-ph/seed-3,rlpd,robomimic_ph,finished,120000,0.44
square-narrow-rlpd-robomimic-ph/seed-3,rlpd,robomimic_ph,finished,130000,0.58
square-narrow-rlpd-robomimic-ph/seed-3,rlpd,robomimic_ph,finished,140000,0.82
square-narrow-rlpd-robomimic-ph/seed-3,rlpd,robomimic_ph,finished,150000,0.68
square-narrow-rlpd-robomimic-ph/seed-3,rlpd,robomimic_ph,finished,160000,0.92
square-narrow-rlpd-robomimic-ph/seed-3,rlpd,robomimic_ph,finished,170000,0.76
square-narrow-rlpd-robomimic-ph/seed-3,rlpd,robomimic_ph,finished,180000,0.82
square-narrow-rlpd-robomimic-ph/seed-3,rlpd,robomimic_ph,finished,190000,0.88
square-narrow-rlpd-robomimic-ph/seed-3,rlpd,robomimic_ph,finished,200000,0.78
square-narrow-rlpd-robomimic-ph/seed-3,rlpd,robomimic_ph,finished,210000,0.92
square-narrow-rlpd-robomimic-ph/seed-3,rlpd,robomimic_ph,finished,220000,0.86
square-narrow-rlpd-robomimic-ph/seed-3,rlpd,robomimic_ph,finished,230000,0.84
square-narrow-rlpd-robomimic-ph/seed-3,rlpd,robomimic_ph,finished,240000,0.98
square-narrow-rlpd-robomimic-ph/seed-3,rlpd,robomimic_ph,finished,250000,0.96
square-narrow-rlpd-robomimic-ph/seed-3,rlpd,robomimic_ph,finished,260000,0.94
square-narrow-rlpd-robomimic-ph/seed-3,rlpd,robomimic_ph,finished,270000,0.96
square-narrow-rlpd-robomimic-ph/seed-3,rlpd,robomimic_ph,finished,280000,0.98
square-narrow-rlpd-robomimic-ph/seed-3,rlpd,robomimic_ph,finished,290000,0.96
square-narrow-rlpd-robomimic-ph/seed-3,rlpd,robomimic_ph,finished,300000,0.96
square-narrow-rlpd-robomimic-ph/seed-4,rlpd,robomimic_ph,finished,0,0.0
square-narrow-rlpd-robomimic-ph/seed-4,rlpd,robomimic_ph,finished,10000,0.0
square-narrow-rlpd-robomimic-ph/seed-4,rlpd,robomimic_ph,finished,20000,0.0
square-narrow-rlpd-robomimic-ph/seed-4,rlpd,robomimic_ph,finished,30000,0.0
square-narrow-rlpd-robomimic-ph/seed-4,rlpd,robomimic_ph,finished,40000,0.0
square-narrow-rlpd-robomimic-ph/seed-4,rlpd,robomimic_ph,finished,50000,0.0
square-narrow-rlpd-robomimic-ph/seed-4,rlpd,robomimic_ph,finished,60000,0.04
square-narrow-rlpd-robomimic-ph/seed-4,rlpd,robomimic_ph,finished,70000,0.02
square-narrow-rlpd-robomimic-ph/seed-4,rlpd,robomimic_ph,finished,80000,0.08
square-narrow-rlpd-robomimic-ph/seed-4,rlpd,robomimic_ph,finished,90000,0.14
square-narrow-rlpd-robomimic-ph/seed-4,rlpd,robomimic_ph,finished,100000,0.18
square-narrow-rlpd-robomimic-ph/seed-4,rlpd,robomimic_ph,finished,110000,0.3
square-narrow-rlpd-robomimic-ph/seed-4,rlpd,robomimic_ph,finished,120000,0.34
square-narrow-rlpd-robomimic-ph/seed-4,rlpd,robomimic_ph,finished,130000,0.4
square-narrow-rlpd-robomimic-ph/seed-4,rlpd,robomimic_ph,finished,140000,0.58
square-narrow-rlpd-robomimic-ph/seed-4,rlpd,robomimic_ph,finished,150000,0.72
square-narrow-rlpd-robomimic-ph/seed-4,rlpd,robomimic_ph,finished,160000,0.88
square-narrow-rlpd-robomimic-ph/seed-4,rlpd,robomimic_ph,finished,170000,0.8
square-narrow-rlpd-robomimic-ph/seed-4,rlpd,robomimic_ph,finished,180000,0.9
square-narrow-rlpd-robomimic-ph/seed-4,rlpd,robomimic_ph,finished,190000,0.94
square-narrow-rlpd-robomimic-ph/seed-4,rlpd,robomimic_ph,finished,200000,0.9
square-narrow-rlpd-robomimic-ph/seed-4,rlpd,robomimic_ph,finished,210000,0.9
square-narrow-rlpd-robomimic-ph/seed-4,rlpd,robomimic_ph,finished,220000,0.86
square-narrow-rlpd-robomimic-ph/seed-4,rlpd,robomimic_ph,finished,230000,0.96
square-narrow-rlpd-robomimic-ph/seed-4,rlpd,robomimic_ph,finished,240000,0.94
square-narrow-rlpd-robomimic-ph/seed-4,rlpd,robomimic_ph,finished,250000,0.96
square-narrow-rlpd-robomimic-ph/seed-4,rlpd,robomimic_ph,finished,260000,0.92
square-narrow-rlpd-robomimic-ph/seed-4,rlpd,robomimic_ph,finished,270000,0.96
square-narrow-rlpd-robomimic-ph/seed-4,rlpd,robomimic_ph,finished,280000,0.96
square-narrow-rlpd-robomimic-ph/seed-4,rlpd,robomimic_ph,finished,290000,0.98
square-narrow-rlpd-robomimic-ph/seed-4,rlpd,robomimic_ph,finished,300000,0.96
square-narrow-rlpd-robomimic-ph/seed-5,rlpd,robomimic_ph,finished,0,0.0
square-narrow-rlpd-robomimic-ph/seed-5,rlpd,robomimic_ph,finished,10000,0.0
square-narrow-rlpd-robomimic-ph/seed-5,rlpd,robomimic_ph,finished,20000,0.0
square-narrow-rlpd-robomimic-ph/seed-5,rlpd,robomimic_ph,finished,30000,0.0
square-narrow-rlpd-robomimic-ph/seed-5,rlpd,robomimic_ph,finished,40000,0.0
square-narrow-rlpd-robomimic-ph/seed-5,rlpd,robomimic_ph,finished,50000,0.0
square-narrow-rlpd-robomimic-ph/seed-5,rlpd,robomimic_ph,finished,60000,0.02
square-narrow-rlpd-robomimic-ph/seed-5,rlpd,robomimic_ph,finished,70000,0.02
square-narrow-rlpd-robomimic-ph/seed-5,rlpd,robomimic_ph,finished,80000,0.04
square-narrow-rlpd-robomimic-ph/seed-5,rlpd,robomimic_ph,finished,90000,0.28
square-narrow-rlpd-robomimic-ph/seed-5,rlpd,robomimic_ph,finished,100000,0.28
square-narrow-rlpd-robomimic-ph/seed-5,rlpd,robomimic_ph,finished,110000,0.32
square-narrow-rlpd-robomimic-ph/seed-5,rlpd,robomimic_ph,finished,120000,0.42
square-narrow-rlpd-robomimic-ph/seed-5,rlpd,robomimic_ph,finished,130000,0.54
square-narrow-rlpd-robomimic-ph/seed-5,rlpd,robomimic_ph,finished,140000,0.76
square-narrow-rlpd-robomimic-ph/seed-5,rlpd,robomimic_ph,finished,150000,0.62
square-narrow-rlpd-robomimic-ph/seed-5,rlpd,robomimic_ph,finished,160000,0.74
square-narrow-rlpd-robomimic-ph/seed-5,rlpd,robomimic_ph,finished,170000,0.8
square-narrow-rlpd-robomimic-ph/seed-5,rlpd,robomimic_ph,finished,180000,0.8
square-narrow-rlpd-robomimic-ph/seed-5,rlpd,robomimic_ph,finished,190000,0.88
square-narrow-rlpd-robomimic-ph/seed-5,rlpd,robomimic_ph,finished,200000,0.7
square-narrow-rlpd-robomimic-ph/seed-5,rlpd,robomimic_ph,finished,210000,0.96
square-narrow-rlpd-robomimic-ph/seed-5,rlpd,robomimic_ph,finished,220000,0.8
square-narrow-rlpd-robomimic-ph/seed-5,rlpd,robomimic_ph,finished,230000,0.94
square-narrow-rlpd-robomimic-ph/seed-5,rlpd,robomimic_ph,finished,240000,0.86
square-narrow-rlpd-robomimic-ph/seed-5,rlpd,robomimic_ph,finished,250000,0.84
square-narrow-rlpd-robomimic-ph/seed-5,rlpd,robomimic_ph,finished,260000,0.94
square-narrow-rlpd-robomimic-ph/seed-5,rlpd,robomimic_ph,finished,270000,0.96
square-narrow-rlpd-robomimic-ph/seed-5,rlpd,robomimic_ph,finished,280000,0.98
square-narrow-rlpd-robomimic-ph/seed-5,rlpd,robomimic_ph,finished,290000,0.92
square-narrow-rlpd-robomimic-ph/seed-5,rlpd,robomimic_ph,finished,300000,0.96
square-narrow-rlpd/seed-1,rlpd,teleop,finished,0,0.0
square-narrow-rlpd/seed-1,rlpd,teleop,finished,10000,0.0
square-narrow-rlpd/seed-1,rlpd,teleop,finished,20000,0.0
square-narrow-rlpd/seed-1,rlpd,teleop,finished,30000,0.0
square-narrow-rlpd/seed-1,rlpd,teleop,finished,40000,0.0
square-narrow-rlpd/seed-1,rlpd,teleop,finished,50000,0.0
square-narrow-rlpd/seed-1,rlpd,teleop,finished,60000,0.0
square-narrow-rlpd/seed-1,rlpd,teleop,finished,70000,0.0
square-narrow-rlpd/seed-1,rlpd,teleop,finished,80000,0.04
square-narrow-rlpd/seed-1,rlpd,teleop,finished,90000,0.02
square-narrow-rlpd/seed-1,rlpd,teleop,finished,100000,0.04
square-narrow-rlpd/seed-1,rlpd,teleop,finished,110000,0.06
square-narrow-rlpd/seed-1,rlpd,teleop,finished,120000,0.38
square-narrow-rlpd/seed-1,rlpd,teleop,finished,130000,0.3
square-narrow-rlpd/seed-1,rlpd,teleop,finished,140000,0.3
square-narrow-rlpd/seed-1,rlpd,teleop,finished,150000,0.3
square-narrow-rlpd/seed-1,rlpd,teleop,finished,160000,0.72
square-narrow-rlpd/seed-1,rlpd,teleop,finished,170000,0.48
square-narrow-rlpd/seed-1,rlpd,teleop,finished,180000,0.66
square-narrow-rlpd/seed-1,rlpd,teleop,finished,190000,0.52
square-narrow-rlpd/seed-1,rlpd,teleop,finished,200000,0.64
square-narrow-rlpd/seed-1,rlpd,teleop,finished,210000,0.68
square-narrow-rlpd/seed-1,rlpd,teleop,finished,220000,0.68
square-narrow-rlpd/seed-1,rlpd,teleop,finished,230000,0.78
square-narrow-rlpd/seed-1,rlpd,teleop,finished,240000,0.82
square-narrow-rlpd/seed-1,rlpd,teleop,finished,250000,0.8
square-narrow-rlpd/seed-1,rlpd,teleop,finished,260000,0.9
square-narrow-rlpd/seed-1,rlpd,teleop,finished,270000,0.84
square-narrow-rlpd/seed-1,rlpd,teleop,finished,280000,0.8
square-narrow-rlpd/seed-1,rlpd,teleop,finished,290000,0.84
square-narrow-rlpd/seed-1,rlpd,teleop,finished,300000,0.92
square-narrow-rlpd/seed-2,rlpd,teleop,finished,0,0.0
square-narrow-rlpd/seed-2,rlpd,teleop,finished,10000,0.0
square-narrow-rlpd/seed-2,rlpd,teleop,finished,20000,0.0
square-narrow-rlpd/seed-2,rlpd,teleop,finished,30000,0.0
square-narrow-rlpd/seed-2,rlpd,teleop,finished,40000,0.0
square-narrow-rlpd/seed-2,rlpd,teleop,finished,50000,0.0
square-narrow-rlpd/seed-2,rlpd,teleop,finished,60000,0.0
square-narrow-rlpd/seed-2,rlpd,teleop,finished,70000,0.0
square-narrow-rlpd/seed-2,rlpd,teleop,finished,80000,0.0
square-narrow-rlpd/seed-2,rlpd,teleop,finished,90000,0.04
square-narrow-rlpd/seed-2,rlpd,teleop,finished,100000,0.1
square-narrow-rlpd/seed-2,rlpd,teleop,finished,110000,0.04
square-narrow-rlpd/seed-2,rlpd,teleop,finished,120000,0.12
square-narrow-rlpd/seed-2,rlpd,teleop,finished,130000,0.1
square-narrow-rlpd/seed-2,rlpd,teleop,finished,140000,0.08
square-narrow-rlpd/seed-2,rlpd,teleop,finished,150000,0.38
square-narrow-rlpd/seed-2,rlpd,teleop,finished,160000,0.16
square-narrow-rlpd/seed-2,rlpd,teleop,finished,170000,0.38
square-narrow-rlpd/seed-2,rlpd,teleop,finished,180000,0.36
square-narrow-rlpd/seed-2,rlpd,teleop,finished,190000,0.42
square-narrow-rlpd/seed-2,rlpd,teleop,finished,200000,0.7
square-narrow-rlpd/seed-2,rlpd,teleop,finished,210000,0.38
square-narrow-rlpd/seed-2,rlpd,teleop,finished,220000,0.74
square-narrow-rlpd/seed-2,rlpd,teleop,finished,230000,0.76
square-narrow-rlpd/seed-2,rlpd,teleop,finished,240000,0.56
square-narrow-rlpd/seed-2,rlpd,teleop,finished,250000,0.6
square-narrow-rlpd/seed-2,rlpd,teleop,finished,260000,0.68
square-narrow-rlpd/seed-2,rlpd,teleop,finished,270000,0.7
square-narrow-rlpd/seed-2,rlpd,teleop,finished,280000,0.78
square-narrow-rlpd/seed-2,rlpd,teleop,finished,290000,0.74
square-narrow-rlpd/seed-2,rlpd,teleop,finished,300000,0.76
square-narrow-rlpd/seed-3,rlpd,teleop,finished,0,0.0
square-narrow-rlpd/seed-3,rlpd,teleop,finished,10000,0.0
square-narrow-rlpd/seed-3,rlpd,teleop,finished,20000,0.0
square-narrow-rlpd/seed-3,rlpd,teleop,finished,30000,0.0
square-narrow-rlpd/seed-3,rlpd,teleop,finished,40000,0.0
square-narrow-rlpd/seed-3,rlpd,teleop,finished,50000,0.0
square-narrow-rlpd/seed-3,rlpd,teleop,finished,60000,0.0
square-narrow-rlpd/seed-3,rlpd,teleop,finished,70000,0.0
square-narrow-rlpd/seed-3,rlpd,teleop,finished,80000,0.04
square-narrow-rlpd/seed-3,rlpd,teleop,finished,90000,0.0
square-narrow-rlpd/seed-3,rlpd,teleop,finished,100000,0.0
square-narrow-rlpd/seed-3,rlpd,teleop,finished,110000,0.02
square-narrow-rlpd/seed-3,rlpd,teleop,finished,120000,0.02
square-narrow-rlpd/seed-3,rlpd,teleop,finished,130000,0.1
square-narrow-rlpd/seed-3,rlpd,teleop,finished,140000,0.12
square-narrow-rlpd/seed-3,rlpd,teleop,finished,150000,0.12
square-narrow-rlpd/seed-3,rlpd,teleop,finished,160000,0.22
square-narrow-rlpd/seed-3,rlpd,teleop,finished,170000,0.24
square-narrow-rlpd/seed-3,rlpd,teleop,finished,180000,0.58
square-narrow-rlpd/seed-3,rlpd,teleop,finished,190000,0.58
square-narrow-rlpd/seed-3,rlpd,teleop,finished,200000,0.62
square-narrow-rlpd/seed-3,rlpd,teleop,finished,210000,0.58
square-narrow-rlpd/seed-3,rlpd,teleop,finished,220000,0.54
square-narrow-rlpd/seed-3,rlpd,teleop,finished,230000,0.56
square-narrow-rlpd/seed-3,rlpd,teleop,finished,240000,0.66
square-narrow-rlpd/seed-3,rlpd,teleop,finished,250000,0.58
square-narrow-rlpd/seed-3,rlpd,teleop,finished,260000,0.72
square-narrow-rlpd/seed-3,rlpd,teleop,finished,270000,0.72
square-narrow-rlpd/seed-3,rlpd,teleop,finished,280000,0.72
square-narrow-rlpd/seed-3,rlpd,teleop,finished,290000,0.88
square-narrow-rlpd/seed-3,rlpd,teleop,finished,300000,0.88
square-narrow-rlpd/seed-4,rlpd,teleop,finished,0,0.0
square-narrow-rlpd/seed-4,rlpd,teleop,finished,10000,0.0
square-narrow-rlpd/seed-4,rlpd,teleop,finished,20000,0.0
square-narrow-rlpd/seed-4,rlpd,teleop,finished,30000,0.0
square-narrow-rlpd/seed-4,rlpd,teleop,finished,40000,0.0
square-narrow-rlpd/seed-4,rlpd,teleop,finished,50000,0.0
square-narrow-rlpd/seed-4,rlpd,teleop,finished,60000,0.0
square-narrow-rlpd/seed-4,rlpd,teleop,finished,70000,0.0
square-narrow-rlpd/seed-4,rlpd,teleop,finished,80000,0.0
square-narrow-rlpd/seed-4,rlpd,teleop,finished,90000,0.02
square-narrow-rlpd/seed-4,rlpd,teleop,finished,100000,0.02
square-narrow-rlpd/seed-4,rlpd,teleop,finished,110000,0.06
square-narrow-rlpd/seed-4,rlpd,teleop,finished,120000,0.08
square-narrow-rlpd/seed-4,rlpd,teleop,finished,130000,0.04
square-narrow-rlpd/seed-4,rlpd,teleop,finished,140000,0.04
square-narrow-rlpd/seed-4,rlpd,teleop,finished,150000,0.24
square-narrow-rlpd/seed-4,rlpd,teleop,finished,160000,0.24
square-narrow-rlpd/seed-4,rlpd,teleop,finished,170000,0.38
square-narrow-rlpd/seed-4,rlpd,teleop,finished,180000,0.48
square-narrow-rlpd/seed-4,rlpd,teleop,finished,190000,0.46
square-narrow-rlpd/seed-4,rlpd,teleop,finished,200000,0.36
square-narrow-rlpd/seed-4,rlpd,teleop,finished,210000,0.66
square-narrow-rlpd/seed-4,rlpd,teleop,finished,220000,0.5
square-narrow-rlpd/seed-4,rlpd,teleop,finished,230000,0.58
square-narrow-rlpd/seed-4,rlpd,teleop,finished,240000,0.54
square-narrow-rlpd/seed-4,rlpd,teleop,finished,250000,0.7
square-narrow-rlpd/seed-4,rlpd,teleop,finished,260000,0.52
square-narrow-rlpd/seed-4,rlpd,teleop,finished,270000,0.6
square-narrow-rlpd/seed-4,rlpd,teleop,finished,280000,0.66
square-narrow-rlpd/seed-4,rlpd,teleop,finished,290000,0.74
square-narrow-rlpd/seed-4,rlpd,teleop,finished,300000,0.76
square-narrow-rlpd/seed-5,rlpd,teleop,finished,0,0.0
square-narrow-rlpd/seed-5,rlpd,teleop,finished,10000,0.0
square-narrow-rlpd/seed-5,rlpd,teleop,finished,20000,0.0
square-narrow-rlpd/seed-5,rlpd,teleop,finished,30000,0.0
square-narrow-rlpd/seed-5,rlpd,teleop,finished,40000,0.0
square-narrow-rlpd/seed-5,rlpd,teleop,finished,50000,0.0
square-narrow-rlpd/seed-5,rlpd,teleop,finished,60000,0.0
square-narrow-rlpd/seed-5,rlpd,teleop,finished,70000,0.0
square-narrow-rlpd/seed-5,rlpd,teleop,finished,80000,0.0
square-narrow-rlpd/seed-5,rlpd,teleop,finished,90000,0.06
square-narrow-rlpd/seed-5,rlpd,teleop,finished,100000,0.18
square-narrow-rlpd/seed-5,rlpd,teleop,finished,110000,0.06
square-narrow-rlpd/seed-5,rlpd,teleop,finished,120000,0.12
square-narrow-rlpd/seed-5,rlpd,teleop,finished,130000,0.16
square-narrow-rlpd/seed-5,rlpd,teleop,finished,140000,0.38
square-narrow-rlpd/seed-5,rlpd,teleop,finished,150000,0.4
square-narrow-rlpd/seed-5,rlpd,teleop,finished,160000,0.32
square-narrow-rlpd/seed-5,rlpd,teleop,finished,170000,0.58
square-narrow-rlpd/seed-5,rlpd,teleop,finished,180000,0.48
square-narrow-rlpd/seed-5,rlpd,teleop,finished,190000,0.4
square-narrow-rlpd/seed-5,rlpd,teleop,finished,200000,0.54
square-narrow-rlpd/seed-5,rlpd,teleop,finished,210000,0.5
square-narrow-rlpd/seed-5,rlpd,teleop,finished,220000,0.58
square-narrow-rlpd/seed-5,rlpd,teleop,finished,230000,0.7
square-narrow-rlpd/seed-5,rlpd,teleop,finished,240000,0.82
square-narrow-rlpd/seed-5,rlpd,teleop,finished,250000,0.72
square-narrow-rlpd/seed-5,rlpd,teleop,finished,260000,0.8
square-narrow-rlpd/seed-5,rlpd,teleop,finished,270000,0.82
square-narrow-rlpd/seed-5,rlpd,teleop,finished,280000,0.88
square-narrow-rlpd/seed-5,rlpd,teleop,finished,290000,0.86
square-narrow-rlpd/seed-5,rlpd,teleop,finished,300000,0.88
