task,round,path,sha256,states_sha256,bytes,role,pinned_by
square_broad,0,data/sim/start_manifests/square_broad/r00/blind_inputs/square_broad_r0_mixed.json,0a71c875c491aa694768e0025b619b949cbfc6bb0d9c8f77f68222b1b799b331,16fe6b4361139835063e7c87e51ef4a747c3a003123cdea345b5b2828e2e233c,78138,collection_starts,
square_broad,0,data/sim/start_manifests/square_broad/r00/blind_inputs/square_broad_r0_mixed_manifest.json,0d3cf7d256e6b33ac6343f14a9a1c15c7300237cfcd6eab42a96e9727000643f,127054f87e2c6efa6318741609eef4202cce6c4262f7a3ebf668e7de366059bd,112545,blind_manifest,
square_broad,0,data/sim/start_manifests/square_broad/r00/init_states/square_broad_baseline_uniform_r0.json,d2ce8f7a0cc4df1c86183f270e6c0cfb04535fc28c2fc54e0ebe63ca9e7df9e3,0abe36bdc72daf3ebf4457d6711ad011b600ab7ffc7d8595334064a5879fbb79,38997,arm_starts,
square_broad,0,data/sim/start_manifests/square_broad/r00/init_states/square_broad_sobol_r0.json,7868bb3e3ec415118f719cb5b635cf71f69920a6973a677432819315cc35925f,dc718f1cb6173f8f3794015773ec938d2f5899989517034676e4b18112c0964a,39226,arm_starts,
square_broad,1,data/sim/start_manifests/square_broad/r01/blind_inputs/square_broad_r1.json,9877b8e72377ba9edf10c376f3de8ff4d1f60650496a93a08170f0f1ac395431,a33c06eddfe53e8a2ce9b72ccdf7638b6665d517562bff12619b71c994446ca6,61414,collection_starts,
square_broad,1,data/sim/start_manifests/square_broad/r01/blind_inputs/square_broad_r1_manifest.json,ea2f20c6b4d4c99c58693356fafadaace666c5c6b8afabf976ba4bc35a847cc0,9810ff0467ea76ba0d4c89c63ac448db68c0a5299e907f6193e4f1921d63a616,116002,blind_manifest,
square_broad,1,data/sim/start_manifests/square_broad/r01/init_states/square_broad_baseline_uniform_r1.json,d850dcac5deee55c387a3aee5b78014ccb313eaaba499264f46f5f760a66e055,62456fe01a9cf07cb3f84ccbc3db5720deaff868f78691cda38c917288b52c9f,19766,arm_starts,autonomous_baselines.yaml
square_broad,1,data/sim/start_manifests/square_broad/r01/init_states/square_broad_baseline_uniform_r1_policy_rollouts_audit.json,67f5ab9fd68ef59c5c198835f47bbc44c8820e17dd27e5c3af69019cd3c7f8e7,,63315,rollout_audit,
square_broad,1,data/sim/start_manifests/square_broad/r01/init_states/square_broad_mulligan_r1.json,28ef94b17fb5da7635c56f946dc6386b4819505b10d29258956f346f2c72f01c,24b5143692643c3a0f30ac500a89ec6ff854171735fd778a4c42e4b04aa9c880,19812,arm_starts,
square_broad,1,data/sim/start_manifests/square_broad/r01/init_states/square_broad_sobol_r1.json,b086ebddb694c27ee4fde3696b57580f1486ebb86b1403d89821457018917311,aea308982a3d5dbd914c770c4664c1dd28d5a016bd70fee6a604931ae633e5c2,19833,arm_starts,
square_broad,1,data/sim/start_manifests/square_broad/r01/init_states/square_broad_sobol_r1_diagnostic_rollouts_audit.json,20f5ce3112886ba6b1746b686e80f846dfc0e9c817df2775a34e4d8e4be4c4be,,65186,rollout_audit,
square_broad,1,data/sim/start_manifests/square_broad/r01/manifests/square_broad_r1_collection_manifest.json,d1c50622851d723287e6c824361c0d59adf0bf6d7880b88b34726691f37feaa7,,1977,collection_manifest,
square_broad,1,data/sim/start_manifests/square_broad/r01/rollout_inputs/square_broad_baseline_uniform_r1_policy_rollout.json,464f7826ba58be3afe66d3648ad2728eb95b0bb383ce6817140961b2fff13315,ed13be6540583df26fd9937b213fb5be8b57b87f6099677f8ed05495d039b80a,45015,rollout_input,
square_broad,1,data/sim/start_manifests/square_broad/r01/rollout_inputs/square_broad_sobol_r1_diagnostic_sobol_200_399.json,932af51a95885e2e4f5fe8567107557864633e1a0b9c46fd5ae14acaee642d8a,c422d6e431652dd6142a97f073db5a165f1bf79004a31959e05a752cc4b7d797,47001,rollout_input,
square_broad,2,data/sim/start_manifests/square_broad/r02/blind_inputs/square_broad_r2.json,8e1aac7e1c096b986fe9382c3fb09a2146aa01d7f011b56b2ce1a2d00c338576,b08942ef557eae628603699e1e730ef1709de79c8477571a8cb831c609a5e61c,59743,collection_starts,
square_broad,2,data/sim/start_manifests/square_broad/r02/blind_inputs/square_broad_r2_manifest.json,f0b98644fc90d1a71a9b30bf9d48d3259a03f8b19ae6c8b15b5af74b89b592b4,81015341710a967a3587d21440edfbe1348d755082e5e47225f64e12e4715c05,118465,blind_manifest,
square_broad,2,data/sim/start_manifests/square_broad/r02/blind_inputs/square_broad_r2_object_qpos.npy,063db3a1879581b8efc5b43da6f4305a41a98f1f6ff1f02a4d679beed10da07d,063db3a1879581b8efc5b43da6f4305a41a98f1f6ff1f02a4d679beed10da07d,10028,collection_starts_qpos,
square_broad,2,data/sim/start_manifests/square_broad/r02/init_states/square_broad_baseline_uniform_r2.json,aa5d80b112857c0d786b378ec90a024012529acd52d64c6a091c71fef9ed9047,dfe6424efd699b6ef4a6df94352cced87adcfe7e6c310f91ac6e8614a2f8c170,19902,arm_starts,autonomous_baselines.yaml
square_broad,2,data/sim/start_manifests/square_broad/r02/init_states/square_broad_baseline_uniform_r2_policy_rollouts_audit.json,5c7a24d95bbeb4f8b344c03e853783fe0482e94e64f78dca27dd943a7b901009,,29344,rollout_audit,
square_broad,2,data/sim/start_manifests/square_broad/r02/init_states/square_broad_mulligan_r2.json,e740d36efc57b3eed1a03fdc70b3228de5d1b37e5c0ec0b2cb660309607d5f42,1e413b6646bd6e6e122941346d0aaac9a34abd742e6321c76cdb4e18d282dec5,19899,arm_starts,
square_broad,2,data/sim/start_manifests/square_broad/r02/init_states/square_broad_mulligan_r2_diagnostic_rollouts_audit.json,8ca36437fce638fc0596e1bb11303a48fb00de1412fa0e2c85e588b162359834,,32808,rollout_audit,
square_broad,2,data/sim/start_manifests/square_broad/r02/init_states/square_broad_sobol_r2.json,aa3d748de406f2d386f8fc051f41247fb56c002bf8f2043f2a8ecbaf7599931d,d5f973b2345c21f026a1f820c59033a90b096e025693d4f416f8e05a27062459,19854,arm_starts,
square_broad,2,data/sim/start_manifests/square_broad/r02/init_states/square_broad_sobol_r2_sobol_500_599.json,cd02376c3ba40872fc2527b13f6e8c56175b92f04415bafc1c7713cf95e77b03,1a06a1535cb0ef473b0c04c0c63b1a4975640f39d9d9e04cb9a86199ab2d6a8f,30046,coverage_reference,
square_broad,2,data/sim/start_manifests/square_broad/r02/manifests/square_broad_r2_collection_manifest.json,d6b669f1a5baed6f005d5177cdab1939c72d52c6a3075379a0dfc3003310a6d9,,1993,collection_manifest,
square_broad,2,data/sim/start_manifests/square_broad/r02/manifests/square_broad_r2_prep_rollout_manifest.json,7ad4fce3339b02930e2b7f51011fe6c8fdb3bc4105a0512dd57e2ef5426474f9,,821,rollout_manifest,
square_broad,2,data/sim/start_manifests/square_broad/r02/rollout_inputs/square_broad_baseline_uniform_r2_policy_rollout.json,175cb3022681fa4f6eeaad13fc6242d03f470b55a2210d6469f32431d410e39b,7c90f4ee6159677918c3835206812e06449db742460db8bc5c14231ebc309ac9,27889,rollout_input,
square_broad,2,data/sim/start_manifests/square_broad/r02/rollout_inputs/square_broad_mulligan_r2_diagnostic_sobol_400_499.json,65d1a6adc0d07c449f5c6706857461fdf0da9b1574e9efae686cce552c880585,e8e8856255c4391e139280467b492696013aa26d2af3f24dac32ab9a9ba520c5,31520,rollout_input,
square_broad,3,data/sim/start_manifests/square_broad/r03/blind_inputs/square_broad_r3.json,68ad957ca1fd6a8596573613902fdd46a976e78346994bb590d79371493e46a4,5dd32bf29afbaffce7e61814123b3005338b9e3a704f7a5d9fbfdbc3a6d193f6,44961,collection_starts,
square_broad,3,data/sim/start_manifests/square_broad/r03/blind_inputs/square_broad_r3_manifest.json,d5e2ece34fda5445a0150b40ea9f2fd960800812f496e3328231d78a0efc564e,198e45754b17e48553ef53982e21d42f3472f40b36a242a0be0ea952badaa0d8,88168,blind_manifest,
square_broad,3,data/sim/start_manifests/square_broad/r03/blind_inputs/square_broad_r3_object_qpos.npy,70af5057f92186be2c61730c403f1b354744a9725db1e1ad4fab36146c424d62,70af5057f92186be2c61730c403f1b354744a9725db1e1ad4fab36146c424d62,7328,collection_starts_qpos,
square_broad,3,data/sim/start_manifests/square_broad/r03/init_states/square_broad_baseline_uniform_r3.json,06fca5f02b814768fb7a8d53889493ba151fb37c938345008a301705834f5f26,c6ecb149db469be5a1433bd48632cbee2ded241906a915d8a74c5a6d49e90820,19915,arm_starts,autonomous_baselines.yaml
square_broad,3,data/sim/start_manifests/square_broad/r03/init_states/square_broad_baseline_uniform_r3_policy_rollouts_audit.json,e33e1f14c227edbb438407bf93f0e3d1e6ae87b4e8cd2d2c0adc15a32524f61a,,29261,rollout_audit,
square_broad,3,data/sim/start_manifests/square_broad/r03/init_states/square_broad_mulligan_r3.json,9eca09e73bc980269f538934f3bf4e3b97021bec35e20b1c9938ff6908ab70a8,88498b1291ba51054cca5321b99e667761013f6101df4cd585ab7c4c7f6794bc,28996,arm_starts,square_broad_r3.json
square_broad,3,data/sim/start_manifests/square_broad/r03/init_states/square_broad_mulligan_r3_diagnostic_rollouts_audit.json,6b47d19ca2c2e5ee9f139c1efb59d7b0bdeb320c4ce8423a38a2ef1a528ba538,,32800,rollout_audit,
square_broad,3,data/sim/start_manifests/square_broad/r03/init_states/square_broad_sobol_r3_sobol_800_899.json,ae76ced2e8d897a45009be1b670e9cbec012ea3269c1d6d00d4528b0029fed22,38db161ac217e1e610609487a4b3ab65651c5e5d24776589430df73c54264aa6,31449,coverage_reference,
square_broad,3,data/sim/start_manifests/square_broad/r03/manifests/square_broad_r3_collection_manifest.json,94f7fbc071aff98ca45655103b814bc1e41d8bf083a2b07895e2713171049e72,,1638,collection_manifest,
square_broad,3,data/sim/start_manifests/square_broad/r03/manifests/square_broad_r3_prep_rollout_manifest.json,47536cb5643d759c99fda3da1c84153f5f761f892d4494ca009db38804582fb8,,820,rollout_manifest,
square_broad,3,data/sim/start_manifests/square_broad/r03/rollout_inputs/square_broad_baseline_uniform_r3_policy_rollout.json,1607c6cf3422454102556ccb8eee388f0c8f0fb1d81c1887ec9b966ad82d6457,7e0cdee72a088e1a5ee4c66585cb532036d1f6fad6d2b8b243ea3955af895ee4,29286,rollout_input,
square_broad,3,data/sim/start_manifests/square_broad/r03/rollout_inputs/square_broad_mulligan_r3_diagnostic_sobol_700_799.json,f49309cbca673800901e7c549ee76aa94c9c74142b5940340aa8510dc856a45d,b936302b18d8af3e44355d8a438c26b9d569c527f57116e0ffa06eae79e9ff1e,33002,rollout_input,
square_narrow,0,data/sim/start_manifests/square_narrow/r00/blind_inputs/square_narrow_r0_mixed.json,f90449f79a80a9a3def8e0cd1f44a8409e9eaacef6947ee1f4be473cfe0c0e00,bf58d5a814e159daf4d84d429ca614a1fbfca2e47c250b84472ace18504d8b02,24978,collection_starts,
square_narrow,0,data/sim/start_manifests/square_narrow/r00/blind_inputs/square_narrow_r0_mixed_manifest.json,420e93278c0127a132850d1e4ac507db1ae2040320597498ef69d20080502214,d99172c8e83be96bde1242fa992e1a9c0eaa7b3f14ac70d2d0ac740df941d310,42060,blind_manifest,
square_narrow,0,data/sim/start_manifests/square_narrow/r00/init_states/square_narrow_baseline_uniform_r0.json,c76774b082b5be4bb0083bdc115b02bd116764d6e33913e0a38b4a57147d7488,69c9c7da52ee813f3e1c76103c5d4276d0635345288dd91e472096c87859d6b8,12380,arm_starts,
square_narrow,0,data/sim/start_manifests/square_narrow/r00/init_states/square_narrow_sobol_r0.json,c9cb420c237c6b278db0c35b5f21e84a0a587fe100c265cdbcd5a0ad006fd1d1,70a5bf8c8089085080db7e738392a3daa2589361ed49a11423203652baaaf5e0,15775,arm_starts,
square_narrow,1,data/sim/start_manifests/square_narrow/r01/blind_inputs/square_narrow_r1.json,ee00b2bf0780b17628c1a404028a1bbf0b5de32429df519ecfcf6fbb8883b177,5e3325fdd96c6beaccb8bc8e21866b74507fc3d5ce873605c002dc08820b2b6b,40004,collection_starts,
square_narrow,1,data/sim/start_manifests/square_narrow/r01/blind_inputs/square_narrow_r1_manifest.json,e41d214ebc3dd6fadb8060fbfa2dc73a85c599f0feb77573f5ac9d78ff101976,9c87c49b4ae11a170a430ee0b3462bb8b1a74ee5041aae6f7fce5e7c2ff89a6c,99337,blind_manifest,
square_narrow,1,data/sim/start_manifests/square_narrow/r01/init_states/square_narrow_baseline_uniform_r1.json,d5685e32297ec028a7fc9a36fe868505f5a678757bf9b2b1ae00dcc31aea5ff3,3e7b11ee340f02ab2e764faa819ecd8a399a188cdea9a7992a8373b363f04e63,12413,arm_starts,autonomous_baselines.yaml
square_narrow,1,data/sim/start_manifests/square_narrow/r01/init_states/square_narrow_baseline_uniform_r1_policy_rollouts_audit.json,d4d2c24a40d901369a27ee80a2cdb0b5d37aac7d2afe2ef42b5be938cbf0ce38,,21969,rollout_audit,
square_narrow,1,data/sim/start_manifests/square_narrow/r01/init_states/square_narrow_mulligan_r1.json,a8c2223679058e171b064374baf86c58022b81ca270215db7ca68f62f2ed15cc,4039f86de79188e08d2c4852a2b3ad717c4917724cb98d86db7213f81bc9d9b5,12351,arm_starts,
square_narrow,1,data/sim/start_manifests/square_narrow/r01/init_states/square_narrow_mulligan_r1_points_manifest.json,c18be88220cf13e891cea13a5f0292a7b71ef24d777e335e9fd467faa9b4a89d,38efa1a5bcef2c371df55d97e1b7a854fc220260bb164fffde1e22a974c84df9,14380,points_manifest,
square_narrow,1,data/sim/start_manifests/square_narrow/r01/init_states/square_narrow_sobol_r0_eval_sobol_100_199.json,6703c21fcf708c0eabb58addd947dd8cb2af71564265701ad49116262a07d483,904c014ef9229d17fa72f9b2609d43ccadaee5560b7851006d4c67a9f741adb2,16536,eval_points,
square_narrow,1,data/sim/start_manifests/square_narrow/r01/init_states/square_narrow_sobol_r0_eval_sobol_100_199_audit.json,8654968552f6ab1b5f717d93f97564e008a0f18ad56e4abdfeadbb4f2714fab5,,25689,rollout_audit,
square_narrow,1,data/sim/start_manifests/square_narrow/r01/init_states/square_narrow_sobol_r1.json,e976391003db6a729f94f808211f06013130aecaed5cfd7bb3aed7e002e68a57,e36c9fb1bd897ac1e9fdeb8b92d1edc9de8816deef36da00d749e07d48722dda,12399,arm_starts,
square_narrow,1,data/sim/start_manifests/square_narrow/r01/init_states/square_narrow_sobol_r1_diagnostic_rollouts_audit.json,8654968552f6ab1b5f717d93f97564e008a0f18ad56e4abdfeadbb4f2714fab5,,25689,rollout_audit,
square_narrow,1,data/sim/start_manifests/square_narrow/r01/manifests/square_narrow_r1_collection_manifest.json,a7598bc4e048a2389f370aa3be7c94709e909f9b3d9fbcdf817a95ac045a9ef1,,2259,collection_manifest,
square_narrow,1,data/sim/start_manifests/square_narrow/r01/rollout_inputs/square_narrow_baseline_uniform_r1_policy_rollout.json,b92fa4b829587e17283e7043bdade3ccc2873fbe58eb102a33b3cedcab19dd9d,3e7b11ee340f02ab2e764faa819ecd8a399a188cdea9a7992a8373b363f04e63,12492,rollout_input,
square_narrow,1,data/sim/start_manifests/square_narrow/r01/rollout_inputs/square_narrow_baseline_uniform_r1_policy_rollout_object_qpos.npy,975cc0b0fcab513ae1874932881202aa6726679fdd9a15545127bab0915fcb35,975cc0b0fcab513ae1874932881202aa6726679fdd9a15545127bab0915fcb35,2928,rollout_input_qpos,
square_narrow,1,data/sim/start_manifests/square_narrow/r01/rollout_inputs/square_narrow_sobol_r1_diagnostic_sobol_100_199.json,3a3454637d775514aa8be6d063f6e68531d21a5e63bbcb5b9ec3517ac3c1505b,904c014ef9229d17fa72f9b2609d43ccadaee5560b7851006d4c67a9f741adb2,16327,rollout_input,
square_narrow,1,data/sim/start_manifests/square_narrow/r01/rollout_inputs/square_narrow_sobol_r1_diagnostic_sobol_100_199_object_qpos.npy,9980d1246740d9de581329cda971fc639d43f92d2931f1483836d0b6f13f285a,9980d1246740d9de581329cda971fc639d43f92d2931f1483836d0b6f13f285a,2928,rollout_input_qpos,
square_narrow,2,data/sim/start_manifests/square_narrow/r02/blind_inputs/square_narrow_r2.json,ab2df0868ccaf724de4fa9aeaa7b303f7869b34fb206810e787430a151d17e25,401d2782eaed0fa82d133662988d206a6b8de539769aa5aa1b047d407e57383c,26240,collection_starts,
square_narrow,2,data/sim/start_manifests/square_narrow/r02/blind_inputs/square_narrow_r2_manifest.json,2976acdbff0408372a9636784e417fa4ddffb40d1cb7804c9cd2b880ffca810f,4dcaae0362cc8ab112bddde8275c9ddc3de516fbd418196191a97e30b58a6e96,62919,blind_manifest,
square_narrow,2,data/sim/start_manifests/square_narrow/r02/blind_inputs/square_narrow_r2_object_qpos.npy,45c261bea6c7443170c0aae7442418f67ad542685b3c76993af81532a836cd19,45c261bea6c7443170c0aae7442418f67ad542685b3c76993af81532a836cd19,5728,collection_starts_qpos,
square_narrow,2,data/sim/start_manifests/square_narrow/r02/init_states/square_narrow_baseline_uniform_r2.json,01ccdf92fee7e7e7dd605fb45f9a04c8b417af989b4e1e0678dd2d383c2643bb,5b7781768b5a78de7787730afecbd630495b1bc072a0bdad5c3376319f33606c,13638,arm_starts,autonomous_baselines.yaml
square_narrow,2,data/sim/start_manifests/square_narrow/r02/init_states/square_narrow_baseline_uniform_r2_policy_rollout.json,d7c1ed9abb2d3a56f1e0867205737d271eb7d860f69ae119a001639f13f81ef7,5b7781768b5a78de7787730afecbd630495b1bc072a0bdad5c3376319f33606c,13882,rollout_input,
square_narrow,2,data/sim/start_manifests/square_narrow/r02/init_states/square_narrow_baseline_uniform_r2_policy_rollouts_audit.json,30b8aac9bb6a7ff9f15598ebb279d03df197185be1a1286081d5f1ebcc650376,,21979,rollout_audit,
square_narrow,2,data/sim/start_manifests/square_narrow/r02/init_states/square_narrow_mulligan_r2.json,0a7f4034a9d8beb1181c9f88a6d653d2f5632783295561cd7ebf80446317ec5a,bbc73e308843ff7d42429766a072ae07cd5405945c0ae3dd30a54c478e04feb2,13606,arm_starts,
square_narrow,2,data/sim/start_manifests/square_narrow/r02/init_states/square_narrow_mulligan_r2_diagnostic_rollouts_audit.json,6af9dccdafdb448904caa56c9e39dda4e81fffe1b9ec5d3cdbd7d84e7da11c5b,,25682,rollout_audit,
square_narrow,2,data/sim/start_manifests/square_narrow/r02/init_states/square_narrow_r2_design_hardness_fit.json,06c4aa452e245abbb55376d7acb9f2bdcfd3619d239eb002099a73a548928424,bbc73e308843ff7d42429766a072ae07cd5405945c0ae3dd30a54c478e04feb2,12363,sampler_candidate,
square_narrow,2,data/sim/start_manifests/square_narrow/r02/init_states/square_narrow_sobol_r2_diagnostic_rollouts_audit.json,102866e25fd20e5cbb4eb316c89f96c6a38573f1f2fbc2b6dc7433dbf22639b1,,25684,rollout_audit,
square_narrow,2,data/sim/start_manifests/square_narrow/r02/init_states/square_narrow_sobol_r2_diagnostic_sobol_300_399.json,f49fb3aa5b420d5ec2073df78a470cdfb8118e311cf737a2edb92aa6bac1f929,45b965966e760ffdfc6d4e250483a6cae2dfd02f8a7888a940db306b376ef568,17215,rollout_input,
square_narrow,2,data/sim/start_manifests/square_narrow/r02/manifests/square_narrow_r2_points_manifest.json,b0dda5e54a62a439822910cb452b65cf6c3878e3562f4a3596bb39e5f4429563,4dcaae0362cc8ab112bddde8275c9ddc3de516fbd418196191a97e30b58a6e96,62600,points_manifest,
square_narrow,2,data/sim/start_manifests/square_narrow/r02/manifests/square_narrow_r2_prep_rollout_manifest.json,abd17b1a7eace1cd0235c046b46e2655c17d8fb12155e3439424390edaed5017,,1026,rollout_manifest,
square_narrow,2,data/sim/start_manifests/square_narrow/r02/rollout_inputs/square_narrow_baseline_uniform_r2_policy_rollout.json,85abcccbd9623ae3a7af288748d298bf6d230806649061b419b1a0e42ac0455b,5b7781768b5a78de7787730afecbd630495b1bc072a0bdad5c3376319f33606c,14013,rollout_input,
square_narrow,2,data/sim/start_manifests/square_narrow/r02/rollout_inputs/square_narrow_baseline_uniform_r2_policy_rollout_object_qpos.npy,f59bafd8dbc95eaa22ffd663aee6f40cd36bf18cff7cbb379ac042dbf2b33633,f59bafd8dbc95eaa22ffd663aee6f40cd36bf18cff7cbb379ac042dbf2b33633,2928,rollout_input_qpos,
square_narrow,2,data/sim/start_manifests/square_narrow/r02/rollout_inputs/square_narrow_sobol_r2_diagnostic_sobol_300_399.json,b3c50cd2eaa13c8a4eb6d5c62b4872c621201972099e0f526f2dae341dd1acd9,0394cd1d4d36fd10ed715506f2e1f2f7917d00e007e4f670b62573b25c935e85,17825,rollout_input,
square_narrow,2,data/sim/start_manifests/square_narrow/r02/rollout_inputs/square_narrow_sobol_r2_diagnostic_sobol_300_399_object_qpos.npy,44610b04d45ae460165d61d295049f5b3d40ae382db796afd3fccfee6b690594,44610b04d45ae460165d61d295049f5b3d40ae382db796afd3fccfee6b690594,2928,rollout_input_qpos,
square_narrow,3,data/sim/start_manifests/square_narrow/r03/blind_inputs/square_narrow_r3.json,87d314b20f8bbfcb8f9775043e05c1c07d7bfd54f3ef74852a77e76e5cd3ed0d,e842f5a2af1477ef5a797f4f50f8a4b18ca043c9051af3f8e6acf38020452833,27651,collection_starts,
square_narrow,3,data/sim/start_manifests/square_narrow/r03/blind_inputs/square_narrow_r3_manifest.json,c8f2755d336ab7ee59a4989ea89f3169e7b74481ce9b440a90c92638840c2d8d,934985512aed01df07e222ed9fe1af3deb36898e4a844c7bcf764335ccb0553c,64330,blind_manifest,
square_narrow,3,data/sim/start_manifests/square_narrow/r03/blind_inputs/square_narrow_r3_object_qpos.npy,9c191b7e63f08e4c74c3c487caaa82bc9ecef9e177b1585e002b18c3fe111cd0,9c191b7e63f08e4c74c3c487caaa82bc9ecef9e177b1585e002b18c3fe111cd0,5728,collection_starts_qpos,
square_narrow,3,data/sim/start_manifests/square_narrow/r03/init_states/square_narrow_baseline_uniform_r3.json,7f1782f1e08c66c34a8b263e950afbc3d8ac267a37302c1534689d948b1397f1,e1d2eea534465ddb977ec5b9b947ff813f72da2ad904da3c37125cf0775b31d7,15003,arm_starts,autonomous_baselines.yaml
square_narrow,3,data/sim/start_manifests/square_narrow/r03/init_states/square_narrow_baseline_uniform_r3_policy_rollout.json,867dd26468ae2747b079b763d9a053e31633903ecfefa16a5af4a65650d6b328,4a2214b6fd2ae6b52454671b999fef9a245909f13fa47219426b67cf28a15e1e,14780,rollout_input,
square_narrow,3,data/sim/start_manifests/square_narrow/r03/init_states/square_narrow_baseline_uniform_r3_policy_rollouts_audit.json,a8ec5ec10b29d586c870f2389c3a4b5fd336b99a8092325653af3972bf757a6f,,21967,rollout_audit,
square_narrow,3,data/sim/start_manifests/square_narrow/r03/init_states/square_narrow_mulligan_r3.json,84dbf5b6f91ac2d30b3c3e1202a2451d945af7167bd299fe800298ca10ea2063,31881c3c9851e544fd20e788ad268380f8c61cf40d9abeef0dcbd44235263f20,15005,arm_starts,
square_narrow,3,data/sim/start_manifests/square_narrow/r03/init_states/square_narrow_mulligan_r3_diagnostic_rollouts_audit.json,857f2699af9838ffaef715f357802fa69b3050caa38a1460a64debb300f1871c,,25684,rollout_audit,
square_narrow,3,data/sim/start_manifests/square_narrow/r03/init_states/square_narrow_mulligan_r3_diagnostic_sobol_500_599.json,77daa6c0a87db8f7541614fd96c5e509f4c5d685d7060b90a5fedab4148e7459,3cea0817d675ae6e28c9ec760ac703b0ea65120f69af008473517c3471c14ca1,18076,rollout_input,
square_narrow,3,data/sim/start_manifests/square_narrow/r03/init_states/square_narrow_r3_design_hardness_fit.json,de6840034ae1bc1b4f4f8d9e626ae014014161276f9a9526fd3ff2811d566910,31881c3c9851e544fd20e788ad268380f8c61cf40d9abeef0dcbd44235263f20,12830,sampler_candidate,
square_narrow,3,data/sim/start_manifests/square_narrow/r03/manifests/square_narrow_r3_baseline_policy_rollout_manifest.json,7fcafc289c636c3536fdc545917df72e1a7ba3c70a4add23bfe68bf4cdb5219e,,565,rollout_manifest,
square_narrow,3,data/sim/start_manifests/square_narrow/r03/manifests/square_narrow_r3_points_manifest.json,9a3bc8888fe1e32d5715f27f566cb9dd3c2d063dc5f8052dd2f3995a15fa0e26,934985512aed01df07e222ed9fe1af3deb36898e4a844c7bcf764335ccb0553c,63936,points_manifest,
square_narrow,3,data/sim/start_manifests/square_narrow/r03/manifests/square_narrow_r3_prep_rollout_manifest.json,c4b25d50d49afb282b3aa6c275b3cbfbcda9aa5cf0e2e328d88d2cc89e838233,,517,rollout_manifest,
square_narrow,3,data/sim/start_manifests/square_narrow/r03/rollout_inputs/square_narrow_baseline_uniform_r3_policy_rollout.json,867dd26468ae2747b079b763d9a053e31633903ecfefa16a5af4a65650d6b328,4a2214b6fd2ae6b52454671b999fef9a245909f13fa47219426b67cf28a15e1e,14780,rollout_input,
square_narrow,3,data/sim/start_manifests/square_narrow/r03/rollout_inputs/square_narrow_baseline_uniform_r3_policy_rollout_object_qpos.npy,47fca2b25a1e37ba126acb51b28f870233cb28a6727923181aedf3f908d7c6eb,47fca2b25a1e37ba126acb51b28f870233cb28a6727923181aedf3f908d7c6eb,2928,rollout_input_qpos,
square_narrow,3,data/sim/start_manifests/square_narrow/r03/rollout_inputs/square_narrow_mulligan_r3_diagnostic_sobol_500_599.json,77daa6c0a87db8f7541614fd96c5e509f4c5d685d7060b90a5fedab4148e7459,3cea0817d675ae6e28c9ec760ac703b0ea65120f69af008473517c3471c14ca1,18076,rollout_input,
square_narrow,3,data/sim/start_manifests/square_narrow/r03/rollout_inputs/square_narrow_mulligan_r3_diagnostic_sobol_500_599_object_qpos.npy,5f25fa4d8235bd8070bf0424d10c89722bf394c283a239f9df93fe8499e7daa0,5f25fa4d8235bd8070bf0424d10c89722bf394c283a239f9df93fe8499e7daa0,2928,rollout_input_qpos,
