repo,revision,tag,task,role,tier,variant,collection_round,model_rounds,parent,round_dataset_kind,round_dataset_round,round_dataset_sessions,episodes,frames,fps,cameras,codebase_version,seed
mulligan/real-marker-d2-c00-teleop-baseline,fca1b80fd41df0eb8cded11d03c8810a5c42f5ba,release-1,real-marker-d2,training-view,mainline,baseline,0,0,mulligan/real-marker-d2-c00-teleop-mixed,,,,100,19382,15,observation.images.wrist_left;observation.images.wrist_right;observation.images.side_1;observation.images.side_2,v3.0,
mulligan/real-marker-d2-c00-teleop-mixed,c39ac2200c3fbc6798345262ad77f65242adf48a,release-1,real-marker-d2,raw-collection,mainline,mixed,0,0,,,,,250,47961,15,observation.images.wrist_left;observation.images.wrist_right;observation.images.side_1;observation.images.side_2,v3.0,
mulligan/real-marker-d2-c00-teleop-sobol,2eceb8cab17e48e970e082d37ce6d0aac03b4522,release-1,real-marker-d2,training-view,mainline,sobol,0,0,mulligan/real-marker-d2-c00-teleop-mixed,,,,100,19096,15,observation.images.wrist_left;observation.images.wrist_right;observation.images.side_1;observation.images.side_2,v3.0,
mulligan/real-marker-d2-c00-teleop-validation,66e508d55f3b6820f610b1270f2dd94884f785f5,release-1,real-marker-d2,validation-view,mainline,validation,0,0,mulligan/real-marker-d2-c00-teleop-mixed,,,,50,9483,15,observation.images.wrist_left;observation.images.wrist_right;observation.images.side_1;observation.images.side_2,v3.0,
mulligan/real-marker-d2-c01-dagger-baseline,01134563b9add62154621843b4054bbde34bb822,release-1,real-marker-d2,training-view,mainline,baseline,1,1,mulligan/real-marker-d2-c01-dagger-mixed,,,,50,11714,15,observation.images.wrist_left;observation.images.wrist_right;observation.images.side_1;observation.images.side_2,v3.0,
mulligan/real-marker-d2-c01-dagger-mixed,47f379c28d015b757194461c1bb18f047287e8f3,release-1,real-marker-d2,raw-collection,mainline,mixed,1,1,,,,,115,26832,15,observation.images.wrist_left;observation.images.wrist_right;observation.images.side_1;observation.images.side_2,v3.0,
mulligan/real-marker-d2-c01-dagger-mulligan,e9ed902ab91abeca9523cbcfa5475ac31bc31127,release-1,real-marker-d2,training-view,mainline,mulligan,1,1,mulligan/real-marker-d2-c01-dagger-mixed,,,,50,11553,15,observation.images.wrist_left;observation.images.wrist_right;observation.images.side_1;observation.images.side_2,v3.0,
mulligan/real-marker-d2-c01-dagger-mulligan-no-cf,3bfb5f0e7eb5267d2e83f8ca7aef5ca2315cce21,release-1,real-marker-d2,training-view,ablation,mulligan-no-cf,1,1,mulligan/real-marker-d2-c01-dagger-mixed,,,,50,11959,15,observation.images.wrist_left;observation.images.wrist_right;observation.images.side_1;observation.images.side_2,v3.0,
mulligan/real-marker-d2-c02-dagger-baseline,0686daf8fd52db9343d4494b3064c0af7a7d66ba,release-1,real-marker-d2,training-view,mainline,baseline,2,2,mulligan/real-marker-d2-c02-dagger-mixed,,,,50,13978,15,observation.images.wrist_left;observation.images.wrist_right;observation.images.side_1;observation.images.side_2,v3.0,
mulligan/real-marker-d2-c02-dagger-mixed,bae65421a8796af06ea0487aefb160d0a7f23be8,release-1,real-marker-d2,raw-collection,mainline,mixed,2,2,,,,,121,31489,15,observation.images.wrist_left;observation.images.wrist_right;observation.images.side_1;observation.images.side_2,v3.0,
mulligan/real-marker-d2-c02-dagger-mulligan,0e44650843b7ff7b95527535993a0161a4bf9548,release-1,real-marker-d2,training-view,mainline,mulligan,2,2,mulligan/real-marker-d2-c02-dagger-mixed,,,,50,12360,15,observation.images.wrist_left;observation.images.wrist_right;observation.images.side_1;observation.images.side_2,v3.0,
mulligan/real-marker-d2-c02-dagger-mulligan-no-cf,351661d2be04e8f774ec4a20c388049a7d4f63e9,release-1,real-marker-d2,training-view,ablation,mulligan-no-cf,2,2,mulligan/real-marker-d2-c02-dagger-mixed,,,,50,13108,15,observation.images.wrist_left;observation.images.wrist_right;observation.images.side_1;observation.images.side_2,v3.0,
mulligan/real-marker-d2-c03-dagger-baseline,2037414f3049817bcb92a6d306acfe2cd54da98b,release-1,real-marker-d2,training-view,mainline,baseline,3,3,mulligan/real-marker-d2-c03-dagger-mixed,,,,50,12984,15,observation.images.wrist_left;observation.images.wrist_right;observation.images.side_1;observation.images.side_2,v3.0,
mulligan/real-marker-d2-c03-dagger-mixed,c676d981064222b970f1e78cedf041b28b3264bb,release-1,real-marker-d2,raw-collection,mainline,mixed,3,3,,,,,118,30020,15,observation.images.wrist_left;observation.images.wrist_right;observation.images.side_1;observation.images.side_2,v3.0,
mulligan/real-marker-d2-c03-dagger-mulligan,37cc25fecdb4909fe8819cbb12ef36425f1e09bf,release-1,real-marker-d2,training-view,mainline,mulligan,3,3,mulligan/real-marker-d2-c03-dagger-mixed,,,,50,12580,15,observation.images.wrist_left;observation.images.wrist_right;observation.images.side_1;observation.images.side_2,v3.0,
mulligan/real-marker-d2-c03-dagger-mulligan-no-cf,cc4c49a2c0ca7f35146e9c3f2cc0d653567a2a39,release-1,real-marker-d2,training-view,ablation,mulligan-no-cf,3,3,mulligan/real-marker-d2-c03-dagger-mixed,,,,50,13328,15,observation.images.wrist_left;observation.images.wrist_right;observation.images.side_1;observation.images.side_2,v3.0,
mulligan/real-marker-d2-c04-dagger-baseline,4b90ffdc954665d421e61ed11cd2888d40d6dd7e,release-1,real-marker-d2,training-view,mainline,baseline,4,4,mulligan/real-marker-d2-c04-dagger-mixed,,,,50,13647,15,observation.images.wrist_left;observation.images.wrist_right;observation.images.side_1;observation.images.side_2,v3.0,
mulligan/real-marker-d2-c04-dagger-mixed,891e3668a42183f76cbfe588503c3041a4685db5,release-1,real-marker-d2,raw-collection,mainline,mixed,4,4,,,,,110,29932,15,observation.images.wrist_left;observation.images.wrist_right;observation.images.side_1;observation.images.side_2,v3.0,
mulligan/real-marker-d2-c04-dagger-mulligan,8cb1da880180467ea491b422042a9daf478d2b97,release-1,real-marker-d2,training-view,mainline,mulligan,4,4,mulligan/real-marker-d2-c04-dagger-mixed,,,,50,13468,15,observation.images.wrist_left;observation.images.wrist_right;observation.images.side_1;observation.images.side_2,v3.0,
mulligan/real-marker-d2-c04-dagger-mulligan-no-cf,f1fc13ef6b2f580460376c07b87619d827532b30,release-1,real-marker-d2,training-view,ablation,mulligan-no-cf,4,4,mulligan/real-marker-d2-c04-dagger-mixed,,,,50,13899,15,observation.images.wrist_left;observation.images.wrist_right;observation.images.side_1;observation.images.side_2,v3.0,
mulligan/real-marker-d2-c05-dagger-baseline,bce232476f4eaff4307edc0bb59f1c8d621c3443,release-1,real-marker-d2,training-view,mainline,baseline,5,5,mulligan/real-marker-d2-c05-dagger-mixed,,,,50,15716,15,observation.images.wrist_left;observation.images.wrist_right;observation.images.side_1;observation.images.side_2,v3.0,
mulligan/real-marker-d2-c05-dagger-mixed,a9c78b4ceb553b9eb0bc15798e9c4793264dc723,release-1,real-marker-d2,raw-collection,mainline,mixed,5,5,,,,,110,31082,15,observation.images.wrist_left;observation.images.wrist_right;observation.images.side_1;observation.images.side_2,v3.0,
mulligan/real-marker-d2-c05-dagger-mulligan,7ba1fe7b63cfb7a138ea275478a030c28ef17d5a,release-1,real-marker-d2,training-view,mainline,mulligan,5,5,mulligan/real-marker-d2-c05-dagger-mixed,,,,50,12719,15,observation.images.wrist_left;observation.images.wrist_right;observation.images.side_1;observation.images.side_2,v3.0,
mulligan/real-marker-d2-c05-dagger-mulligan-no-cf,616f302cbff67fcd244de25e430b1ddb69f3b959,release-1,real-marker-d2,training-view,ablation,mulligan-no-cf,5,5,mulligan/real-marker-d2-c05-dagger-mixed,,,,50,13172,15,observation.images.wrist_left;observation.images.wrist_right;observation.images.side_1;observation.images.side_2,v3.0,
mulligan/real-marker-d2-r00-eval,192cadfe994908d7dc04602343813356b2af3876,release-1,real-marker-d2,evaluation,mainline,,,0,,round,R0,b01,100,28780,15,observation.images.wrist_left;observation.images.side_1,v3.0,2026062103
mulligan/real-marker-d2-r00-eval-b01-baseline-dp-policy-rollouts,78e9b8a39889f419e3398ea47cdaa971967309d9,release-1,real-marker-d2,policy-rollouts,supporting,baseline_r00_dp,,0,mulligan/real-marker-d2-r00-eval,,,,50,13326,15,observation.images.wrist_left;observation.images.side_1,v3.0,
mulligan/real-marker-d2-r00-eval-b01-sobol-dp-policy-rollouts,cdbd3986a183a78289fd689a42c7a23a8bd1d2cd,release-1,real-marker-d2,policy-rollouts,supporting,mulligan_r00_dp,,0,mulligan/real-marker-d2-r00-eval,,,,50,15454,15,observation.images.wrist_left;observation.images.side_1,v3.0,
mulligan/real-marker-d2-r01-eval,38149f41b5538cd5a649bf3a71648ef21f3c4e33,release-1,real-marker-d2,evaluation,mainline,,,1,,round,R1,b01,150,47173,15,observation.images.wrist_left;observation.images.side_1,v3.0,2026062501
mulligan/real-marker-d2-r01-eval-b01-mulligan-dp-policy-rollouts,03474279db1740f329d04a3cba18fddb10c924ca,release-1,real-marker-d2,policy-rollouts,supporting,mulligan_r01_dp,,1,mulligan/real-marker-d2-r01-eval,,,,50,13355,15,observation.images.wrist_left;observation.images.side_1,v3.0,
mulligan/real-marker-d2-r02-eval,dacbcfe36aab4363982f60fd9102db969cf734d7,release-1,real-marker-d2,evaluation,mainline,,,2,,round,R2,b01;b02;b03,250,91510,15,observation.images.wrist_left;observation.images.side_1,v3.0,2026062701
mulligan/real-marker-d2-r02-eval-b01-baseline-dp-policy-rollouts,791fa889cf01152c0113e665bc3374ad0bb85bfe,release-1,real-marker-d2,policy-rollouts,supporting,baseline_r02_dp,,2,mulligan/real-marker-d2-r02-eval,,,,50,19800,15,observation.images.wrist_left;observation.images.side_1,v3.0,
mulligan/real-marker-d2-r02-eval-b01-mulligan-dp-policy-rollouts,4337635445d7de14ea9a521bdc94d68eca972ffa,release-1,real-marker-d2,policy-rollouts,supporting,mulligan_r02_dp,,2,mulligan/real-marker-d2-r02-eval,,,,50,19883,15,observation.images.wrist_left;observation.images.side_1,v3.0,
mulligan/real-marker-d2-r02-eval-b03,9476c18be0d3d72067d3e78fe415a810e7b76f05,release-1,real-marker-d2,evaluation,mainline,,,2,,,,,125,44706,15,observation.images.wrist_left;observation.images.side_1,v3.0,2026070102
mulligan/real-marker-d2-r03-eval,b406acb00598ced64c687ab1f2a8f5b8023e9ace,release-1,real-marker-d2,evaluation,mainline,,,3,,round,R3,b01,150,69817,15,observation.images.wrist_left;observation.images.wrist_right;observation.images.side_1;observation.images.side_2,v3.0,2026070201
mulligan/real-marker-d2-r03-eval-b01-baseline-dp-policy-rollouts,b662a537a1da0855a71c996a3416b8352e046a65,release-1,real-marker-d2,policy-rollouts,supporting,baseline_r03_dp,,3,mulligan/real-marker-d2-r03-eval,,,,50,25950,15,observation.images.wrist_left;observation.images.wrist_right;observation.images.side_1;observation.images.side_2,v3.0,
mulligan/real-marker-d2-r03-eval-b01-mulligan-dp-policy-rollouts,bf91aa1575ddbe9aceb0a9d5c8e5ba544473b630,release-1,real-marker-d2,policy-rollouts,supporting,mulligan_r03_dp,,3,mulligan/real-marker-d2-r03-eval,,,,50,23050,15,observation.images.wrist_left;observation.images.wrist_right;observation.images.side_1;observation.images.side_2,v3.0,
mulligan/real-marker-d2-r03-eval-b01-mulligan-idql-policy-rollouts,246353ec7bfc9914e6a9a822dc44665d04b9be08,release-1,real-marker-d2,policy-rollouts,supporting,mulligan_r03_idql_n16,,3,mulligan/real-marker-d2-r03-eval,,,,50,20817,15,observation.images.wrist_left;observation.images.wrist_right;observation.images.side_1;observation.images.side_2,v3.0,
mulligan/real-marker-d2-r04-eval,1773c35b5bd48222ff8c5e7b76e7175400feff4f,release-1,real-marker-d2,evaluation,mainline,,,4,,round,R4,b01,150,66735,15,observation.images.wrist_left;observation.images.wrist_right;observation.images.side_1;observation.images.side_2,v3.0,2026070604
mulligan/real-marker-d2-r04-eval-b01-baseline-dp-policy-rollouts,a8e896315334ac673c3f249873b34127e1b8c341,release-1,real-marker-d2,policy-rollouts,supporting,baseline_r04_dp,,4,mulligan/real-marker-d2-r04-eval,,,,50,23612,15,observation.images.wrist_left;observation.images.wrist_right;observation.images.side_1;observation.images.side_2,v3.0,
mulligan/real-marker-d2-r04-eval-b01-mulligan-dp-policy-rollouts,3973fbd014af177a3b55e227dac03f9076198a11,release-1,real-marker-d2,policy-rollouts,supporting,mulligan_r04_dp,,4,mulligan/real-marker-d2-r04-eval,,,,50,23310,15,observation.images.wrist_left;observation.images.wrist_right;observation.images.side_1;observation.images.side_2,v3.0,
mulligan/real-marker-d2-r04-eval-b01-mulligan-idql-policy-rollouts,8660a0f1006af95f22873ee25c808e1e416c9c20,release-1,real-marker-d2,policy-rollouts,supporting,mulligan_r04_idql_n16,,4,mulligan/real-marker-d2-r04-eval,,,,50,19813,15,observation.images.wrist_left;observation.images.wrist_right;observation.images.side_1;observation.images.side_2,v3.0,
mulligan/real-marker-d2-r05-eval,a7d864788d41dbff876abe802b5cac983dd758b7,release-1,real-marker-d2,evaluation,mainline,,,5,,round,R5,b01,150,60711,15,observation.images.wrist_left;observation.images.wrist_right;observation.images.side_1;observation.images.side_2,v3.0,2026070704
mulligan/real-marker-d2-r05-screen,9c60058f90e322041c9c4f199598d09f26f0d284,release-1,real-marker-d2,evaluation,supporting,screen,5,5,,screen,R5,b02;b03,200,85699,15,observation.images.wrist_left;observation.images.wrist_right;observation.images.side_1;observation.images.side_2,v3.0,
mulligan/real-routing-d2-c00-teleop-baseline,83940e1cc5926abc24c88686b0be6688207f4fec,release-1,real-routing-d2,training-view,mainline,baseline,0,0,mulligan/real-routing-d2-c00-teleop-mixed,,,,100,28363,15,observation.images.wrist_left;observation.images.wrist_right;observation.images.side_1;observation.images.side_2,v3.0,
mulligan/real-routing-d2-c00-teleop-mixed,67827498714e206b2f6f02bba08b28e79a86337c,release-1,real-routing-d2,raw-collection,mainline,mixed,0,0,,,,,250,71224,15,observation.images.wrist_left;observation.images.wrist_right;observation.images.side_1;observation.images.side_2,v3.0,
mulligan/real-routing-d2-c00-teleop-sobol,dd8047c135935a35b416d7ecb9ca0f70fbb7fd94,release-1,real-routing-d2,training-view,mainline,sobol,0,0,mulligan/real-routing-d2-c00-teleop-mixed,,,,100,29093,15,observation.images.wrist_left;observation.images.wrist_right;observation.images.side_1;observation.images.side_2,v3.0,
mulligan/real-routing-d2-c00-teleop-validation,17384f6b0b7742a57a4dc052fabce27af6ee53d3,release-1,real-routing-d2,validation-view,mainline,validation,0,0,mulligan/real-routing-d2-c00-teleop-mixed,,,,50,13768,15,observation.images.wrist_left;observation.images.wrist_right;observation.images.side_1;observation.images.side_2,v3.0,
mulligan/real-routing-d2-c01-dagger-baseline,d4f7eb220a07fae9b80da1ea23d7bdface370a4b,release-1,real-routing-d2,training-view,mainline,baseline,1,1,mulligan/real-routing-d2-c01-dagger-mixed,,,,50,19870,15,observation.images.wrist_left;observation.images.wrist_right;observation.images.side_1;observation.images.side_2,v3.0,
mulligan/real-routing-d2-c01-dagger-mixed,c87db36c5c292526a028700cbb998c804b369da8,release-1,real-routing-d2,raw-collection,mainline,mixed,1,1,,,,,112,43479,15,observation.images.wrist_left;observation.images.wrist_right;observation.images.side_1;observation.images.side_2,v3.0,
mulligan/real-routing-d2-c01-dagger-mulligan,df4cb987e512dbcf1f040a5b8e8164e71ca3b62e,release-1,real-routing-d2,training-view,mainline,mulligan,1,1,mulligan/real-routing-d2-c01-dagger-mixed,,,,50,18873,15,observation.images.wrist_left;observation.images.wrist_right;observation.images.side_1;observation.images.side_2,v3.0,
mulligan/real-routing-d2-c02-dagger-baseline,d70d194c9fcceacc4310fd6bfd524e09ad145589,release-1,real-routing-d2,training-view,mainline,baseline,2,1,mulligan/real-routing-d2-c02-dagger-mixed,,,,50,19118,15,observation.images.wrist_left;observation.images.wrist_right;observation.images.side_1;observation.images.side_2,v3.0,
mulligan/real-routing-d2-c02-dagger-mixed,d009a46ea687b189a054ffcec48caed27dcf52ef,release-1,real-routing-d2,raw-collection,mainline,mixed,2,1,,,,,103,39770,15,observation.images.wrist_left;observation.images.wrist_right;observation.images.side_1;observation.images.side_2,v3.0,
mulligan/real-routing-d2-c02-dagger-mulligan,9602d31be7f110332e38f1132305d3e287f38485,release-1,real-routing-d2,training-view,mainline,mulligan,2,1,mulligan/real-routing-d2-c02-dagger-mixed,,,,50,19488,15,observation.images.wrist_left;observation.images.wrist_right;observation.images.side_1;observation.images.side_2,v3.0,
mulligan/real-routing-d2-c03-dagger-baseline,889bdf8bc8eb9905068dc55b6f22c6d8203b5b3f,release-1,real-routing-d2,training-view,mainline,baseline,3,2,mulligan/real-routing-d2-c03-dagger-mixed,,,,50,18642,15,observation.images.wrist_left;observation.images.wrist_right;observation.images.side_1;observation.images.side_2,v3.0,
mulligan/real-routing-d2-c03-dagger-mixed,765b4acba9a91c2a7eeb184dd2f2daca041205dd,release-1,real-routing-d2,raw-collection,mainline,mixed,3,2,,,,,119,43302,15,observation.images.wrist_left;observation.images.wrist_right;observation.images.side_1;observation.images.side_2,v3.0,
mulligan/real-routing-d2-c03-dagger-mulligan,7f6a0e0870ae390841a1f8e5dd827e9c03740152,release-1,real-routing-d2,training-view,mainline,mulligan,3,2,mulligan/real-routing-d2-c03-dagger-mixed,,,,50,17495,15,observation.images.wrist_left;observation.images.wrist_right;observation.images.side_1;observation.images.side_2,v3.0,
mulligan/real-routing-d2-c04-dagger-baseline,5194bdc9472e23e5280e909fd591e38990f870c8,release-1,real-routing-d2,training-view,mainline,baseline,4,2,mulligan/real-routing-d2-c04-dagger-mixed,,,,50,18877,15,observation.images.wrist_left;observation.images.wrist_right;observation.images.side_1;observation.images.side_2,v3.0,
mulligan/real-routing-d2-c04-dagger-mixed,ea842c77d6b9be5c867af433f0ba54d6c7d5242d,release-1,real-routing-d2,raw-collection,mainline,mixed,4,2,,,,,111,39955,15,observation.images.wrist_left;observation.images.wrist_right;observation.images.side_1;observation.images.side_2,v3.0,
mulligan/real-routing-d2-c04-dagger-mulligan,b06e5eca3b80dc2dc7e15f0bd481e2811889f40b,release-1,real-routing-d2,training-view,mainline,mulligan,4,2,mulligan/real-routing-d2-c04-dagger-mixed,,,,50,16916,15,observation.images.wrist_left;observation.images.wrist_right;observation.images.side_1;observation.images.side_2,v3.0,
mulligan/real-routing-d2-c05-dagger-baseline,41dfc8593a08ab06618caca75fcceff20b7fe0a8,release-1,real-routing-d2,training-view,mainline,baseline,5,3,mulligan/real-routing-d2-c05-dagger-mixed,,,,50,19637,15,observation.images.wrist_left;observation.images.wrist_right;observation.images.side_1;observation.images.side_2,v3.0,
mulligan/real-routing-d2-c05-dagger-mixed,e5b73c581702a4e86bb5f52fb3df3d50df46556a,release-1,real-routing-d2,raw-collection,mainline,mixed,5,3,,,,,104,39643,15,observation.images.wrist_left;observation.images.wrist_right;observation.images.side_1;observation.images.side_2,v3.0,
mulligan/real-routing-d2-c05-dagger-mulligan,b87ac2170ee3a843827ac819f393ec3b79d0b6db,release-1,real-routing-d2,training-view,mainline,mulligan,5,3,mulligan/real-routing-d2-c05-dagger-mixed,,,,50,18794,15,observation.images.wrist_left;observation.images.wrist_right;observation.images.side_1;observation.images.side_2,v3.0,
mulligan/real-routing-d2-c06-dagger-baseline,a7a2b54e49bdba92933ec3cb73e92dccceafea63,release-1,real-routing-d2,training-view,mainline,baseline,6,3,mulligan/real-routing-d2-c06-dagger-mixed,,,,50,20253,15,observation.images.wrist_left;observation.images.wrist_right;observation.images.side_1;observation.images.side_2,v3.0,
mulligan/real-routing-d2-c06-dagger-mixed,cdc86baaeb6dfbf29b57245f40ea3777b906fbfc,release-1,real-routing-d2,raw-collection,mainline,mixed,6,3,,,,,111,42671,15,observation.images.wrist_left;observation.images.wrist_right;observation.images.side_1;observation.images.side_2,v3.0,
mulligan/real-routing-d2-c06-dagger-mulligan,c3d2547928b74256685239a1bdf61e92d321d1ed,release-1,real-routing-d2,training-view,mainline,mulligan,6,3,mulligan/real-routing-d2-c06-dagger-mixed,,,,50,18308,15,observation.images.wrist_left;observation.images.wrist_right;observation.images.side_1;observation.images.side_2,v3.0,
mulligan/real-routing-d2-c07-dagger-baseline,ec0dbdd10b819230d2f7ad5467144775222f4f1f,release-1,real-routing-d2,training-view,mainline,baseline,7,4,mulligan/real-routing-d2-c07-dagger-mixed,,,,50,27794,15,observation.images.wrist_left;observation.images.wrist_right;observation.images.side_1;observation.images.side_2,v3.0,
mulligan/real-routing-d2-c07-dagger-mixed,e517ea83b840f4d9c5dc3af50bf20a97b6e0d843,release-1,real-routing-d2,raw-collection,mainline,mixed,7,4,,,,,103,51569,15,observation.images.wrist_left;observation.images.wrist_right;observation.images.side_1;observation.images.side_2,v3.0,
mulligan/real-routing-d2-c07-dagger-mulligan,03be2c955ee2a966203fed8b23866a1a936ffd28,release-1,real-routing-d2,training-view,mainline,mulligan,7,4,mulligan/real-routing-d2-c07-dagger-mixed,,,,50,22094,15,observation.images.wrist_left;observation.images.wrist_right;observation.images.side_1;observation.images.side_2,v3.0,
mulligan/real-routing-d2-c08-dagger-baseline,4f7328ece7f300ab344f4ee327e5332875286dd1,release-1,real-routing-d2,training-view,mainline,baseline,8,4,mulligan/real-routing-d2-c08-dagger-mixed,,,,50,22796,15,observation.images.wrist_left;observation.images.wrist_right;observation.images.side_1;observation.images.side_2,v3.0,
mulligan/real-routing-d2-c08-dagger-mixed,31e8d530fd6570ba55f2fa8c074a2abb1b126384,release-1,real-routing-d2,raw-collection,mainline,mixed,8,4,,,,,121,52721,15,observation.images.wrist_left;observation.images.wrist_right;observation.images.side_1;observation.images.side_2,v3.0,
mulligan/real-routing-d2-c08-dagger-mulligan,14e313966b07171941086ee58f717e205915a548,release-1,real-routing-d2,training-view,mainline,mulligan,8,4,mulligan/real-routing-d2-c08-dagger-mixed,,,,50,20935,15,observation.images.wrist_left;observation.images.wrist_right;observation.images.side_1;observation.images.side_2,v3.0,
mulligan/real-routing-d2-c09-dagger-baseline,0b023f838dcd537b31b436c17a05639689db628a,release-1,real-routing-d2,training-view,mainline,baseline,9,5,mulligan/real-routing-d2-c09-dagger-mixed,,,,100,40672,15,observation.images.wrist_left;observation.images.wrist_right;observation.images.side_1;observation.images.side_2,v3.0,
mulligan/real-routing-d2-c09-dagger-mixed,28bc65d82f96d08048aa46644a00dcfca02d1048,release-1,real-routing-d2,raw-collection,mainline,mixed,9,5,,,,,200,78393,15,observation.images.wrist_left;observation.images.wrist_right;observation.images.side_1;observation.images.side_2,v3.0,
mulligan/real-routing-d2-c09-dagger-mulligan,8f1e2137c2b22508ef43f6847a827edf28cea766,release-1,real-routing-d2,training-view,mainline,mulligan,9,5,mulligan/real-routing-d2-c09-dagger-mixed,,,,100,37721,15,observation.images.wrist_left;observation.images.wrist_right;observation.images.side_1;observation.images.side_2,v3.0,
mulligan/real-routing-d2-r00-r05-eval,29b4e100690aad63f98eef87d2c127f8e2245e16,release-1,real-routing-d2,evaluation,mainline,,,0;1;2;3;4;5,,cable,R0-R5,b01,750,290040,15,observation.images.wrist_left;observation.images.wrist_right;observation.images.side_1;observation.images.side_2,v3.0,2026090701
mulligan/real-routing-d2-velocity-r00-eval-b01,45460ae67bb037420cbc408c217d025ee9020c9e,release-1,real-routing-d2,evaluation,supporting,,0,,,,,,100,42272,15,observation.images.wrist_left;observation.images.wrist_right;observation.images.side_1;observation.images.side_2,v3.0,
mulligan/real-routing-d2-velocity-r00-eval-b01-baseline-dp-policy-rollouts,6bbbb3cac5d8b18f6a9299722a2db45dadb059fc,release-1,real-routing-d2,policy-rollouts,supporting,baseline_r00_dp,0,,mulligan/real-routing-d2-velocity-r00-eval-b01,,,,50,21352,15,observation.images.wrist_left;observation.images.wrist_right;observation.images.side_1;observation.images.side_2,v3.0,
mulligan/real-routing-d2-velocity-r00-eval-b01-sobol-dp-policy-rollouts,c8d3a92818f44f613cffe6b378a82960fcbd1829,release-1,real-routing-d2,policy-rollouts,supporting,mulligan_r00_dp,0,,mulligan/real-routing-d2-velocity-r00-eval-b01,,,,50,20920,15,observation.images.wrist_left;observation.images.wrist_right;observation.images.side_1;observation.images.side_2,v3.0,
mulligan/real-routing-d2-velocity-r01-eval-b01,004ed6e116526526f59318f3ae4b1e5bcc9dc3f6,release-1,real-routing-d2,evaluation,supporting,,1,,,,,,100,54151,15,observation.images.wrist_left;observation.images.wrist_right;observation.images.side_1;observation.images.side_2,v3.0,
mulligan/real-routing-d2-velocity-r01-eval-b01-baseline-dp-policy-rollouts,cddbbf6b5779a1a60e1ba12ebfa3a619a17f86eb,release-1,real-routing-d2,policy-rollouts,supporting,baseline_r01_dp,1,,mulligan/real-routing-d2-velocity-r01-eval-b01,,,,50,25150,15,observation.images.wrist_left;observation.images.wrist_right;observation.images.side_1;observation.images.side_2,v3.0,
mulligan/real-routing-d2-velocity-r01-eval-b01-mulligan-dp-policy-rollouts,8b11063053cb732a302559a33c6d77b5f8c2c567,release-1,real-routing-d2,policy-rollouts,supporting,mulligan_r01_dp,1,,mulligan/real-routing-d2-velocity-r01-eval-b01,,,,50,29001,15,observation.images.wrist_left;observation.images.wrist_right;observation.images.side_1;observation.images.side_2,v3.0,
mulligan/real-routing-d2-velocity-r02-eval-b01,4d6c7ed79dc7d1970d95b7ad8c34db735d72cad2,release-1,real-routing-d2,evaluation,supporting,,2,,,,,,100,46543,15,observation.images.wrist_left;observation.images.wrist_right;observation.images.side_1;observation.images.side_2,v3.0,
mulligan/real-routing-d2-velocity-r02-eval-b01-baseline-dp-policy-rollouts,ae7db6fa338ac5731b56f3ef4bf764977776b8d7,release-1,real-routing-d2,policy-rollouts,supporting,baseline_r02_dp,2,,mulligan/real-routing-d2-velocity-r02-eval-b01,,,,50,23742,15,observation.images.wrist_left;observation.images.wrist_right;observation.images.side_1;observation.images.side_2,v3.0,
mulligan/real-routing-d2-velocity-r02-eval-b01-mulligan-dp-policy-rollouts,81df4a641380c996b01fcc0db6fa7c54ad5ab3c2,release-1,real-routing-d2,policy-rollouts,supporting,mulligan_r02_dp,2,,mulligan/real-routing-d2-velocity-r02-eval-b01,,,,50,22801,15,observation.images.wrist_left;observation.images.wrist_right;observation.images.side_1;observation.images.side_2,v3.0,
mulligan/real-routing-d2-velocity-r03-eval-b01,40e9019e75d363a15af99da16576fd18ff99f872,release-1,real-routing-d2,evaluation,supporting,,3,,,,,,100,48977,15,observation.images.wrist_left;observation.images.wrist_right;observation.images.side_1;observation.images.side_2,v3.0,
mulligan/real-routing-d2-velocity-r03-eval-b01-baseline-dp-policy-rollouts,458e02ec29da7102e1a03eaea85a7574964742de,release-1,real-routing-d2,policy-rollouts,supporting,baseline_r03_dp,3,,mulligan/real-routing-d2-velocity-r03-eval-b01,,,,50,27444,15,observation.images.wrist_left;observation.images.wrist_right;observation.images.side_1;observation.images.side_2,v3.0,
mulligan/real-routing-d2-velocity-r03-eval-b01-mulligan-dp-policy-rollouts,140ec230f52068f1d6fa80c5aa6efebcc6f1be99,release-1,real-routing-d2,policy-rollouts,supporting,mulligan_r03_dp,3,,mulligan/real-routing-d2-velocity-r03-eval-b01,,,,50,21533,15,observation.images.wrist_left;observation.images.wrist_right;observation.images.side_1;observation.images.side_2,v3.0,
mulligan/real-routing-d2-velocity-r04-eval-b01,82d26706f22ee096cc70b64afaa926a81af855b8,release-1,real-routing-d2,evaluation,supporting,,4,,,,,,150,70436,15,observation.images.wrist_left;observation.images.wrist_right;observation.images.side_1;observation.images.side_2,v3.0,
mulligan/real-routing-d2-velocity-r04-eval-b01-baseline-dp-policy-rollouts,ad99ed5b7ee15cd193a2abae2962ab715589fb17,release-1,real-routing-d2,policy-rollouts,supporting,baseline_r04_dp,4,,mulligan/real-routing-d2-velocity-r04-eval-b01,,,,50,24437,15,observation.images.wrist_left;observation.images.wrist_right;observation.images.side_1;observation.images.side_2,v3.0,
mulligan/real-routing-d2-velocity-r04-eval-b01-mulligan-dp-policy-rollouts,4960fc5011f6ed48320b34e29bb00306121e0f88,release-1,real-routing-d2,policy-rollouts,supporting,mulligan_r04_dp,4,,mulligan/real-routing-d2-velocity-r04-eval-b01,,,,50,24158,15,observation.images.wrist_left;observation.images.wrist_right;observation.images.side_1;observation.images.side_2,v3.0,
mulligan/real-routing-d2-velocity-r04-eval-b01-mulligan-idql-policy-rollouts,0d153ad879f907c9a2c442caa57f3e8f542099e4,release-1,real-routing-d2,policy-rollouts,supporting,mulligan_r04_idql_n16,4,,mulligan/real-routing-d2-velocity-r04-eval-b01,,,,50,21841,15,observation.images.wrist_left;observation.images.wrist_right;observation.images.side_1;observation.images.side_2,v3.0,
mulligan/real-routing-d2-velocity-r05-eval-b01,35311265869f85c65b4b522625352b9e1434fbe2,release-1,real-routing-d2,evaluation,supporting,,5,,,,,,150,79377,15,observation.images.wrist_left;observation.images.wrist_right;observation.images.side_1;observation.images.side_2,v3.0,
mulligan/real-routing-d2-velocity-r05-eval-b01-baseline-dp-policy-rollouts,eec0025f1846e18d006ea59a9b8d6cde7f361a0c,release-1,real-routing-d2,policy-rollouts,supporting,baseline_r05_dp,5,,mulligan/real-routing-d2-velocity-r05-eval-b01,,,,50,26684,15,observation.images.wrist_left;observation.images.wrist_right;observation.images.side_1;observation.images.side_2,v3.0,
mulligan/real-routing-d2-velocity-r05-eval-b01-mulligan-dp-policy-rollouts,edf70cfba9dba983937a1c270910922c0d4f1aa7,release-1,real-routing-d2,policy-rollouts,supporting,mulligan_r05_dp,5,,mulligan/real-routing-d2-velocity-r05-eval-b01,,,,50,27558,15,observation.images.wrist_left;observation.images.wrist_right;observation.images.side_1;observation.images.side_2,v3.0,
mulligan/real-routing-d2-velocity-r05-eval-b01-mulligan-idql-policy-rollouts,58ac1a98705a6233ae9f61e5290a8152bb3eaf36,release-1,real-routing-d2,policy-rollouts,supporting,mulligan_r05_idql_n16,5,,mulligan/real-routing-d2-velocity-r05-eval-b01,,,,50,25135,15,observation.images.wrist_left;observation.images.wrist_right;observation.images.side_1;observation.images.side_2,v3.0,
mulligan/real-routing-d2-velocity-r06-eval-b01,7a4e4d4cc0ca41c336a6c01b47ebc1ef48ce7b8a,release-1,real-routing-d2,evaluation,supporting,,6,,,,,,150,89900,15,observation.images.wrist_left;observation.images.wrist_right;observation.images.side_1;observation.images.side_2,v3.0,
mulligan/real-routing-d2-velocity-r06-eval-b01-baseline-dp-policy-rollouts,dbca33db555d609dc0eb394f8c3b9d6b3363b816,release-1,real-routing-d2,policy-rollouts,supporting,baseline_r06_dp,6,,mulligan/real-routing-d2-velocity-r06-eval-b01,,,,50,28459,15,observation.images.wrist_left;observation.images.wrist_right;observation.images.side_1;observation.images.side_2,v3.0,
mulligan/real-routing-d2-velocity-r06-eval-b01-mulligan-dp-policy-rollouts,0b3fea139668c521a2656897f6d1694aa3680335,release-1,real-routing-d2,policy-rollouts,supporting,mulligan_r06_dp,6,,mulligan/real-routing-d2-velocity-r06-eval-b01,,,,50,30145,15,observation.images.wrist_left;observation.images.wrist_right;observation.images.side_1;observation.images.side_2,v3.0,
mulligan/real-routing-d2-velocity-r06-eval-b01-mulligan-idql-policy-rollouts,8537cedef985c16cb6cfaea64a834f5dcb9910f7,release-1,real-routing-d2,policy-rollouts,supporting,mulligan_r06_idql_n16,6,,mulligan/real-routing-d2-velocity-r06-eval-b01,,,,50,31296,15,observation.images.wrist_left;observation.images.wrist_right;observation.images.side_1;observation.images.side_2,v3.0,
mulligan/real-routing-d2-velocity-r07-eval-b01,29eb8d5a3d808cf42b4151cbdb50f7f1c97c50b2,release-1,real-routing-d2,evaluation,supporting,,7,,,,,,150,99903,15,observation.images.wrist_left;observation.images.wrist_right;observation.images.side_1;observation.images.side_2,v3.0,
mulligan/real-routing-d2-velocity-r07-eval-b01-baseline-dp-policy-rollouts,7ebfb94106c227dd68ab905aea39e620b18f6d1e,release-1,real-routing-d2,policy-rollouts,supporting,baseline_r07_dp,7,,mulligan/real-routing-d2-velocity-r07-eval-b01,,,,50,36181,15,observation.images.wrist_left;observation.images.wrist_right;observation.images.side_1;observation.images.side_2,v3.0,
mulligan/real-routing-d2-velocity-r07-eval-b01-mulligan-dp-policy-rollouts,c90a76ceec1580711c6648ef386bf0fdc30b5074,release-1,real-routing-d2,policy-rollouts,supporting,mulligan_r07_dp,7,,mulligan/real-routing-d2-velocity-r07-eval-b01,,,,50,32961,15,observation.images.wrist_left;observation.images.wrist_right;observation.images.side_1;observation.images.side_2,v3.0,
mulligan/real-routing-d2-velocity-r07-eval-b01-mulligan-idql-policy-rollouts,899670d4d9f83d28387b6692b9eb19f235e1e846,release-1,real-routing-d2,policy-rollouts,supporting,mulligan_r07_idql_n16,7,,mulligan/real-routing-d2-velocity-r07-eval-b01,,,,50,30761,15,observation.images.wrist_left;observation.images.wrist_right;observation.images.side_1;observation.images.side_2,v3.0,
mulligan/real-routing-d2-velocity-r08-eval-b01,1318c078688c9ed539375d0d10ea842295ac1574,release-1,real-routing-d2,evaluation,supporting,,8,,,,,,100,39854,15,observation.images.wrist_left;observation.images.wrist_right;observation.images.side_1;observation.images.side_2,v3.0,
mulligan/real-routing-d2-velocity-r08-eval-b01-mulligan-dp-policy-rollouts,036c5ea3740642d05af8ab2231d1760e25c1c986,release-1,real-routing-d2,policy-rollouts,supporting,mulligan_r08_dp,8,,mulligan/real-routing-d2-velocity-r08-eval-b01,,,,50,21993,15,observation.images.wrist_left;observation.images.wrist_right;observation.images.side_1;observation.images.side_2,v3.0,
mulligan/real-routing-d2-velocity-r08-eval-b01-mulligan-idql-policy-rollouts,2cf902fd49b165b6e0c3bce75f340a9dcd91a66b,release-1,real-routing-d2,policy-rollouts,supporting,mulligan_r08_idql_n32,8,,mulligan/real-routing-d2-velocity-r08-eval-b01,,,,50,17861,15,observation.images.wrist_left;observation.images.wrist_right;observation.images.side_1;observation.images.side_2,v3.0,
mulligan/real-square-d2-c00-teleop-baseline,bd4d3e3af42686f45cc305e4b4858c495a7576f4,release-1,real-square-d2,training-view,mainline,baseline,0,0,mulligan/real-square-d2-c00-teleop-mixed,,,,100,15429,15,observation.images.wrist_left;observation.images.wrist_right;observation.images.side_1;observation.images.side_2,v3.0,
mulligan/real-square-d2-c00-teleop-mixed,19b83b895d10b1b422acf7fbd2abb03ffae8e01a,release-1,real-square-d2,raw-collection,mainline,mixed,0,0,,,,,250,39072,15,observation.images.wrist_left;observation.images.wrist_right;observation.images.side_1;observation.images.side_2,v3.0,
mulligan/real-square-d2-c00-teleop-sobol,3297332740f7ed1897a25015e0d307f3afe7fa9b,release-1,real-square-d2,training-view,mainline,sobol,0,0,mulligan/real-square-d2-c00-teleop-mixed,,,,100,15728,15,observation.images.wrist_left;observation.images.wrist_right;observation.images.side_1;observation.images.side_2,v3.0,
mulligan/real-square-d2-c00-teleop-validation,30c8e47be25efb9efb40d5a0e84cd0e502223c12,release-1,real-square-d2,validation-view,mainline,validation,0,0,mulligan/real-square-d2-c00-teleop-mixed,,,,50,7915,15,observation.images.wrist_left;observation.images.wrist_right;observation.images.side_1;observation.images.side_2,v3.0,
mulligan/real-square-d2-c01-dagger-baseline,9703aa9d81dabf5fc8a2b1f24b08cf9323caa59c,release-1,real-square-d2,training-view,mainline,baseline,1,1,mulligan/real-square-d2-c01-dagger-mixed,,,,50,10361,15,observation.images.wrist_left;observation.images.wrist_right;observation.images.side_1;observation.images.side_2,v3.0,
mulligan/real-square-d2-c01-dagger-mixed,9e54f04d08c21ae2fae712c1d47ee134d7d60cac,release-1,real-square-d2,raw-collection,mainline,mixed,1,1,,,,,119,23862,15,observation.images.wrist_left;observation.images.wrist_right;observation.images.side_1;observation.images.side_2,v3.0,
mulligan/real-square-d2-c01-dagger-mulligan,aaf4407363220180e1ab72cc76dbadfa3a780ac6,release-1,real-square-d2,training-view,mainline,mulligan,1,1,mulligan/real-square-d2-c01-dagger-mixed,,,,50,9792,15,observation.images.wrist_left;observation.images.wrist_right;observation.images.side_1;observation.images.side_2,v3.0,
mulligan/real-square-d2-c01-dagger-mulligan-no-cf,40032e2691ae1f4c162a3b26c511cd901e8c9976,release-1,real-square-d2,training-view,ablation,mulligan-no-cf,1,1,mulligan/real-square-d2-c01-dagger-mixed,,,,50,10305,15,observation.images.wrist_left;observation.images.wrist_right;observation.images.side_1;observation.images.side_2,v3.0,
mulligan/real-square-d2-c02-dagger-baseline,24752e40603f12d44f1753f8720e4aceb3a1c74b,release-1,real-square-d2,training-view,mainline,baseline,2,2,mulligan/real-square-d2-c02-dagger-mixed,,,,50,10900,15,observation.images.wrist_left;observation.images.wrist_right;observation.images.side_1;observation.images.side_2,v3.0,
mulligan/real-square-d2-c02-dagger-mixed,ca6c9aded6011d777ef7da4011cdf345b5e5e7ab,release-1,real-square-d2,raw-collection,mainline,mixed,2,2,,,,,116,23967,15,observation.images.wrist_left;observation.images.wrist_right;observation.images.side_1;observation.images.side_2,v3.0,
mulligan/real-square-d2-c02-dagger-mulligan,469a31c0ee4830868256a667178e74a29b1c27d8,release-1,real-square-d2,training-view,mainline,mulligan,2,2,mulligan/real-square-d2-c02-dagger-mixed,,,,50,9651,15,observation.images.wrist_left;observation.images.wrist_right;observation.images.side_1;observation.images.side_2,v3.0,
mulligan/real-square-d2-c02-dagger-mulligan-no-cf,a1bc4f795378e3aea1711d6aeb037c943ea27e75,release-1,real-square-d2,training-view,ablation,mulligan-no-cf,2,2,mulligan/real-square-d2-c02-dagger-mixed,,,,50,10290,15,observation.images.wrist_left;observation.images.wrist_right;observation.images.side_1;observation.images.side_2,v3.0,
mulligan/real-square-d2-c03-dagger-baseline,abac64edc07c4100b52fa7b23bfbe30a945d048a,release-1,real-square-d2,training-view,mainline,baseline,3,3,mulligan/real-square-d2-c03-dagger-mixed,,,,50,10092,15,observation.images.wrist_left;observation.images.wrist_right;observation.images.side_1;observation.images.side_2,v3.0,
mulligan/real-square-d2-c03-dagger-mixed,a99638761150bb09bcef0fa2a58a0ded7f142376,release-1,real-square-d2,raw-collection,mainline,mixed,3,3,,,,,115,22720,15,observation.images.wrist_left;observation.images.wrist_right;observation.images.side_1;observation.images.side_2,v3.0,
mulligan/real-square-d2-c03-dagger-mulligan,71882a30cd33550b506c04d9f526d7448efe54c1,release-1,real-square-d2,training-view,mainline,mulligan,3,3,mulligan/real-square-d2-c03-dagger-mixed,,,,50,9661,15,observation.images.wrist_left;observation.images.wrist_right;observation.images.side_1;observation.images.side_2,v3.0,
mulligan/real-square-d2-c03-dagger-mulligan-no-cf,88795c105f98ed2e105f9311afbb8d6fe8574084,release-1,real-square-d2,training-view,ablation,mulligan-no-cf,3,3,mulligan/real-square-d2-c03-dagger-mixed,,,,50,10234,15,observation.images.wrist_left;observation.images.wrist_right;observation.images.side_1;observation.images.side_2,v3.0,
mulligan/real-square-d2-c04-dagger-baseline,a67fbd955aa220052b53a15dc43472c8825d4274,release-1,real-square-d2,training-view,mainline,baseline,4,4,mulligan/real-square-d2-c04-dagger-mixed,,,,50,11155,15,observation.images.wrist_left;observation.images.wrist_right;observation.images.side_1;observation.images.side_2,v3.0,
mulligan/real-square-d2-c04-dagger-mixed,49c44e974c1578b726c1874d328347b3cafac65f,release-1,real-square-d2,raw-collection,mainline,mixed,4,4,,,,,115,25453,15,observation.images.wrist_left;observation.images.wrist_right;observation.images.side_1;observation.images.side_2,v3.0,
mulligan/real-square-d2-c04-dagger-mulligan,16e48f7c2b9f5cb20ac7ebcfb0b51721368e66fb,release-1,real-square-d2,training-view,mainline,mulligan,4,4,mulligan/real-square-d2-c04-dagger-mixed,,,,50,10560,15,observation.images.wrist_left;observation.images.wrist_right;observation.images.side_1;observation.images.side_2,v3.0,
mulligan/real-square-d2-c04-dagger-mulligan-no-cf,0e09c4b495fe3e85399d60ed7ff6af3e2245d3ba,release-1,real-square-d2,training-view,ablation,mulligan-no-cf,4,4,mulligan/real-square-d2-c04-dagger-mixed,,,,50,11679,15,observation.images.wrist_left;observation.images.wrist_right;observation.images.side_1;observation.images.side_2,v3.0,
mulligan/real-square-d2-c05-dagger-baseline,04b4ac5e46ccd3f8a4c050ea6a3f7be28d1fb5bd,release-1,real-square-d2,training-view,mainline,baseline,5,5,mulligan/real-square-d2-c05-dagger-mixed,,,,50,11346,15,observation.images.wrist_left;observation.images.wrist_right;observation.images.side_1;observation.images.side_2,v3.0,
mulligan/real-square-d2-c05-dagger-mixed,7526a7a85fd2d052cd951b26a57dc19ba7cf1baa,release-1,real-square-d2,raw-collection,mainline,mixed,5,5,,,,,109,24676,15,observation.images.wrist_left;observation.images.wrist_right;observation.images.side_1;observation.images.side_2,v3.0,
mulligan/real-square-d2-c05-dagger-mulligan,167b4d1b7f11c931c6771d638b8b67791f132010,release-1,real-square-d2,training-view,mainline,mulligan,5,5,mulligan/real-square-d2-c05-dagger-mixed,,,,50,11212,15,observation.images.wrist_left;observation.images.wrist_right;observation.images.side_1;observation.images.side_2,v3.0,
mulligan/real-square-d2-c05-dagger-mulligan-no-cf,dcd8eaa742b6f5b8c8955655e795ee31b22db23e,release-1,real-square-d2,training-view,ablation,mulligan-no-cf,5,5,mulligan/real-square-d2-c05-dagger-mixed,,,,50,11513,15,observation.images.wrist_left;observation.images.wrist_right;observation.images.side_1;observation.images.side_2,v3.0,
mulligan/real-square-d2-r00-eval,088efcd77039a926d65a3f612bc8eb25ba6aedd7,release-1,real-square-d2,evaluation,mainline,,,0,,round,R0,b01,100,17998,15,observation.images.wrist_left;observation.images.side_1,v3.0,2026062203
mulligan/real-square-d2-r01-eval,22b5fd8a033b872224170a5b728b8e9eacb98724,release-1,real-square-d2,evaluation,mainline,,,1,,round,R1,b01,150,35046,15,observation.images.wrist_left;observation.images.side_1,v3.0,2026062502
mulligan/real-square-d2-r01-eval-b01-baseline-dp-policy-rollouts,78a3ccf37f82c83c41d84a91103aea35a3c398f8,release-1,real-square-d2,policy-rollouts,supporting,baseline_r01_dp,,1,mulligan/real-square-d2-r01-eval,,,,50,12357,15,observation.images.wrist_left;observation.images.side_1,v3.0,
mulligan/real-square-d2-r01-eval-b01-mulligan-dp-policy-rollouts,b9e7f70b21b664dab9beabd5a0f855af81a67186,release-1,real-square-d2,policy-rollouts,supporting,mulligan_r01_dp,,1,mulligan/real-square-d2-r01-eval,,,,50,11391,15,observation.images.wrist_left;observation.images.side_1,v3.0,
mulligan/real-square-d2-r02-eval,a1d4ce7a3e32a56383f56ee0a42150c6886e1ca2,release-1,real-square-d2,evaluation,mainline,,,2,,round,R2,b01,150,35930,15,observation.images.wrist_left;observation.images.side_1,v3.0,2026062802
mulligan/real-square-d2-r02-eval-b01-mulligan-dp-policy-rollouts,5f987f3b8dd6a6d79863138d3d5c71e12380de67,release-1,real-square-d2,policy-rollouts,supporting,mulligan_r02_dp,,2,mulligan/real-square-d2-r02-eval,,,,50,10855,15,observation.images.wrist_left;observation.images.side_1,v3.0,
mulligan/real-square-d2-r03-eval,2d28ccd25be263975d79f5ce476f8a9b34efb4d0,release-1,real-square-d2,evaluation,mainline,,,3,,round,R3,b01;b02;b03,400,114503,15,observation.images.wrist_left;observation.images.side_1,v3.0,2026063004
mulligan/real-square-d2-r03-eval-b01-baseline-dp-policy-rollouts,0951199cc385704863b7b35a4d5ce62979e2e67a,release-1,real-square-d2,policy-rollouts,supporting,baseline_r03_dp_b01,,3,mulligan/real-square-d2-r03-eval,,,,50,14753,15,observation.images.wrist_left;observation.images.side_1,v3.0,
mulligan/real-square-d2-r03-eval-b01-mulligan-dp-policy-rollouts,cff03c20064540781b50342ff6afd7e5bc445048,release-1,real-square-d2,policy-rollouts,supporting,mulligan_r03_dp_b01,,3,mulligan/real-square-d2-r03-eval,,,,50,15622,15,observation.images.wrist_left;observation.images.side_1,v3.0,
mulligan/real-square-d2-r03-eval-b02-mulligan-dp-policy-rollouts,555d81156f474d7171c60ae53a94098f13d9c146,release-1,real-square-d2,policy-rollouts,supporting,mulligan_r03_dp,,3,mulligan/real-square-d2-r03-eval,,,,50,14794,15,observation.images.wrist_left;observation.images.side_1,v3.0,
mulligan/real-square-d2-r03-eval-b02-mulligan-idql-policy-rollouts,4ce078e892eb32e3c1678521be78b7baed35838e,release-1,real-square-d2,policy-rollouts,supporting,mulligan_r03_idql_n16,,3,mulligan/real-square-d2-r03-eval,,,,50,12072,15,observation.images.wrist_left;observation.images.side_1,v3.0,
mulligan/real-square-d2-r03-eval-b03-mulligan-dp-policy-rollouts,b40b59935996637c54e6428f23ecab49cbeaeb70,release-1,real-square-d2,policy-rollouts,supporting,mulligan_r03_dp,,3,mulligan/real-square-d2-r03-eval,,,,50,13161,15,observation.images.wrist_left;observation.images.wrist_right;observation.images.side_1;observation.images.side_2,v3.0,
mulligan/real-square-d2-r03-eval-b03-mulligan-idql-policy-rollouts,7b8458add3d8dfa0058ade20d9500550f2e0d890,release-1,real-square-d2,policy-rollouts,supporting,mulligan_r03_idql_n16,,3,mulligan/real-square-d2-r03-eval,,,,50,11977,15,observation.images.wrist_left;observation.images.wrist_right;observation.images.side_1;observation.images.side_2,v3.0,
mulligan/real-square-d2-r04-eval,3a0c7be7d34fc6a3e28809ead34a6db8ec1bac05,release-1,real-square-d2,evaluation,mainline,,,4,,round,R4,b01,200,56894,15,observation.images.wrist_left;observation.images.wrist_right;observation.images.side_1;observation.images.side_2,v3.0,2026070304
mulligan/real-square-d2-r04-eval-b01-mulligan-dp-policy-rollouts,f389c7270b8835f1c2892ed0137bb38371997463,release-1,real-square-d2,policy-rollouts,supporting,mulligan_r04_dp,,4,mulligan/real-square-d2-r04-eval,,,,50,13689,15,observation.images.wrist_left;observation.images.wrist_right;observation.images.side_1;observation.images.side_2,v3.0,
mulligan/real-square-d2-r04-eval-b01-mulligan-idql-policy-rollouts,56aeb500630e8a7a048109cfc5f53381ac261a58,release-1,real-square-d2,policy-rollouts,supporting,mulligan_r04_idql_n16,,4,mulligan/real-square-d2-r04-eval,,,,50,11719,15,observation.images.wrist_left;observation.images.wrist_right;observation.images.side_1;observation.images.side_2,v3.0,
mulligan/real-square-d2-r05-eval,3a332b7b9a1d31c2c7bb46d5585f4fd2ca0b408d,release-1,real-square-d2,evaluation,mainline,,,5,,round,R5,b01,150,42199,15,observation.images.wrist_left;observation.images.wrist_right;observation.images.side_1;observation.images.side_2,v3.0,2026081801
mulligan/real-square-d2-r05-eval-b02-mulligan-dp-policy-rollouts,6b2dffbe4e035f17018827336cf4dcc8ff8e3724,release-1,real-square-d2,policy-rollouts,supporting,mulligan_r05_dp,5,,mulligan/real-square-d2-r05-screen,,,,50,14128,15,observation.images.wrist_left;observation.images.wrist_right;observation.images.side_1;observation.images.side_2,v3.0,
mulligan/real-square-d2-r05-eval-b02-mulligan-idql-policy-rollouts,a512f37da02eca67be7a67fbbded9843fbdf00eb,release-1,real-square-d2,policy-rollouts,supporting,mulligan_r05_idql_cfinal_n16,5,,mulligan/real-square-d2-r05-screen,,,,50,13941,15,observation.images.wrist_left;observation.images.wrist_right;observation.images.side_1;observation.images.side_2,v3.0,
mulligan/real-square-d2-r05-screen,5d640ede15a4fd82c0d4a4e39d20ce19cd937990,release-1,real-square-d2,evaluation,supporting,screen,5,5,,screen,R5,b02;b03,200,59776,15,observation.images.wrist_left;observation.images.wrist_right;observation.images.side_1;observation.images.side_2,v3.0,
mulligan/sim-square-broad-c00-teleop-baseline,d65b70543ccc7d4e607c510e2b317fcc7b5fe1d0,release-1,sim-square-broad,training-view,mainline,baseline,0,0,mulligan/sim-square-broad-c00-teleop-mixed,,,,200,35686,20,,v3.0,
mulligan/sim-square-broad-c00-teleop-baseline-first100,3e384188d6e96db7205f8846a5d3b700077f8712,release-1,sim-square-broad,training-view,ablation,baseline,0,0,mulligan/sim-square-broad-c00-teleop-mixed,,,,100,18159,20,,v3.0,
mulligan/sim-square-broad-c00-teleop-mixed,839e9c0805d41f8b815d1d50e4f383dd85522ad7,release-1,sim-square-broad,raw-collection,mainline,mixed,0,0,,,,,400,70392,20,observation.images.agentview;observation.images.robot0_eye_in_hand,v3.0,
mulligan/sim-square-broad-c00-teleop-sobol,9b76670ef02cb5bc67b1dafd92f3b845d5fa2312,release-1,sim-square-broad,training-view,mainline,sobol,0,0,mulligan/sim-square-broad-c00-teleop-mixed,,,,200,34706,20,,v3.0,
mulligan/sim-square-broad-c00-teleop-sobol-first100,e321768d7f1518297f73107368b14cefdfa39765,release-1,sim-square-broad,training-view,ablation,sobol,0,0,mulligan/sim-square-broad-c00-teleop-mixed,,,,100,17418,20,,v3.0,
mulligan/sim-square-broad-c01-auto-bc-n1-shared-policy-rollouts,343a51a7a3f19193c266472bca45d61a70cbf72e,release-1,sim-square-broad,policy-rollouts,supporting,auto-bc-n1-shared,1,,,,,,100,29231,20,,v3.0,
mulligan/sim-square-broad-c01-auto-iql-n32-policy-rollouts,9a0a723e3b90c28e01c3ba2e89d8fa9bda54ccfe,release-1,sim-square-broad,policy-rollouts,supporting,auto-iql-n32,1,,,,,,100,29626,20,,v3.0,
mulligan/sim-square-broad-c01-baseline-policy-rollouts,d5acc63bf723b43116eba6b49ae25247bdf3b7f8,release-1,sim-square-broad,policy-rollouts,supporting,baseline-uniform,1,,,,,,200,58983,20,,v3.0,
mulligan/sim-square-broad-c01-dagger-baseline,2d7f945f32f547e44da017eb4fb8347d1f33229b,release-1,sim-square-broad,training-view,mainline,baseline,1,1,mulligan/sim-square-broad-c01-dagger-mixed,,,,100,19309,20,,v3.0,
mulligan/sim-square-broad-c01-dagger-mixed,c966c478cec1d1e82257291cde2f3c8396cc1964,release-1,sim-square-broad,raw-collection,mainline,mixed,1,1,,,,,284,58507,20,observation.images.agentview;observation.images.robot0_eye_in_hand,v3.0,
mulligan/sim-square-broad-c01-dagger-mulligan,530d80e4f21f03f0f907cd04062ac754383ba645,release-1,sim-square-broad,training-view,mainline,mulligan,1,1,mulligan/sim-square-broad-c01-dagger-mixed,,,,100,21738,20,,v3.0,
mulligan/sim-square-broad-c01-dagger-mulligan-no-cf,bbc9c10c5591b5ee23e72d5719c314e9b6b44f63,release-1,sim-square-broad,training-view,ablation,mulligan-no-cf,1,1,mulligan/sim-square-broad-c01-dagger-mixed,,,,100,22312,20,,v3.0,
mulligan/sim-square-broad-c01-dagger-sobol-no-cf,b68bd122588615101fae93a3106155890068f7d4,release-1,sim-square-broad,training-view,ablation,sobol-no-cf,1,1,mulligan/sim-square-broad-c01-dagger-mixed,,,,100,21151,20,,v3.0,
mulligan/sim-square-broad-c01-dagger-sobol-with-cf,5b2ca658ff670ee69cd47b826fe8fbdfa63c4210,release-1,sim-square-broad,training-view,ablation,sobol-with-cf,1,1,mulligan/sim-square-broad-c01-dagger-mixed,,,,100,20867,20,,v3.0,
mulligan/sim-square-broad-c01-sobol-policy-rollouts,8c21f4573818bfc1784302e099b6fc15d2994509,release-1,sim-square-broad,policy-rollouts,supporting,sobol,1,,,,,,200,59777,20,,v3.0,
mulligan/sim-square-broad-c02-auto-filtered-bc-n1-policy-rollouts,efdc15402ef46b2c59babef06242191803f77f5f,release-1,sim-square-broad,policy-rollouts,supporting,auto-filtered-bc-n1,2,,,,,,100,30377,20,,v3.0,
mulligan/sim-square-broad-c02-auto-iql-n32-policy-rollouts,7821b0459b5599ac183a819779b44ba346dd25d4,release-1,sim-square-broad,policy-rollouts,supporting,auto-iql-n32,2,,,,,,100,30987,20,,v3.0,
mulligan/sim-square-broad-c02-auto-iql-success-bc-n32-policy-rollouts,b3e64c16968dc9116fac11887e367c293efc19f7,release-1,sim-square-broad,policy-rollouts,supporting,auto-iql-success-bc-n32,2,,,,,,100,29684,20,,v3.0,
mulligan/sim-square-broad-c02-auto-plain-il-n1-policy-rollouts,7ff7b370c25f1e7d05a78ada22f6224f21c855d8,release-1,sim-square-broad,policy-rollouts,supporting,auto-plain-il-n1,2,,,,,,100,32297,20,,v3.0,
mulligan/sim-square-broad-c02-baseline-policy-rollouts,a126419e5068607e5f792c04f69b8d5592dd4a86,release-1,sim-square-broad,policy-rollouts,supporting,baseline-uniform,2,,,,,,100,26415,20,,v3.0,
mulligan/sim-square-broad-c02-dagger-baseline,9a86f1bcfef4368842471f3bbbf3582c7a7253ca,release-1,sim-square-broad,training-view,mainline,baseline,2,2,mulligan/sim-square-broad-c02-dagger-mixed,,,,100,20313,20,,v3.0,
mulligan/sim-square-broad-c02-dagger-mixed,f6c486e94502e5ed63522b2314672247d0ef5f29,release-1,sim-square-broad,raw-collection,mainline,mixed,2,2,,,,,302,62990,20,observation.images.agentview;observation.images.robot0_eye_in_hand,v3.0,
mulligan/sim-square-broad-c02-dagger-mulligan,5e8991a6c266892f37751f6d1732c3728c062903,release-1,sim-square-broad,training-view,mainline,mulligan,2,2,mulligan/sim-square-broad-c02-dagger-mixed,,,,100,22153,20,,v3.0,
mulligan/sim-square-broad-c02-dagger-mulligan-no-cf,c5a921d52d6ef770e952f37959ae005341246009,release-1,sim-square-broad,training-view,ablation,mulligan-no-cf,2,2,mulligan/sim-square-broad-c02-dagger-mixed,,,,100,22560,20,,v3.0,
mulligan/sim-square-broad-c02-dagger-sobol-no-cf,5e3b5448baeec7f4a3b0d14a43779b51aac9c2dc,release-1,sim-square-broad,training-view,ablation,sobol-no-cf,2,2,mulligan/sim-square-broad-c02-dagger-mixed,,,,100,20302,20,,v3.0,
mulligan/sim-square-broad-c02-dagger-sobol-with-cf,45c818887d5ad2af2c3512c53f1ab1ef69e3e54d,release-1,sim-square-broad,training-view,ablation,sobol-with-cf,2,2,mulligan/sim-square-broad-c02-dagger-mixed,,,,100,20141,20,,v3.0,
mulligan/sim-square-broad-c02-mulligan-policy-rollouts,99d6631e1ca6b92790354b0e548e313d50141184,release-1,sim-square-broad,policy-rollouts,supporting,mulligan,2,,,,,,100,24985,20,,v3.0,
mulligan/sim-square-broad-c03-auto-filtered-bc-n1-policy-rollouts,bf773402aee59dded341ac2f81e9a4d9a701da90,release-1,sim-square-broad,policy-rollouts,supporting,auto-filtered-bc-n1,3,,,,,,100,31818,20,,v3.0,
mulligan/sim-square-broad-c03-auto-iql-n32-policy-rollouts,ed37e9e8e0798c50d15e425a6fe204cdfb37e678,release-1,sim-square-broad,policy-rollouts,supporting,auto-iql-n32,3,,,,,,100,30863,20,,v3.0,
mulligan/sim-square-broad-c03-auto-iql-success-bc-n32-policy-rollouts,cbfdad0ae82ca047f64c2cb2ec09eb40fe90c5a1,release-1,sim-square-broad,policy-rollouts,supporting,auto-iql-success-bc-n32,3,,,,,,100,29216,20,,v3.0,
mulligan/sim-square-broad-c03-auto-plain-il-n1-policy-rollouts,5c8792209e751fc4c067431cb864156cbb21d9fc,release-1,sim-square-broad,policy-rollouts,supporting,auto-plain-il-n1,3,,,,,,100,31179,20,,v3.0,
mulligan/sim-square-broad-c03-baseline-policy-rollouts,296ecc2edfaf449ee49a8d0ef8f533c693d70349,release-1,sim-square-broad,policy-rollouts,supporting,baseline-uniform,3,,,,,,100,25039,20,,v3.0,
mulligan/sim-square-broad-c03-dagger-baseline,880e5ba4904024d10311fc8df9a53c583762829f,release-1,sim-square-broad,training-view,mainline,baseline,3,3,mulligan/sim-square-broad-c03-dagger-mixed,,,,100,20979,20,,v3.0,
mulligan/sim-square-broad-c03-dagger-mixed,000fe3bdafd6b4c6d11e1b06c20e0784578ad155,release-1,sim-square-broad,raw-collection,mainline,mixed,3,3,,,,,217,47592,20,observation.images.agentview;observation.images.robot0_eye_in_hand,v3.0,
mulligan/sim-square-broad-c03-dagger-mulligan,5805f0cdb7b4a4782d44ef68baf739cc20da3215,release-1,sim-square-broad,training-view,mainline,mulligan,3,3,mulligan/sim-square-broad-c03-dagger-mixed,,,,100,22684,20,,v3.0,
mulligan/sim-square-broad-c03-dagger-mulligan-no-cf,ec1c943c0e52b5e9c8331ae3fa766b9c43222ca3,release-1,sim-square-broad,training-view,ablation,mulligan-no-cf,3,3,mulligan/sim-square-broad-c03-dagger-mixed,,,,100,23091,20,,v3.0,
mulligan/sim-square-broad-c03-mulligan-policy-rollouts,d74668f92f0ea1dec110c8ab0fe31a5c26d1295c,release-1,sim-square-broad,policy-rollouts,supporting,mulligan,3,,,,,,100,22176,20,,v3.0,
mulligan/sim-square-broad-r00-r03-eval,c1a766cd3c1a1d32afd329c2a219ba58966b086b,release-1,sim-square-broad,evaluation-bundle,mainline,,,0;1;2;3,,,,,3600000,,,,,
mulligan/sim-square-narrow-c00-teleop-baseline,c92daf4da49fba126e876d00da07278f7c24e5d4,release-1,sim-square-narrow,training-view,mainline,baseline,0,0,mulligan/sim-square-narrow-c00-teleop-mixed,,,,100,16333,20,,v3.0,
mulligan/sim-square-narrow-c00-teleop-mixed,8677f782a0f3bbfa7895704434cd062cad9090ae,release-1,sim-square-narrow,raw-collection,mainline,mixed,0,0,,,,,200,33106,20,observation.images.agentview;observation.images.robot0_eye_in_hand,v3.0,
mulligan/sim-square-narrow-c00-teleop-sobol,be8b5ba803a31ae633d6d61c30d2548cfc9a382c,release-1,sim-square-narrow,training-view,mainline,sobol,0,0,mulligan/sim-square-narrow-c00-teleop-mixed,,,,100,16773,20,,v3.0,
mulligan/sim-square-narrow-c01-auto-bc-n1-shared-policy-rollouts,fe2e6872474dbb475b14e2612038f627a405659c,release-1,sim-square-narrow,policy-rollouts,supporting,auto-bc-n1-shared,1,,,,,,100,26991,20,,v3.0,
mulligan/sim-square-narrow-c01-auto-iql-n32-policy-rollouts,6800d10fdadf1e80f6f8a482efe9575cf028f49e,release-1,sim-square-narrow,policy-rollouts,supporting,auto-iql-n32,1,,,,,,100,25478,20,,v3.0,
mulligan/sim-square-narrow-c01-baseline-policy-rollouts,390d13ef86cf25fc8fbd8a1a74cd807a8d0011d0,release-1,sim-square-narrow,policy-rollouts,supporting,baseline-uniform,1,,,,,,100,25027,20,,v3.0,
mulligan/sim-square-narrow-c01-dagger-baseline,2f3f9e3974c58f608043d33ae6df9fa6371e286b,release-1,sim-square-narrow,training-view,mainline,baseline,1,1,mulligan/sim-square-narrow-c01-dagger-mixed,,,,100,17507,20,,v3.0,
mulligan/sim-square-narrow-c01-dagger-mixed,fb1c24b5a7e517c03e28f7b4850c50aa13cff514,release-1,sim-square-narrow,raw-collection,mainline,mixed,1,1,,,,,311,54838,20,observation.images.agentview;observation.images.robot0_eye_in_hand,v3.0,
mulligan/sim-square-narrow-c01-dagger-mulligan,edd45cb479f89abe7403fa7bd797bfaf678138e1,release-1,sim-square-narrow,training-view,mainline,mulligan,1,1,mulligan/sim-square-narrow-c01-dagger-mixed,,,,100,18151,20,,v3.0,
mulligan/sim-square-narrow-c01-dagger-mulligan-no-cf,25b2a5d03d769add4d856102029b76312853f491,release-1,sim-square-narrow,training-view,ablation,mulligan-no-cf,1,1,mulligan/sim-square-narrow-c01-dagger-mixed,,,,100,17844,20,,v3.0,
mulligan/sim-square-narrow-c01-dagger-sobol-no-cf,72d609535cd21d7311f453a52c04e686a200bf90,release-1,sim-square-narrow,training-view,ablation,sobol-no-cf,1,1,mulligan/sim-square-narrow-c01-dagger-mixed,,,,100,17510,20,,v3.0,
mulligan/sim-square-narrow-c01-dagger-sobol-with-cf,a4747c67d528f6e6ee462508143868705b3b3ea9,release-1,sim-square-narrow,training-view,ablation,sobol-with-cf,1,1,mulligan/sim-square-narrow-c01-dagger-mixed,,,,100,17874,20,,v3.0,
mulligan/sim-square-narrow-c01-sobol-policy-rollouts,68e68af0628088c2bb34c5502a60599c4b7fa848,release-1,sim-square-narrow,policy-rollouts,supporting,sobol,1,,,,,,100,22484,20,,v3.0,
mulligan/sim-square-narrow-c02-auto-filtered-bc-n1-policy-rollouts,3913e025d952022c18bc384ca2f4d933d40f460b,release-1,sim-square-narrow,policy-rollouts,supporting,auto-filtered-bc-n1,2,,,,,,100,27000,20,,v3.0,
mulligan/sim-square-narrow-c02-auto-iql-n32-policy-rollouts,468ae9a8edbca4e83ab06b9e63d5f420f80def1b,release-1,sim-square-narrow,policy-rollouts,supporting,auto-iql-n32,2,,,,,,100,23388,20,,v3.0,
mulligan/sim-square-narrow-c02-auto-iql-success-bc-n32-policy-rollouts,4aeba7702a3df6ed5c483eb7798707e1a1c16e92,release-1,sim-square-narrow,policy-rollouts,supporting,auto-iql-success-bc-n32,2,,,,,,100,23794,20,,v3.0,
mulligan/sim-square-narrow-c02-auto-plain-il-n1-policy-rollouts,dd3ba581d352884231e21f2a69316ab40d06bfc0,release-1,sim-square-narrow,policy-rollouts,supporting,auto-plain-il-n1,2,,,,,,100,27121,20,,v3.0,
mulligan/sim-square-narrow-c02-baseline-policy-rollouts,74f5784de09833ae6036f42900afa6d21084aa90,release-1,sim-square-narrow,policy-rollouts,supporting,baseline-uniform,2,,,,,,100,21481,20,,v3.0,
mulligan/sim-square-narrow-c02-dagger-baseline,b35457653143a19c932d3102715313f5299e3f73,release-1,sim-square-narrow,training-view,mainline,baseline,2,2,mulligan/sim-square-narrow-c02-dagger-mixed,,,,100,17878,20,,v3.0,
mulligan/sim-square-narrow-c02-dagger-mixed,7a4cf7c4e90d68f2aa5f3e1d6bb570193d2aef6d,release-1,sim-square-narrow,raw-collection,mainline,mixed,2,2,,,,,206,37116,20,observation.images.agentview;observation.images.robot0_eye_in_hand,v3.0,
mulligan/sim-square-narrow-c02-dagger-mulligan,a313faa86ab1eadbaee13e6ef95da38090418d81,release-1,sim-square-narrow,training-view,mainline,mulligan,2,2,mulligan/sim-square-narrow-c02-dagger-mixed,,,,100,18207,20,,v3.0,
mulligan/sim-square-narrow-c02-dagger-mulligan-no-cf,1c760f2d437018aca2a124f96c29fd612a6d8d99,release-1,sim-square-narrow,training-view,ablation,mulligan-no-cf,2,2,mulligan/sim-square-narrow-c02-dagger-mixed,,,,100,18082,20,,v3.0,
mulligan/sim-square-narrow-c02-mulligan-policy-rollouts,ea6970ef1676132cfc4f369b6cf3d9520d79b72c,release-1,sim-square-narrow,policy-rollouts,supporting,mulligan,2,,,,,,100,19158,20,,v3.0,
mulligan/sim-square-narrow-c02-sobol-policy-rollouts,0c0b021f15bede2a5e84f20bb8628c294b5b8923,release-1,sim-square-narrow,policy-rollouts,supporting,sobol,2,,,,,,100,19739,20,,v3.0,
mulligan/sim-square-narrow-c03-auto-filtered-bc-n1-policy-rollouts,22faa569124a2429a71d4a56cc5033c9e0e6cdce,release-1,sim-square-narrow,policy-rollouts,supporting,auto-filtered-bc-n1,3,,,,,,100,24501,20,,v3.0,
mulligan/sim-square-narrow-c03-auto-iql-n32-policy-rollouts,20a51e29266ca956334ab7b3bf092e38f946316d,release-1,sim-square-narrow,policy-rollouts,supporting,auto-iql-n32,3,,,,,,100,21701,20,,v3.0,
mulligan/sim-square-narrow-c03-auto-iql-success-bc-n32-policy-rollouts,760bd38592bdb83fb2d38d95c6e116a23bbcc9b3,release-1,sim-square-narrow,policy-rollouts,supporting,auto-iql-success-bc-n32,3,,,,,,100,22505,20,,v3.0,
mulligan/sim-square-narrow-c03-auto-plain-il-n1-policy-rollouts,a2955d95e5fbd61a5735efce3337bead46956954,release-1,sim-square-narrow,policy-rollouts,supporting,auto-plain-il-n1,3,,,,,,100,25298,20,,v3.0,
mulligan/sim-square-narrow-c03-baseline-policy-rollouts,a36182cf2e63c18edaf889c01f923528dbe8ded2,release-1,sim-square-narrow,policy-rollouts,supporting,baseline-uniform,3,,,,,,100,17864,20,,v3.0,
mulligan/sim-square-narrow-c03-dagger-baseline,e9b1dd47b42d9858ab31c6de51386bf2ebd0164f,release-1,sim-square-narrow,training-view,mainline,baseline,3,3,mulligan/sim-square-narrow-c03-dagger-mixed,,,,100,17546,20,,v3.0,
mulligan/sim-square-narrow-c03-dagger-mixed,0a02eb1cb52b7885078fae1de218a174cdc6cbe2,release-1,sim-square-narrow,raw-collection,mainline,mixed,3,3,,,,,217,38539,20,observation.images.agentview;observation.images.robot0_eye_in_hand,v3.0,
mulligan/sim-square-narrow-c03-dagger-mulligan,946b716f121cf8e131bc284dede14dede9522b0a,release-1,sim-square-narrow,training-view,mainline,mulligan,3,3,mulligan/sim-square-narrow-c03-dagger-mixed,,,,100,17832,20,,v3.0,
mulligan/sim-square-narrow-c03-dagger-mulligan-no-cf,14c8b7bdc05d4a471365ddf903ddd44947e0ba6a,release-1,sim-square-narrow,training-view,ablation,mulligan-no-cf,3,3,mulligan/sim-square-narrow-c03-dagger-mixed,,,,100,17885,20,,v3.0,
mulligan/sim-square-narrow-c03-mulligan-policy-rollouts,1871d76ba2c6011d6e9a4a39f2c1b97899afaa1c,release-1,sim-square-narrow,policy-rollouts,supporting,mulligan,3,,,,,,100,18378,20,,v3.0,
mulligan/sim-square-narrow-r00-r03-eval,fa1031961da659c5f5e21bcd30605c12d0bc53aa,release-1,sim-square-narrow,evaluation-bundle,mainline,,,0;1;2;3,,,,,880000,,,,,
