usage_id,status,source,sobol_seed,n_unique_stream_indices,min_stream_index,max_stream_index,ranges
marker_d2_r0_eval_heldout_sobol50,used,marker_d2_eval_heldout,2026062103,50,0,49,0..49
marker_d2_r1_promoted_eval_failures_to_training,used,marker_d2_eval_heldout_promoted,2026062103,25,2,49,2..3;5..9;11..12;16;18..21;23;25;27;33..34;38;41;43;47..49
marker_d2_r1_mulligan_collection_fps_fill,used,marker_d2_mulligan_fps_fill,2026062301,25,492,32471,492;921;1483;2344;2502;3432;5636;5789;6663;7270;10726;13785;15063;16505;16971;18457;19366;21527;22376;24153;25958;29687;30013;31048;32471
marker_d2_r1_heldout_eval_independent_sobol_seed2026062501,proposed,marker_d2_eval_sobol_independent,2026062501,50,0,49,0..49
square_d2_r0_eval_heldout_sobol50,used,square_d2_eval_heldout,2026062203,50,0,49,0..49
square_d2_r1_promoted_eval_failures_to_training,used,square_d2_eval_heldout_promoted,2026062203,25,0,49,0..2;6..7;9;18..22;24..28;30;34;36..38;43..44;46;49
square_d2_r1_mulligan_collection_fps_fill,used,square_d2_mulligan_fps_fill,2026062401,25,1219,30064,1219;1989;3109;5290;6149;7866;9443;9475;9573;10403;10874;15100;15175;16195;19322;20037;21052;21690;24828;25514;25952;27203;27964;28124;30064
square_d2_r1_heldout_eval_independent_sobol_seed2026062502,proposed,square_d2_eval_sobol_independent,2026062502,50,0,49,0..49
marker_d2_r1_with_cf_dp_vs_iql_heldout_independent_sobol_seed2026062601,proposed,marker_d2_eval_sobol_independent,2026062601,50,0,49,0..49
marker_d2_r1_heldout_eval_sobol50,used,marker_d2_eval_sobol_independent,2026062501,50,0,49,0..49
marker_d2_r2_promoted_eval_failures_to_training,used,marker_d2_eval_sobol_independent_promoted,2026062501,25,0,49,0;3;5..6;9;15;18..22;24;26;28;34;36;38;40..44;47..49
marker_d2_r2_mulligan_collection_fps_fill,used,marker_d2_mulligan_fps_fill,2026062602,25,89,30869,89;663;2869;4560;7878;9260;10570;11054;12434;14096;15006;15967;16122;16213;16625;16963;18860;19537;20079;21525;23050;24433;27631;30073;30869
marker_d2_r2_heldout_eval_independent_sobol_seed2026062701,used,marker_d2_eval_sobol_independent,2026062701,50,0,49,0..49
square_d2_r1_heldout_eval_sobol50,used,square_d2_eval_sobol_independent,2026062502,50,0,49,0..49
square_d2_r2_promoted_eval_failures_to_training,used,square_d2_eval_sobol_independent_promoted,2026062502,25,0,47,0;3;7;9;11;14..15;17..20;22;27;30..35;37;40..41;44;46..47
square_d2_r2_mulligan_collection_fps_fill,used,square_d2_mulligan_fps_fill,2026062801,25,455,31378,455;1330;1468;2659;7257;8111;9446;9574;10694;11865;13155;15381;15655;19642;20071;23231;24483;26484;26975;29529;29831;29990;30169;31104;31378
square_d2_r2_heldout_eval_independent_sobol_seed2026062802,proposed,square_d2_eval_sobol_independent,2026062802,50,0,49,0..49
square_d2_r3_promoted_eval_failures_to_training,used,square_d2_eval_sobol_independent_promoted,2026062802,23,1,48,1;3;8..10;12;19..20;22..27;32..33;35;38;40;42..44;48
square_d2_r3_mulligan_collection_fps_fill,used,square_d2_mulligan_fps_fill,2026063001,27,2164,28420,2164;2687;2752;6694;10794;10806;11066;11320;12064;12509;13874;14329;16800;18076;19882;20127;20790;21162;21287;21643;21984;22949;24087;25900;27066;27603;28420
marker_d2_r3_promoted_eval_failures_to_training,used,marker_d2_eval_sobol_independent_promoted,2026062701,25,1,48,1..4;6..7;17;20;23;26..32;34;37;39;41..42;45..48
marker_d2_r3_mulligan_collection_fps_fill,used,marker_d2_mulligan_fps_fill,2026063007,25,2075,32672,2075;4710;7338;7706;9237;13255;14586;16890;17034;17876;18005;20081;20623;20804;21013;21720;23520;24498;25617;26388;26964;30026;30315;31620;32672
square_d2_r3_heldout_eval_independent_sobol_seed2026063004,proposed,square_d2_eval_sobol_independent,2026063004,50,0,49,0..49
marker_d2_final_dp_vs_iql_heldout_independent_sobol_seed2026070102,proposed,marker_d2_eval_sobol_independent,2026070102,100,0,99,0..99
square_d2_final_dp_vs_iql_heldout_independent_sobol_seed2026070101,proposed,square_d2_eval_sobol_independent,2026070101,100,0,99,0..99
marker_d2_r3_heldout_eval_independent_sobol_seed2026070201,proposed,marker_d2_eval_sobol_independent,2026070201,50,0,49,0..49
routing_d2_r0_heldout_eval_independent_sobol_seed2026070501,used,routing_d2_eval_sobol_independent,2026070501,50,0,49,0..49
square_d2_r4_heldout_eval_independent_sobol_seed2026070304,proposed,square_d2_eval_sobol_independent,2026070304,50,0,49,0..49
marker_d2_r4_heldout_eval_independent_sobol_seed2026070604,proposed,marker_d2_eval_sobol_independent,2026070604,50,0,49,0..49
routing_d2_r1_heldout_eval_independent_sobol_seed2026070705,used,routing_d2_eval_sobol_independent,2026070705,50,0,49,0..49
marker_d2_lineage_eval_independent_sobol_seed2026070801,proposed,marker_d2_eval_sobol_independent,2026070801,50,0,49,0..49
routing_d2_r2_promoted_eval_failures_to_training,used,routing_d2_eval_sobol_independent_promoted,2026070705,25,0,46,0..1;3;5;9..11;13..14;20;25;27;30..31;33;35;37..44;46
routing_d2_r2_mulligan_collection_fps_fill,used,routing_d2_mulligan_fps_fill,2026070803,25,28,3993,28;236;268;410;537;575;862;873;1324;1415;1525;1574;1846;2518;2683;2755;3212;3498;3545;3715;3891;3926;3940;3961;3993
routing_d2_r2_heldout_eval_independent_sobol_seed2026070802,used,routing_d2_eval_sobol_independent,2026070802,50,0,49,0..49
routing_d2_r3_promoted_eval_failures_to_training,used,routing_d2_eval_sobol_independent_promoted,2026070802,25,2,49,2..3;6..10;12..13;20..23;25;27;29;32..34;36;40;42..43;47;49
routing_d2_r3_mulligan_collection_fps_fill,used,routing_d2_mulligan_fps_fill,2026070903,25,88,4052,88;138;170;638;1209;1251;1296;1486;1611;1623;1661;1768;1963;2014;2030;2418;2558;2631;2816;2982;3545;3575;3923;4038;4052
routing_d2_r3_heldout_eval_independent_sobol_seed2026070902,used,routing_d2_eval_sobol_independent,2026070902,50,0,49,0..49
routing_d2_r4_promoted_eval_failures_to_training,used,routing_d2_eval_sobol_independent_promoted,2026070902,25,2,48,2..4;6..7;9;11..12;16..18;21;24..25;29..32;35..37;42;44;46;48
routing_d2_r4_mulligan_collection_fps_fill,used,routing_d2_mulligan_fps_fill,2026071003,25,213,4043,213;330;706;1007;1387;1531;1547;1614;1732;1746;1812;1844;1858;1932;2025;2532;2964;3005;3154;3198;3277;3343;3627;3887;4043
routing_d2_r4_heldout_eval_independent_sobol_seed2026071007,used,routing_d2_eval_sobol_independent,2026071007,50,0,49,0..49
routing_d2_r5_promoted_eval_failures_to_training,used,routing_d2_eval_sobol_independent_promoted,2026071007,20,0,49,0;3..6;17..18;21..22;25;27..28;31;33..36;42;45;49
routing_d2_r5_mulligan_collection_fps_fill,used,routing_d2_mulligan_fps_fill,2026071103,30,90,4093,90;606;769;857;865;947;1164;1279;1328;1409;1473;1626;1704;1795;1915;1924;1961;2050;2599;2611;2645;2868;2938;3024;3209;3342;3532;3720;3743;4093
routing_d2_r5_heldout_eval_independent_sobol_seed2026071107,used,routing_d2_eval_sobol_independent,2026071107,50,0,49,0..49
routing_d2_r6_promoted_eval_failures_to_training,used,routing_d2_eval_sobol_independent_promoted,2026071107,25,0,49,0..2;4;6..12;14;16..18;21;29..30;33..35;37;46;48..49
routing_d2_r6_mulligan_collection_fps_fill,used,routing_d2_mulligan_fps_fill,2026071201,25,50,4060,50;266;647..648;935;1081;1475;1736;1752;1815;1958;2014;2078;2238;2677;2700;2782;2945;2988;2991;3066;3315;3875;3968;4060
routing_d2_r6_heldout_eval_independent_sobol_seed2026071206,used,routing_d2_eval_sobol_independent,2026071206,50,0,49,0..49
routing_d2_r7_promoted_eval_failures_to_training,used,routing_d2_eval_sobol_independent_promoted,2026071206,25,0,49,0;3;7;9;11..14;17..19;22..23;30..31;33;35..37;39..40;43;47..49
routing_d2_r7_mulligan_collection_fps_fill,used,routing_d2_mulligan_fps_fill,2026071301,25,152,4091,152;202;716;1026;1110;1133;1302;1373;1473;1568;1746;1993;2276;2427;2484;2555;2768;2933;3035;3236;3282;3313;3493;4063;4091
routing_d2_r7_heldout_eval_independent_sobol_seed2026071306,used,routing_d2_eval_sobol_independent,2026071306,50,0,49,0..49
square_d2_r5_heldout_eval_independent_sobol_seed2026070901,used,square_d2_eval_sobol_independent,2026070901,50,0,49,0..49
square_d2_r5_repeat_eval_independent_sobol_seed2026081801,proposed,square_d2_eval_sobol_independent,2026081801,50,0,49,0..49
routing_d2_r8_promoted_eval_failures_to_training,used,routing_d2_eval_sobol_independent_promoted,2026071306,25,0,49,0;2..5;7..12;20..21;26;28..29;35;37;40;44..49
routing_d2_r8_mulligan_collection_fps_fill,used,routing_d2_mulligan_fps_fill,2026072901,25,4184,12250,4184;4316;4724;5633;5827;6670;7016;7053;7395;7459;7690;7724;7962;8051;8321;9523;9749;9898;10009;10087;10463;10570;10747;11461;12250
routing_d2_r8_heldout_eval_independent_sobol_seed2026072905,used,routing_d2_eval_sobol_independent,2026072905,50,0,49,0..49
routing_d2_r9_promoted_eval_failures_to_training,used,routing_d2_eval_sobol_independent_promoted,2026072905,21,1,49,1;4..5;10;15;18;20..21;24;26;30..34;36;40;44..45;48..49
routing_d2_r9_promoted_earlier_r4_eval_failures_to_training,used,routing_d2_eval_sobol_independent_promoted_earlier,2026071007,3,1,15,1;11;15
routing_d2_r9_promoted_earlier_r5_eval_failures_to_training,used,routing_d2_eval_sobol_independent_promoted_earlier,2026071107,10,5,43,5;13;20;26;28;31;36;39..40;43
routing_d2_r9_promoted_earlier_r6_eval_failures_to_training,used,routing_d2_eval_sobol_independent_promoted_earlier,2026071206,10,8,46,8;16;20..21;26;28;38;44..46
routing_d2_r9_promoted_earlier_r7_eval_failures_to_training,used,routing_d2_eval_sobol_independent_promoted_earlier,2026071306,6,22,41,22;25;33..34;38;41
routing_d2_r9_mulligan_collection_fps_fill,used,routing_d2_mulligan_fps_fill_hardness_tilt_beta1,2026090208,50,25,8085,25;121;252;345;569;733;921;1062;1385;1556;1601;1625;1667;1681;2122;2182;2211;2329;2459;2521;2559;2755;2963;3337;3427;3463;3468;3558;3728;3772;3852;3967;4185;4303;4328;4398;4424;4846;5108;5158;6342;6415;6423;6595;6665;6777;6873;7459;7910;8085
routing_d2_r9_heldout_eval_independent_sobol_seed2026090205,proposed,routing_d2_eval_sobol_independent,2026090205,50,0,49,0..49
marker_d2_r4_iql_eval_independent_sobol_seed2026071101,used,marker_d2_eval_sobol_independent,2026071101,50,0,49,0..49
marker_d2_r5_heldout_eval_independent_sobol_seed2026070704,used,marker_d2_eval_sobol_independent,2026070704,50,0,49,0..49
routing_d2_lineage_heldout_eval_independent_sobol_seed2026090701,used,routing_d2_eval_sobol_independent,2026090701,50,0,49,0..49
marker_d2_r0_collection_mulligan_sobol100,used,marker_d2_mulligan_sobol,2026062102,100,0,99,0..99
square_d2_r0_collection_mulligan_sobol100,used,square_d2_mulligan_sobol,2026062202,100,0,99,0..99
