cell_idx,sr_seed1,sr_seed2,sr_seed3,sr_seed4,sr_seed5
0,18.1818,40.9091,27.2727,27.2727,31.8182
1,53.7037,70.3704,53.7037,59.2593,62.963
2,69.3878,89.7959,79.5918,79.5918,59.1837
3,86.0,86.0,86.0,80.0,82.0
4,64.8148,81.4815,88.8889,81.4815,81.4815
5,76.3636,94.5455,80.0,94.5455,76.3636
6,42.3077,57.6923,23.0769,46.1538,34.6154
7,69.2308,63.4615,69.2308,55.7692,57.6923
8,47.9167,70.8333,64.5833,45.8333,58.3333
9,80.0,81.8182,76.3636,67.2727,80.0
10,69.2308,84.6154,59.6154,59.6154,71.1538
11,64.1509,94.3396,75.4717,71.6981,73.5849
12,34.7826,69.5652,52.1739,56.5217,56.5217
13,77.3585,73.5849,88.6792,73.5849,79.2453
14,46.8085,80.8511,65.9574,63.8298,80.8511
15,75.8621,75.8621,68.9655,65.5172,81.0345
16,54.386,64.9123,71.9298,45.614,57.8947
17,58.4906,77.3585,41.5094,58.4906,47.1698
18,45.4545,59.0909,68.1818,63.6364,54.5455
19,70.3704,85.1852,87.037,68.5185,79.6296
20,54.902,84.3137,66.6667,64.7059,56.8627
21,75.0,84.6154,90.3846,78.8462,80.7692
22,33.9623,56.6038,58.4906,47.1698,49.0566
23,33.3333,49.0196,54.902,35.2941,45.098
24,46.6667,43.3333,53.3333,26.6667,30.0
25,69.0909,74.5455,69.0909,70.9091,58.1818
26,75.4717,98.1132,71.6981,54.717,67.9245
27,71.1538,73.0769,73.0769,76.9231,63.4615
28,61.1111,75.9259,70.3704,55.5556,61.1111
29,86.2745,84.3137,80.3922,90.1961,70.5882
30,24.1379,31.0345,27.5862,31.0345,37.931
31,60.7143,50.0,55.3571,42.8571,53.5714
32,69.7674,72.093,76.7442,60.4651,72.093
33,49.1228,31.5789,49.1228,56.1404,45.614
34,45.4545,67.2727,61.8182,45.4545,61.8182
35,42.0,62.0,58.0,38.0,40.0
36,28.0,20.0,20.0,24.0,28.0
37,41.1765,41.1765,39.2157,41.1765,56.8627
38,66.6667,58.8235,47.0588,35.2941,49.0196
39,78.5714,69.6429,75.0,66.0714,73.2143
40,39.6226,64.1509,56.6038,43.3962,50.9434
41,76.9231,88.4615,86.5385,73.0769,71.1538
42,15.0,40.0,15.0,50.0,10.0
43,55.5556,59.2593,62.963,50.0,16.6667
44,68.0,74.0,60.0,56.0,30.0
45,72.0,74.0,78.0,74.0,48.0
46,63.4615,80.7692,67.3077,80.7692,51.9231
47,73.6842,68.4211,54.386,77.193,59.6491
48,25.0,50.0,0.0,25.0,25.0
49,60.0,70.9091,63.6364,72.7273,72.7273
50,76.0,82.0,62.0,76.0,72.0
51,88.2353,92.1569,86.2745,84.3137,98.0392
52,54.717,96.2264,90.566,94.3396,69.8113
53,74.5098,100.0,96.0784,94.1176,72.549
54,0.0,25.0,0.0,0.0,25.0
55,73.8095,80.9524,73.8095,85.7143,66.6667
56,56.25,89.5833,77.0833,60.4167,58.3333
57,81.8182,85.4545,87.2727,80.0,92.7273
58,81.8182,78.1818,78.1818,74.5455,78.1818
59,77.7778,94.4444,72.2222,87.037,83.3333
60,50.0,50.0,62.5,75.0,75.0
61,60.8696,89.1304,73.913,84.7826,73.913
62,78.7234,82.9787,89.3617,65.9574,87.234
63,83.0189,69.8113,73.5849,79.2453,75.4717
64,65.3846,78.8462,73.0769,67.3077,69.2308
65,74.5098,78.4314,54.902,70.5882,66.6667
66,37.5,25.0,37.5,25.0,62.5
67,66.6667,89.5833,95.8333,79.1667,91.6667
68,60.8696,84.7826,73.913,69.5652,60.8696
69,79.2453,96.2264,88.6792,94.3396,96.2264
70,37.7358,54.717,66.0377,47.1698,45.283
71,51.7857,58.9286,71.4286,46.4286,57.1429
72,50.0,83.3333,66.6667,66.6667,66.6667
73,62.7451,49.0196,45.098,58.8235,37.2549
74,93.75,100.0,81.25,85.4167,83.3333
75,64.5833,70.8333,77.0833,70.8333,60.4167
76,96.1538,96.1538,92.3077,63.4615,84.6154
77,76.6667,91.6667,91.6667,76.6667,63.3333
78,60.0,80.0,60.0,80.0,0.0
79,54.1667,43.75,54.1667,39.5833,50.0
80,86.0,78.0,90.0,86.0,82.0
81,73.5849,54.717,67.9245,56.6038,62.2642
82,67.8571,80.3571,71.4286,66.0714,76.7857
83,76.9231,88.4615,69.2308,69.2308,76.9231
84,50.0,50.0,16.6667,16.6667,16.6667
85,57.4468,25.5319,27.6596,42.5532,57.4468
86,63.6364,52.2727,47.7273,45.4545,65.9091
87,74.5455,69.0909,67.2727,76.3636,76.3636
88,58.1818,56.3636,54.5455,60.0,80.0
89,80.0,94.0,84.0,92.0,86.0
90,33.3333,16.6667,0.0,16.6667,16.6667
91,60.0,37.7778,48.8889,31.1111,40.0
92,96.0784,64.7059,50.9804,72.549,39.2157
93,75.9259,62.963,68.5185,66.6667,72.2222
94,61.5385,46.1538,48.0769,69.2308,34.6154
95,87.5,57.1429,46.4286,69.6429,58.9286
96,65.3846,73.0769,69.2308,65.3846,69.2308
97,88.8889,83.3333,55.5556,88.8889,94.4444
98,81.25,89.5833,75.0,91.6667,77.0833
99,90.3846,92.3077,84.6154,92.3077,100.0
100,49.0566,88.6792,58.4906,66.0377,64.1509
101,90.566,98.1132,66.0377,90.566,83.0189
102,14.2857,38.0952,47.619,42.8571,14.2857
103,70.3704,59.2593,59.2593,77.7778,59.2593
104,76.0,76.0,74.0,84.0,76.0
105,69.8113,83.0189,77.3585,81.1321,86.7925
106,92.4528,83.0189,71.6981,86.7925,86.7925
107,92.1569,90.1961,64.7059,84.3137,92.1569
108,72.7273,59.0909,72.7273,77.2727,54.5455
109,65.0,60.0,75.0,70.0,65.0
110,91.6667,93.75,87.5,85.4167,91.6667
111,81.4815,87.037,77.7778,87.037,74.0741
112,68.5185,68.5185,55.5556,72.2222,70.3704
113,59.6154,63.4615,67.3077,78.8462,67.3077
114,47.619,57.1429,47.619,61.9048,66.6667
115,81.4815,85.1852,88.8889,66.6667,85.1852
116,71.4286,63.2653,57.1429,55.102,57.1429
117,88.0952,97.619,83.3333,88.0952,95.2381
118,42.3077,57.6923,61.5385,55.7692,51.9231
119,52.6316,50.8772,49.1228,78.9474,54.386
120,85.7143,95.2381,76.1905,90.4762,85.7143
121,26.3158,52.6316,52.6316,63.1579,57.8947
122,93.8776,97.9592,91.8367,100.0,95.9184
123,70.5882,68.6275,78.4314,80.3922,62.7451
124,92.9825,92.9825,87.7193,89.4737,94.7368
125,61.5385,76.9231,84.6154,88.4615,67.3077
126,86.9565,69.5652,78.2609,69.5652,60.8696
127,54.5455,63.6364,40.9091,31.8182,50.0
128,92.4528,90.566,88.6792,84.9057,83.0189
129,76.5957,59.5745,70.2128,68.0851,68.0851
130,61.2245,85.7143,83.6735,65.3061,65.3061
131,87.5,85.7143,87.5,89.2857,87.5
132,60.8696,47.8261,34.7826,43.4783,52.1739
133,47.3684,26.3158,10.5263,26.3158,15.7895
134,69.8113,67.9245,69.8113,60.3774,71.6981
135,82.9787,63.8298,48.9362,65.9574,53.1915
136,80.7692,94.2308,75.0,61.5385,88.4615
137,85.9649,92.9825,80.7018,92.9825,85.9649
138,69.5652,60.8696,65.2174,82.6087,95.6522
139,64.2857,53.5714,39.2857,57.1429,75.0
140,90.7407,83.3333,64.8148,81.4815,75.9259
141,95.9184,83.6735,65.3061,83.6735,81.6327
142,59.6154,42.3077,48.0769,59.6154,34.6154
143,88.0,80.0,40.0,72.0,66.0
144,64.4444,71.1111,73.3333,71.1111,66.6667
145,80.0,80.0,80.0,100.0,100.0
146,74.0741,90.7407,83.3333,94.4444,87.037
147,82.3529,92.1569,70.5882,100.0,96.0784
148,45.4545,85.4545,67.2727,67.2727,70.9091
149,77.0833,85.4167,62.5,89.5833,85.4167
150,36.5385,63.4615,67.3077,67.3077,61.5385
151,20.0,100.0,60.0,80.0,40.0
152,52.0,86.0,68.0,100.0,80.0
153,75.5102,81.6327,57.1429,77.551,83.6735
154,78.5714,78.5714,51.7857,80.3571,87.5
155,94.8276,91.3793,67.2414,89.6552,93.1034
156,83.3333,73.8095,88.0952,95.2381,80.9524
157,22.2222,44.4444,55.5556,77.7778,44.4444
158,86.2069,67.2414,89.6552,75.8621,89.6552
159,76.7442,81.3953,67.4419,79.0698,55.814
160,47.9167,50.0,43.75,43.75,60.4167
161,58.9286,76.7857,48.2143,75.0,73.2143
162,64.5833,29.1667,68.75,60.4167,77.0833
163,50.0,50.0,50.0,50.0,50.0
164,69.8113,54.717,64.1509,60.3774,62.2642
165,79.5918,79.5918,67.3469,79.5918,69.3878
166,42.3729,54.2373,57.6271,66.1017,40.678
167,46.9388,46.9388,44.898,53.0612,48.9796
168,97.9167,95.8333,93.75,97.9167,91.6667
169,60.0,80.0,60.0,60.0,40.0
170,100.0,96.1538,98.0769,100.0,98.0769
171,61.7021,70.2128,65.9574,63.8298,72.3404
172,92.1569,90.1961,92.1569,86.2745,88.2353
173,78.4314,90.1961,80.3922,82.3529,88.2353
174,90.6977,76.7442,90.6977,93.0233,93.0233
175,50.0,37.5,37.5,50.0,62.5
176,92.9825,71.9298,87.7193,77.193,78.9474
177,71.7391,54.3478,65.2174,56.5217,69.5652
178,58.1818,69.0909,56.3636,60.0,63.6364
179,76.3636,81.8182,74.5455,92.7273,80.0
180,81.8182,70.4545,81.8182,59.0909,77.2727
181,12.5,37.5,12.5,25.0,37.5
182,79.6296,70.3704,81.4815,62.963,90.7407
183,55.5556,62.2222,55.5556,57.7778,66.6667
184,73.5849,96.2264,73.5849,66.0377,98.1132
185,79.6296,90.7407,74.0741,88.8889,74.0741
186,68.0,60.0,74.0,72.0,80.0
187,66.6667,100.0,66.6667,66.6667,100.0
188,85.1852,94.4444,88.8889,96.2963,96.2963
189,91.6667,77.0833,66.6667,89.5833,91.6667
190,67.3077,84.6154,73.0769,80.7692,57.6923
191,83.0189,90.566,67.9245,94.3396,94.3396
192,48.1481,74.0741,72.2222,68.5185,75.9259
193,60.8696,69.5652,56.5217,69.5652,60.8696
194,75.5102,100.0,91.8367,79.5918,83.6735
195,76.9231,75.0,78.8462,75.0,57.6923
196,76.3636,92.7273,74.5455,56.3636,63.6364
197,92.4528,88.6792,79.2453,77.3585,81.1321
198,34.0,72.0,76.0,68.0,70.0
199,40.0,56.0,32.0,52.0,56.0
200,63.6364,89.0909,81.8182,81.8182,87.2727
201,77.551,69.3878,51.0204,85.7143,85.7143
202,72.7273,94.5455,60.0,76.3636,87.2727
203,94.2308,96.1538,55.7692,84.6154,82.6923
204,81.4815,70.3704,87.037,79.6296,90.7407
205,68.0,48.0,76.0,84.0,68.0
206,71.6981,47.1698,67.9245,60.3774,58.4906
207,74.0,74.0,78.0,78.0,84.0
208,19.6429,23.2143,17.8571,42.8571,21.4286
209,27.7778,57.4074,44.4444,50.0,40.7407
210,75.8621,55.1724,62.069,53.4483,72.4138
211,33.3333,37.5,50.0,33.3333,41.6667
212,78.4314,82.3529,68.6275,64.7059,78.4314
213,67.2727,80.0,67.2727,70.9091,74.5455
214,56.0,50.0,62.0,48.0,42.0
215,46.1538,42.3077,53.8462,53.8462,44.2308
216,85.7143,94.6429,94.6429,98.2143,92.8571
217,85.0,80.0,90.0,70.0,90.0
218,98.0,98.0,98.0,100.0,100.0
219,71.4286,73.2143,71.4286,69.6429,73.2143
220,66.6667,84.3137,86.2745,76.4706,84.3137
221,48.2143,71.4286,71.4286,57.1429,71.4286
222,79.2453,71.6981,86.7925,84.9057,79.2453
223,76.1905,52.381,76.1905,52.381,66.6667
224,76.7857,64.2857,67.8571,76.7857,75.0
225,43.1373,52.9412,49.0196,35.2941,49.0196
226,40.3846,44.2308,40.3846,38.4615,48.0769
227,43.1373,52.9412,52.9412,37.2549,39.2157
228,70.5882,64.7059,60.7843,80.3922,80.3922
229,39.1304,73.913,52.1739,52.1739,78.2609
230,78.5714,94.6429,66.0714,58.9286,94.6429
231,55.5556,51.1111,77.7778,64.4444,88.8889
232,60.7843,82.3529,56.8627,64.7059,86.2745
233,60.7143,85.7143,51.7857,60.7143,78.5714
234,62.963,81.4815,68.5185,79.6296,85.1852
235,88.0,84.0,72.0,72.0,84.0
236,90.1961,94.1176,98.0392,78.4314,86.2745
237,86.0,56.0,90.0,90.0,90.0
238,69.0909,85.4545,60.0,54.5455,78.1818
239,94.4444,92.5926,87.037,92.5926,96.2963
240,33.3333,45.8333,29.1667,16.6667,20.8333
241,84.9057,81.1321,67.9245,79.2453,69.8113
242,64.7059,85.2941,64.7059,58.8235,61.7647
243,61.6667,88.3333,70.0,80.0,90.0
244,72.549,84.3137,80.3922,90.1961,92.1569
245,77.3585,86.7925,71.6981,90.566,88.6792
246,34.7826,65.2174,26.087,13.0435,26.087
247,88.6792,84.9057,77.3585,73.5849,84.9057
248,61.1111,75.0,69.4444,58.3333,44.4444
249,77.3585,84.9057,90.566,60.3774,88.6792
250,53.4483,79.3103,67.2414,72.4138,79.3103
251,74.0,86.0,80.0,84.0,80.0
252,69.2308,73.0769,69.2308,80.7692,76.9231
253,82.6923,78.8462,78.8462,76.9231,82.6923
254,70.0,90.0,83.3333,76.6667,83.3333
255,86.7925,81.1321,83.0189,69.8113,94.3396
256,65.3061,63.2653,71.4286,57.1429,69.3878
257,62.963,64.8148,59.2593,62.963,62.963
258,68.1818,86.3636,77.2727,68.1818,59.0909
259,80.0,84.0,78.0,74.0,84.0
260,75.7576,81.8182,84.8485,63.6364,60.6061
261,92.7273,98.1818,92.7273,83.6364,92.7273
262,50.0,56.0,66.0,62.0,50.0
263,55.9322,72.8814,62.7119,50.8475,57.6271
264,57.1429,71.4286,61.9048,76.1905,71.4286
265,59.2593,70.3704,70.3704,77.7778,74.0741
266,80.0,80.0,91.4286,60.0,85.7143
267,83.6735,81.6327,81.6327,77.551,75.5102
268,88.0,94.0,88.0,78.0,86.0
269,86.2069,81.0345,84.4828,75.8621,87.931
270,38.0952,52.381,47.619,42.8571,47.619
271,50.0,56.0,52.0,46.0,52.0
272,67.5676,70.2703,83.7838,40.5405,70.2703
273,64.5833,54.1667,62.5,60.4167,50.0
274,75.0,76.9231,86.5385,55.7692,80.7692
275,73.3333,63.3333,73.3333,60.0,78.3333
276,18.1818,36.3636,22.7273,27.2727,40.9091
277,43.8596,54.386,50.8772,66.6667,68.4211
278,61.7647,55.8824,67.6471,38.2353,61.7647
279,68.6275,66.6667,74.5098,78.4314,86.2745
280,62.5,82.1429,73.2143,55.3571,67.8571
281,92.3077,98.0769,80.7692,80.7692,94.2308
282,12.0,40.0,32.0,36.0,12.0
283,51.9231,46.1538,46.1538,38.4615,9.6154
284,84.375,87.5,71.875,75.0,53.125
285,80.7018,84.2105,84.2105,85.9649,71.9298
286,90.566,84.9057,94.3396,94.3396,64.1509
287,78.4314,76.4706,84.3137,90.1961,88.2353
288,33.3333,0.0,33.3333,0.0,0.0
289,80.8511,95.7447,70.2128,85.1064,76.5957
290,86.3636,77.2727,59.0909,77.2727,40.9091
291,85.4167,89.5833,87.5,85.4167,85.4167
292,87.5,92.8571,87.5,87.5,76.7857
293,87.5,98.2143,80.3571,89.2857,94.6429
294,20.0,60.0,20.0,20.0,40.0
295,82.9787,95.7447,72.3404,82.9787,87.234
296,72.2222,94.4444,77.7778,77.7778,61.1111
297,80.7692,90.3846,90.3846,80.7692,96.1538
298,74.0,90.0,90.0,82.0,92.0
299,88.4615,92.3077,94.2308,88.4615,86.5385
300,66.6667,33.3333,66.6667,66.6667,100.0
301,78.7234,70.2128,70.2128,80.8511,76.5957
302,72.7273,81.8182,81.8182,90.9091,72.7273
303,83.3333,83.3333,83.3333,85.1852,83.3333
304,69.0909,78.1818,81.8182,74.5455,72.7273
305,73.6842,85.9649,70.1754,63.1579,75.4386
306,0.0,100.0,100.0,100.0,100.0
307,80.8511,89.3617,70.2128,97.8723,89.3617
308,55.0,95.0,65.0,70.0,45.0
309,98.0392,98.0392,94.1176,90.1961,98.0392
310,51.8519,59.2593,75.9259,50.0,55.5556
311,61.7021,74.4681,61.7021,65.9574,70.2128
312,100.0,100.0,100.0,50.0,100.0
313,64.5833,81.25,79.1667,81.25,81.25
314,87.5,91.6667,87.5,79.1667,95.8333
315,69.8113,67.9245,79.2453,69.8113,73.5849
316,94.4444,90.7407,96.2963,81.4815,85.1852
317,83.6735,71.4286,83.6735,69.3878,75.5102
318,66.6667,66.6667,100.0,66.6667,33.3333
319,61.7021,65.9574,65.9574,46.8085,68.0851
320,94.7368,94.7368,94.7368,57.8947,68.4211
321,69.0909,67.2727,76.3636,50.9091,56.3636
322,81.8182,76.3636,70.9091,70.9091,80.0
323,78.0,88.0,78.0,60.0,82.0
324,0.0,50.0,0.0,0.0,0.0
325,68.8889,48.8889,57.7778,60.0,91.1111
326,60.0,72.0,56.0,52.0,84.0
327,79.2453,92.4528,81.1321,84.9057,81.1321
328,92.5926,83.3333,87.037,77.7778,88.8889
329,90.7407,98.1481,83.3333,98.1481,96.2963
330,16.6667,16.6667,0.0,16.6667,33.3333
331,60.0,62.2222,40.0,46.6667,44.4444
332,72.7273,72.7273,27.2727,68.1818,31.8182
333,87.234,85.1064,70.2128,78.7234,76.5957
334,88.6792,90.566,84.9057,96.2264,75.4717
335,86.7925,94.3396,79.2453,92.4528,90.566
336,41.6667,41.6667,62.5,33.3333,62.5
337,55.0,85.0,65.0,65.0,75.0
338,65.7143,88.5714,77.1429,88.5714,74.2857
339,55.5556,81.4815,70.3704,62.963,74.0741
340,70.5882,92.1569,74.5098,92.1569,66.6667
341,90.7407,100.0,81.4815,92.5926,90.7407
342,5.0,35.0,30.0,25.0,20.0
343,75.0,95.0,80.0,80.0,70.0
344,79.4872,89.7436,79.4872,92.3077,84.6154
345,96.9697,100.0,69.697,84.8485,96.9697
346,75.0,83.9286,83.9286,92.8571,82.1429
347,92.4528,96.2264,88.6792,88.6792,83.0189
348,77.2727,77.2727,90.9091,86.3636,77.2727
349,74.0741,74.0741,66.6667,66.6667,62.963
350,85.2941,94.1176,85.2941,100.0,91.1765
351,70.0,80.0,63.3333,73.3333,56.6667
352,61.5385,73.0769,78.8462,80.7692,82.6923
353,69.2308,71.1538,67.3077,75.0,69.2308
354,65.0,90.0,80.0,65.0,80.0
355,70.0,95.0,80.0,85.0,85.0
356,59.375,50.0,56.25,68.75,65.625
357,91.8919,100.0,94.5946,97.2973,94.5946
358,66.0714,67.8571,73.2143,71.4286,57.1429
359,58.1818,67.2727,60.0,76.3636,69.0909
360,95.4545,95.4545,95.4545,90.9091,77.2727
361,64.0,60.0,64.0,76.0,84.0
362,94.7368,100.0,92.1053,92.1053,100.0
363,51.5152,78.7879,72.7273,60.6061,60.6061
364,96.0,96.0,98.0,96.0,92.0
365,84.6154,86.5385,78.8462,82.6923,80.7692
366,95.6522,78.2609,100.0,78.2609,69.5652
367,45.0,60.0,75.0,30.0,50.0
368,96.4286,89.2857,82.1429,92.8571,85.7143
369,70.0,75.0,80.0,65.0,65.0
370,81.8182,74.5455,63.6364,78.1818,74.5455
371,92.4528,84.9057,81.1321,88.6792,92.4528
372,90.4762,66.6667,80.9524,66.6667,95.2381
373,59.0909,36.3636,27.2727,40.9091,59.0909
374,76.4706,76.4706,76.4706,67.6471,91.1765
375,75.7576,54.5455,51.5152,63.6364,60.6061
376,86.7925,86.7925,83.0189,81.1321,86.7925
377,88.4615,96.1538,76.9231,88.4615,94.2308
378,70.5882,70.5882,52.9412,76.4706,94.1176
379,52.6316,42.1053,42.1053,63.1579,63.1579
380,94.2857,94.2857,88.5714,82.8571,85.7143
381,60.5263,60.5263,44.7368,65.7895,65.7895
382,86.7925,79.2453,73.5849,96.2264,69.8113
383,89.2857,89.2857,80.3571,85.7143,83.9286
384,75.5556,62.2222,57.7778,71.1111,86.6667
385,0.0,20.0,20.0,0.0,80.0
386,87.234,89.3617,80.8511,93.617,89.3617
387,50.0,70.0,45.0,85.0,70.0
388,80.0,92.7273,78.1818,98.1818,74.5455
389,80.7018,87.7193,64.9123,98.2456,85.9649
390,23.4043,61.7021,57.4468,46.8085,38.2979
391,33.3333,66.6667,100.0,66.6667,100.0
392,82.3529,92.1569,86.2745,86.2745,88.2353
393,79.1667,87.5,62.5,91.6667,83.3333
394,88.0,78.0,78.0,96.0,92.0
395,95.8333,91.6667,77.0833,91.6667,87.5
396,82.9787,76.5957,76.5957,89.3617,76.5957
397,20.0,40.0,60.0,20.0,20.0
398,88.4615,80.7692,92.3077,86.5385,90.3846
399,76.0,84.0,72.0,84.0,72.0
400,72.4138,55.1724,82.7586,82.7586,62.069
401,66.0377,86.7925,79.2453,71.6981,86.7925
402,86.5385,88.4615,88.4615,84.6154,65.3846
403,25.0,50.0,50.0,50.0,50.0
404,73.913,50.0,56.5217,80.4348,69.5652
405,65.0,75.0,70.0,85.0,65.0
406,62.0,72.0,60.0,70.0,68.0
407,55.5556,68.5185,59.2593,70.3704,66.6667
408,97.8723,95.7447,91.4894,100.0,91.4894
409,50.0,100.0,100.0,100.0,100.0
410,100.0,100.0,96.0784,100.0,100.0
411,57.8947,57.8947,47.3684,47.3684,63.1579
412,89.0909,96.3636,100.0,89.0909,94.5455
413,82.1429,94.6429,89.2857,85.7143,76.7857
414,86.0,88.0,98.0,96.0,84.0
415,66.6667,66.6667,66.6667,33.3333,66.6667
416,80.4348,65.2174,80.4348,84.7826,82.6087
417,86.9565,60.8696,65.2174,69.5652,65.2174
418,65.3846,65.3846,63.4615,59.6154,65.3846
419,70.9091,81.8182,81.8182,74.5455,83.6364
420,89.1304,91.3043,84.7826,91.3043,86.9565
421,66.6667,66.6667,100.0,66.6667,66.6667
422,90.7407,96.2963,85.1852,85.1852,96.2963
423,52.381,66.6667,42.8571,52.381,61.9048
424,85.4545,83.6364,92.7273,85.4545,98.1818
425,76.9231,86.5385,61.5385,94.2308,92.3077
426,95.9184,67.3469,79.5918,91.8367,85.7143
427,33.3333,0.0,33.3333,33.3333,0.0
428,98.0,96.0,96.0,96.0,94.0
429,73.6842,63.1579,36.8421,68.4211,63.1579
430,90.1961,86.2745,92.1569,94.1176,78.4314
431,94.5455,83.6364,70.9091,89.0909,83.6364
432,56.3636,74.5455,50.9091,70.9091,76.3636
433,71.4286,76.1905,52.381,33.3333,52.381
434,87.7193,94.7368,92.9825,96.4912,92.9825
435,88.2353,79.4118,73.5294,88.2353,67.6471
436,90.7407,98.1481,85.1852,81.4815,92.5926
437,98.1132,92.4528,62.2642,81.1321,71.6981
438,47.2727,58.1818,76.3636,74.5455,80.0
439,47.8261,60.8696,65.2174,39.1304,56.5217
440,78.8462,86.5385,80.7692,98.0769,82.6923
441,79.4118,64.7059,76.4706,85.2941,61.7647
442,89.7959,89.7959,73.4694,91.8367,81.6327
443,98.3051,94.9153,89.8305,93.2203,89.8305
444,80.7692,86.5385,82.6923,94.2308,80.7692
445,57.1429,71.4286,66.6667,66.6667,61.9048
446,80.0,63.6364,74.5455,76.3636,76.3636
447,77.1429,82.8571,82.8571,80.0,85.7143
448,39.2157,19.6078,29.4118,45.098,25.4902
449,57.6923,53.8462,65.3846,65.3846,61.5385
450,85.7143,77.551,69.3878,63.2653,67.3469
451,56.0,84.0,36.0,56.0,60.0
452,77.7778,85.1852,79.6296,79.6296,77.7778
453,84.375,81.25,68.75,78.125,50.0
454,49.1228,47.3684,64.9123,56.1404,47.3684
455,45.283,73.5849,54.717,77.3585,56.6038
456,96.0784,86.2745,96.0784,100.0,80.3922
457,95.8333,87.5,91.6667,87.5,83.3333
458,87.037,85.1852,100.0,100.0,92.5926
459,81.4815,70.3704,77.7778,81.4815,77.7778
460,86.2069,89.6552,79.3103,86.2069,81.0345
461,74.5098,72.549,74.5098,80.3922,82.3529
462,72.0,78.0,90.0,84.0,74.0
463,60.0,52.0,72.0,52.0,60.0
464,82.1429,58.9286,66.0714,75.0,58.9286
465,58.8235,50.0,64.7059,55.8824,67.6471
466,41.1765,56.8627,47.0588,41.1765,66.6667
467,33.9623,56.6038,66.0377,54.717,41.5094
468,68.4211,77.193,56.1404,70.1754,84.2105
469,75.0,85.0,80.0,80.0,65.0
470,91.6667,95.8333,81.25,72.9167,91.6667
471,76.3158,97.3684,81.5789,78.9474,76.3158
472,87.037,94.4444,72.2222,77.7778,96.2963
473,74.5455,89.0909,60.0,85.4545,69.0909
474,80.0,81.8182,56.3636,76.3636,87.2727
475,66.6667,87.5,50.0,62.5,79.1667
476,92.4528,98.1132,96.2264,96.2264,98.1132
477,92.5,90.0,80.0,75.0,87.5
478,94.3396,94.3396,98.1132,92.4528,96.2264
479,100.0,100.0,80.3922,96.0784,86.2745
480,14.6341,29.2683,29.2683,9.7561,34.1463
481,75.0,63.4615,61.5385,57.6923,73.0769
482,40.9091,81.8182,95.4545,50.0,54.5455
483,70.3704,74.0741,68.5185,83.3333,75.9259
484,75.5102,75.5102,77.551,71.4286,89.7959
485,66.6667,82.3529,62.7451,84.3137,80.3922
486,47.3684,36.8421,23.6842,23.6842,28.9474
487,89.0909,85.4545,76.3636,63.6364,87.2727
488,68.4211,63.1579,89.4737,57.8947,47.3684
489,80.7692,84.6154,82.6923,82.6923,76.9231
490,80.4348,73.913,71.7391,69.5652,63.0435
491,55.1724,77.5862,84.4828,84.4828,77.5862
492,61.1111,61.1111,52.7778,44.4444,61.1111
493,61.8182,56.3636,45.4545,52.7273,45.4545
494,32.0,64.0,56.0,40.0,48.0
495,59.1837,79.5918,57.1429,51.0204,57.1429
496,41.6667,47.9167,56.25,35.4167,43.75
497,41.5094,52.8302,58.4906,28.3019,39.6226
498,37.1429,82.8571,65.7143,51.4286,48.5714
499,58.1818,72.7273,56.3636,43.6364,49.0909
500,45.4545,72.7273,59.0909,27.2727,31.8182
501,76.3636,89.0909,85.4545,70.9091,72.7273
502,34.6939,44.898,44.898,44.898,55.102
503,34.0,54.0,56.0,44.0,34.0
504,76.3158,81.5789,73.6842,86.8421,63.1579
505,64.0,62.0,60.0,80.0,50.0
506,68.1818,36.3636,59.0909,68.1818,54.5455
507,67.2414,72.4138,56.8966,81.0345,63.7931
508,69.2308,71.1538,84.6154,75.0,61.5385
509,78.4314,66.6667,74.5098,66.6667,70.5882
510,44.4444,52.7778,47.2222,36.1111,50.0
511,50.9091,52.7273,43.6364,49.0909,50.9091
512,58.3333,66.6667,66.6667,41.6667,33.3333
513,56.6038,50.9434,50.9434,41.5094,45.283
514,81.25,58.3333,81.25,64.5833,60.4167
515,68.6275,66.6667,62.7451,31.3725,62.7451
516,47.3684,63.1579,57.8947,60.5263,76.3158
517,58.4906,67.9245,66.0377,50.9434,81.1321
518,43.4783,56.5217,47.8261,26.087,47.8261
519,46.2963,59.2593,64.8148,51.8519,74.0741
520,90.6977,97.6744,86.0465,51.1628,86.0465
521,75.9259,92.5926,74.0741,88.8889,96.2963
522,41.4634,43.9024,34.1463,34.1463,31.7073
523,46.2963,38.8889,53.7037,48.1481,61.1111
524,65.2174,73.913,82.6087,95.6522,43.4783
525,76.0,78.0,90.0,82.0,78.0
526,93.8776,95.9184,93.8776,79.5918,93.8776
527,79.6296,85.1852,74.0741,87.037,85.1852
528,37.037,18.5185,44.4444,14.8148,33.3333
529,60.4167,62.5,66.6667,47.9167,72.9167
530,25.0,75.0,50.0,100.0,25.0
531,70.8333,81.25,81.25,83.3333,75.0
532,92.6829,90.2439,92.6829,90.2439,80.4878
533,90.7407,98.1481,83.3333,87.037,88.8889
534,23.8095,33.3333,9.5238,4.7619,23.8095
535,87.2727,89.0909,90.9091,72.7273,81.8182
536,50.0,25.0,50.0,50.0,0.0
537,80.0,91.1111,86.6667,86.6667,93.3333
538,85.0,87.5,92.5,77.5,77.5
539,79.6296,90.7407,88.8889,85.1852,83.3333
540,36.0,72.0,48.0,36.0,28.0
541,56.6038,64.1509,39.6226,54.717,39.6226
542,50.0,100.0,50.0,50.0,0.0
543,57.7778,60.0,68.8889,57.7778,62.2222
544,50.0,54.5455,63.6364,52.2727,50.0
545,36.0,62.0,62.0,60.0,64.0
546,42.3077,80.7692,69.2308,57.6923,30.7692
547,81.25,87.5,77.0833,68.75,70.8333
548,0.0,0.0,100.0,33.3333,33.3333
549,89.3617,97.8723,100.0,80.8511,82.9787
550,50.0,45.2381,64.2857,50.0,54.7619
551,46.4286,71.4286,51.7857,51.7857,51.7857
552,82.1429,89.2857,85.7143,78.5714,92.8571
553,74.5098,50.9804,70.5882,88.2353,66.6667
554,100.0,100.0,100.0,100.0,66.6667
555,77.0833,72.9167,81.25,87.5,72.9167
556,87.1795,92.3077,76.9231,71.7949,76.9231
557,75.4717,64.1509,73.5849,64.1509,71.6981
558,41.6667,29.1667,58.3333,37.5,29.1667
559,42.3077,59.6154,55.7692,40.3846,59.6154
560,100.0,100.0,100.0,75.0,50.0
561,69.5652,69.5652,65.2174,47.8261,54.3478
562,89.7436,82.0513,87.1795,69.2308,84.6154
563,75.9259,72.2222,77.7778,62.963,79.6296
564,48.0,40.0,48.0,44.0,64.0
565,71.6981,64.1509,58.4906,67.9245,86.7925
566,75.0,75.0,75.0,50.0,75.0
567,75.0,77.5,75.0,67.5,70.0
568,84.6154,87.1795,76.9231,82.0513,87.1795
569,82.1429,91.0714,82.1429,85.7143,92.8571
570,65.0,70.0,50.0,60.0,75.0
571,52.0,72.0,56.0,50.0,52.0
572,0.0,0.0,33.3333,0.0,33.3333
573,81.1321,84.9057,90.566,81.1321,77.3585
574,97.6744,100.0,90.6977,83.7209,100.0
575,92.3077,90.3846,88.4615,88.4615,88.4615
576,20.5882,29.4118,44.1176,17.6471,20.5882
577,38.8889,55.5556,47.2222,30.5556,47.2222
578,65.2174,78.2609,73.913,69.5652,69.5652
579,52.1739,56.5217,78.2609,69.5652,56.5217
580,88.0,86.0,78.0,94.0,74.0
581,66.6667,87.5,77.0833,83.3333,83.3333
582,2.381,19.0476,21.4286,7.1429,11.9048
583,48.4848,75.7576,72.7273,30.303,75.7576
584,25.0,56.25,81.25,37.5,37.5
585,73.6842,89.4737,84.2105,89.4737,94.7368
586,58.3333,79.1667,77.0833,85.4167,72.9167
587,66.0,84.0,78.0,70.0,70.0
588,54.2857,57.1429,54.2857,45.7143,17.1429
589,40.0,42.8571,31.4286,51.4286,31.4286
590,87.5,83.3333,83.3333,91.6667,75.0
591,61.1111,77.7778,66.6667,72.2222,50.0
592,61.7021,70.2128,74.4681,70.2128,61.7021
593,39.2157,60.7843,41.1765,45.098,52.9412
594,64.2857,73.8095,85.7143,71.4286,40.4762
595,81.5789,89.4737,94.7368,81.5789,84.2105
596,72.2222,61.1111,88.8889,77.7778,61.1111
597,92.0,92.0,92.0,84.0,92.0
598,71.7391,60.8696,67.3913,65.2174,65.2174
599,51.1111,57.7778,66.6667,46.6667,46.6667
600,97.3684,92.1053,86.8421,81.5789,86.8421
601,52.7778,77.7778,63.8889,88.8889,58.3333
602,100.0,100.0,100.0,85.0,100.0
603,44.0,56.0,56.0,72.0,44.0
604,93.75,93.75,85.4167,87.5,89.5833
605,60.8696,76.087,63.0435,56.5217,65.2174
606,78.3784,70.2703,67.5676,75.6757,54.0541
607,66.6667,61.5385,71.7949,41.0256,38.4615
608,95.4545,68.1818,86.3636,54.5455,81.8182
609,89.4737,73.6842,89.4737,36.8421,52.6316
610,87.7551,69.3878,61.2245,65.3061,79.5918
611,91.6667,87.5,79.1667,64.5833,70.8333
612,71.0526,47.3684,71.0526,52.6316,52.6316
613,64.8649,51.3514,48.6486,48.6486,72.973
614,83.3333,94.4444,77.7778,77.7778,100.0
615,72.7273,72.7273,54.5455,63.6364,50.0
616,72.0,88.0,72.0,80.0,88.0
617,71.1111,86.6667,46.6667,84.4444,91.1111
618,72.2222,63.8889,77.7778,72.2222,77.7778
619,55.2632,63.1579,60.5263,50.0,47.3684
620,80.0,80.0,95.0,65.0,90.0
621,54.5455,68.1818,63.6364,50.0,31.8182
622,91.4894,93.617,89.3617,91.4894,82.9787
623,87.234,78.7234,74.4681,76.5957,80.8511
624,50.9091,47.2727,52.7273,43.6364,56.3636
625,22.2222,29.6296,25.9259,7.4074,25.9259
626,81.25,93.75,83.3333,85.4167,91.6667
627,50.0,50.0,0.0,50.0,50.0
628,80.7692,86.5385,82.6923,86.5385,76.9231
629,87.5,87.5,75.0,80.0,90.0
630,28.5714,69.3878,48.9796,32.6531,55.102
631,56.0,72.0,80.0,40.0,68.0
632,45.4545,61.3636,79.5455,61.3636,50.0
633,57.1429,85.7143,57.1429,100.0,85.7143
634,74.5455,74.5455,81.8182,80.0,56.3636
635,73.6842,78.9474,68.4211,73.6842,78.9474
636,59.6154,69.2308,67.3077,63.4615,36.5385
637,44.4444,25.9259,40.7407,33.3333,25.9259
638,84.0909,86.3636,90.9091,93.1818,75.0
639,100.0,0.0,100.0,0.0,100.0
640,64.8148,57.4074,75.9259,75.9259,62.963
641,54.0541,59.4595,45.9459,40.5405,37.8378
642,78.7234,85.1064,68.0851,80.8511,51.0638
643,75.0,79.1667,79.1667,83.3333,41.6667
644,69.3878,71.4286,77.551,73.4694,77.551
645,100.0,100.0,50.0,50.0,0.0
646,82.6923,69.2308,84.6154,80.7692,75.0
647,60.4167,60.4167,56.25,70.8333,70.8333
648,93.3333,97.7778,86.6667,95.5556,80.0
649,37.037,81.4815,66.6667,59.2593,74.0741
650,97.8723,97.8723,100.0,95.7447,97.8723
651,0.0,0.0,0.0,0.0,0.0
652,90.9091,78.1818,85.4545,80.0,83.6364
653,90.0,72.5,75.0,67.5,75.0
654,84.3137,80.3922,88.2353,84.3137,72.549
655,57.1429,80.9524,85.7143,52.381,85.7143
656,79.5455,75.0,84.0909,79.5455,84.0909
657,33.3333,33.3333,0.0,0.0,0.0
658,50.9434,69.8113,64.1509,58.4906,73.5849
659,87.5,77.5,80.0,75.0,77.5
660,76.7857,69.6429,67.8571,75.0,67.8571
661,40.7407,55.5556,62.963,37.037,85.1852
662,88.8889,100.0,91.1111,84.4444,86.6667
663,100.0,100.0,100.0,100.0,100.0
664,80.3922,78.4314,76.4706,82.3529,84.3137
665,63.0435,76.087,34.7826,69.5652,73.913
666,96.0,80.0,92.0,86.0,88.0
667,54.1667,75.0,58.3333,62.5,58.3333
668,89.5833,95.8333,95.8333,87.5,91.6667
669,50.0,50.0,50.0,50.0,50.0
670,96.2963,96.2963,94.4444,94.4444,87.037
671,90.4762,78.5714,85.7143,78.5714,83.3333
672,44.898,48.9796,61.2245,44.898,46.9388
673,24.3902,36.5854,31.7073,26.8293,46.3415
674,76.7857,92.8571,80.3571,73.2143,89.2857
675,85.0,85.0,70.0,90.0,70.0
676,92.1569,92.1569,84.3137,94.1176,88.2353
677,97.9167,97.9167,79.1667,95.8333,85.4167
678,50.0,58.9286,57.1429,37.5,64.2857
679,61.2903,61.2903,45.1613,61.2903,54.8387
680,41.5094,75.4717,71.6981,75.4717,60.3774
681,50.0,65.0,45.0,55.0,50.0
682,63.6364,67.2727,74.5455,78.1818,47.2727
683,59.5745,76.5957,80.8511,85.1064,72.3404
684,63.6364,80.0,60.0,85.4545,54.5455
685,48.6486,54.0541,54.0541,62.1622,32.4324
686,79.5918,71.4286,93.8776,85.7143,73.4694
687,79.1667,79.1667,87.5,83.3333,83.3333
688,51.7857,16.0714,57.1429,53.5714,32.1429
689,27.0833,39.5833,41.6667,37.5,47.9167
690,70.9091,89.0909,78.1818,65.4545,60.0
691,72.973,70.2703,51.3514,75.6757,51.3514
692,81.8182,90.9091,83.6364,81.8182,83.6364
693,73.6842,78.9474,42.1053,68.4211,78.9474
694,76.9231,61.5385,53.8462,73.0769,53.8462
695,53.0612,59.1837,55.102,69.3878,61.2245
696,69.2308,78.8462,90.3846,86.5385,82.6923
697,61.1111,63.8889,83.3333,77.7778,61.1111
698,81.3559,89.8305,89.8305,94.9153,93.2203
699,73.0769,69.2308,88.4615,76.9231,69.2308
700,55.102,67.3469,79.5918,69.3878,71.4286
701,66.0,80.0,70.0,74.0,58.0
702,76.7857,67.8571,94.6429,78.5714,82.1429
703,31.4286,57.1429,71.4286,71.4286,51.4286
704,62.7451,62.7451,66.6667,82.3529,68.6275
705,30.4348,56.5217,56.5217,52.1739,60.8696
706,40.0,40.0,27.2727,40.0,45.4545
707,51.0204,42.8571,48.9796,51.0204,55.102
708,78.8462,73.0769,53.8462,75.0,61.5385
709,57.8947,71.0526,60.5263,78.9474,76.3158
710,85.1852,87.037,81.4815,77.7778,83.3333
711,37.5,87.5,75.0,62.5,83.3333
712,80.0,83.6364,72.7273,67.2727,63.6364
713,51.1111,77.7778,60.0,46.6667,60.0
714,82.3529,64.7059,58.8235,78.4314,68.6275
715,77.7778,75.0,55.5556,61.1111,72.2222
716,83.6364,92.7273,87.2727,87.2727,98.1818
717,95.6522,78.2609,91.3043,73.913,86.9565
718,96.1538,94.2308,88.4615,92.3077,82.6923
719,95.8333,95.8333,89.5833,89.5833,95.8333
