task_key,task_label,round,round_label,series_key,series_label,num_action_samples,seed,overall_sr,n_observed_seeds,n_planned_seeds,mean_sr,se_sr,point_status,artifact_path
square_narrow,Square-Narrow,0,R0,human_baseline_n32,Human Baseline · N=32,32,1,68.8625,5,5,70.7975,0.9719,complete,
square_narrow,Square-Narrow,0,R0,human_baseline_n32,Human Baseline · N=32,32,2,71.5875,5,5,70.7975,0.9719,complete,
square_narrow,Square-Narrow,0,R0,human_baseline_n32,Human Baseline · N=32,32,3,73.2500,5,5,70.7975,0.9719,complete,
square_narrow,Square-Narrow,0,R0,human_baseline_n32,Human Baseline · N=32,32,4,72.1000,5,5,70.7975,0.9719,complete,
square_narrow,Square-Narrow,0,R0,human_baseline_n32,Human Baseline · N=32,32,5,68.1875,5,5,70.7975,0.9719,complete,
square_narrow,Square-Narrow,0,R0,mulligan_n32,Ours · N=32,32,1,76.5250,5,5,79.0275,0.8561,complete,
square_narrow,Square-Narrow,0,R0,mulligan_n32,Ours · N=32,32,2,81.4500,5,5,79.0275,0.8561,complete,
square_narrow,Square-Narrow,0,R0,mulligan_n32,Ours · N=32,32,3,79.3500,5,5,79.0275,0.8561,complete,
square_narrow,Square-Narrow,0,R0,mulligan_n32,Ours · N=32,32,4,80.0000,5,5,79.0275,0.8561,complete,
square_narrow,Square-Narrow,0,R0,mulligan_n32,Ours · N=32,32,5,77.8125,5,5,79.0275,0.8561,complete,
square_narrow,Square-Narrow,1,R1,human_baseline_n32,Human Baseline · N=32,32,1,81.4000,5,5,85.7300,1.1614,complete,
square_narrow,Square-Narrow,1,R1,human_baseline_n32,Human Baseline · N=32,32,2,87.0125,5,5,85.7300,1.1614,complete,
square_narrow,Square-Narrow,1,R1,human_baseline_n32,Human Baseline · N=32,32,3,85.3500,5,5,85.7300,1.1614,complete,
square_narrow,Square-Narrow,1,R1,human_baseline_n32,Human Baseline · N=32,32,4,86.9125,5,5,85.7300,1.1614,complete,
square_narrow,Square-Narrow,1,R1,human_baseline_n32,Human Baseline · N=32,32,5,87.9750,5,5,85.7300,1.1614,complete,
square_narrow,Square-Narrow,1,R1,mulligan_n32,Ours · N=32,32,1,94.7125,5,5,93.5250,0.5190,complete,
square_narrow,Square-Narrow,1,R1,mulligan_n32,Ours · N=32,32,2,92.2375,5,5,93.5250,0.5190,complete,
square_narrow,Square-Narrow,1,R1,mulligan_n32,Ours · N=32,32,3,92.5625,5,5,93.5250,0.5190,complete,
square_narrow,Square-Narrow,1,R1,mulligan_n32,Ours · N=32,32,4,93.4125,5,5,93.5250,0.5190,complete,
square_narrow,Square-Narrow,1,R1,mulligan_n32,Ours · N=32,32,5,94.7000,5,5,93.5250,0.5190,complete,
square_narrow,Square-Narrow,2,R2,human_baseline_n32,Human Baseline · N=32,32,1,91.6250,5,5,92.2325,0.2758,complete,
square_narrow,Square-Narrow,2,R2,human_baseline_n32,Human Baseline · N=32,32,2,92.0875,5,5,92.2325,0.2758,complete,
square_narrow,Square-Narrow,2,R2,human_baseline_n32,Human Baseline · N=32,32,3,92.0500,5,5,92.2325,0.2758,complete,
square_narrow,Square-Narrow,2,R2,human_baseline_n32,Human Baseline · N=32,32,4,93.2750,5,5,92.2325,0.2758,complete,
square_narrow,Square-Narrow,2,R2,human_baseline_n32,Human Baseline · N=32,32,5,92.1250,5,5,92.2325,0.2758,complete,
square_narrow,Square-Narrow,2,R2,mulligan_n32,Ours · N=32,32,1,95.7000,5,5,95.2800,0.3641,complete,
square_narrow,Square-Narrow,2,R2,mulligan_n32,Ours · N=32,32,2,96.1250,5,5,95.2800,0.3641,complete,
square_narrow,Square-Narrow,2,R2,mulligan_n32,Ours · N=32,32,3,94.4375,5,5,95.2800,0.3641,complete,
square_narrow,Square-Narrow,2,R2,mulligan_n32,Ours · N=32,32,4,95.7625,5,5,95.2800,0.3641,complete,
square_narrow,Square-Narrow,2,R2,mulligan_n32,Ours · N=32,32,5,94.3750,5,5,95.2800,0.3641,complete,
square_narrow,Square-Narrow,3,R3,human_baseline_n32,Human Baseline · N=32,32,1,94.5750,5,5,94.8950,0.2901,complete,
square_narrow,Square-Narrow,3,R3,human_baseline_n32,Human Baseline · N=32,32,2,95.6875,5,5,94.8950,0.2901,complete,
square_narrow,Square-Narrow,3,R3,human_baseline_n32,Human Baseline · N=32,32,3,94.0750,5,5,94.8950,0.2901,complete,
square_narrow,Square-Narrow,3,R3,human_baseline_n32,Human Baseline · N=32,32,4,94.7375,5,5,94.8950,0.2901,complete,
square_narrow,Square-Narrow,3,R3,human_baseline_n32,Human Baseline · N=32,32,5,95.4000,5,5,94.8950,0.2901,complete,
square_narrow,Square-Narrow,3,R3,mulligan_n32,Ours · N=32,32,1,95.2250,5,5,96.4300,0.3157,complete,
square_narrow,Square-Narrow,3,R3,mulligan_n32,Ours · N=32,32,2,96.8625,5,5,96.4300,0.3157,complete,
square_narrow,Square-Narrow,3,R3,mulligan_n32,Ours · N=32,32,3,96.3875,5,5,96.4300,0.3157,complete,
square_narrow,Square-Narrow,3,R3,mulligan_n32,Ours · N=32,32,4,96.9375,5,5,96.4300,0.3157,complete,
square_narrow,Square-Narrow,3,R3,mulligan_n32,Ours · N=32,32,5,96.7375,5,5,96.4300,0.3157,complete,
square_broad,Square-Broad,0,R0,human_baseline_n32,Human Baseline · N=32,32,1,49.0333,5,5,49.0300,0.7416,complete,
square_broad,Square-Broad,0,R0,human_baseline_n32,Human Baseline · N=32,32,2,51.6200,5,5,49.0300,0.7416,complete,
square_broad,Square-Broad,0,R0,human_baseline_n32,Human Baseline · N=32,32,3,47.0133,5,5,49.0300,0.7416,complete,
square_broad,Square-Broad,0,R0,human_baseline_n32,Human Baseline · N=32,32,4,48.5700,5,5,49.0300,0.7416,complete,
square_broad,Square-Broad,0,R0,human_baseline_n32,Human Baseline · N=32,32,5,48.9133,5,5,49.0300,0.7416,complete,
square_broad,Square-Broad,0,R0,mulligan_n32,Ours · N=32,32,1,52.0667,5,5,52.5560,0.7658,complete,
square_broad,Square-Broad,0,R0,mulligan_n32,Ours · N=32,32,2,50.9467,5,5,52.5560,0.7658,complete,
square_broad,Square-Broad,0,R0,mulligan_n32,Ours · N=32,32,3,52.4800,5,5,52.5560,0.7658,complete,
square_broad,Square-Broad,0,R0,mulligan_n32,Ours · N=32,32,4,51.8367,5,5,52.5560,0.7658,complete,
square_broad,Square-Broad,0,R0,mulligan_n32,Ours · N=32,32,5,55.4500,5,5,52.5560,0.7658,complete,
square_broad,Square-Broad,1,R1,human_baseline_n32,Human Baseline · N=32,32,1,63.3500,5,5,63.2247,0.2664,complete,
square_broad,Square-Broad,1,R1,human_baseline_n32,Human Baseline · N=32,32,2,63.8133,5,5,63.2247,0.2664,complete,
square_broad,Square-Broad,1,R1,human_baseline_n32,Human Baseline · N=32,32,3,63.6167,5,5,63.2247,0.2664,complete,
square_broad,Square-Broad,1,R1,human_baseline_n32,Human Baseline · N=32,32,4,62.2900,5,5,63.2247,0.2664,complete,
square_broad,Square-Broad,1,R1,human_baseline_n32,Human Baseline · N=32,32,5,63.0533,5,5,63.2247,0.2664,complete,
square_broad,Square-Broad,1,R1,mulligan_n32,Ours · N=32,32,1,70.9033,5,5,71.7440,0.8742,complete,
square_broad,Square-Broad,1,R1,mulligan_n32,Ours · N=32,32,2,75.1767,5,5,71.7440,0.8742,complete,
square_broad,Square-Broad,1,R1,mulligan_n32,Ours · N=32,32,3,70.2833,5,5,71.7440,0.8742,complete,
square_broad,Square-Broad,1,R1,mulligan_n32,Ours · N=32,32,4,71.0767,5,5,71.7440,0.8742,complete,
square_broad,Square-Broad,1,R1,mulligan_n32,Ours · N=32,32,5,71.2800,5,5,71.7440,0.8742,complete,
square_broad,Square-Broad,2,R2,human_baseline_n32,Human Baseline · N=32,32,1,70.6000,5,5,70.5753,1.0008,complete,
square_broad,Square-Broad,2,R2,human_baseline_n32,Human Baseline · N=32,32,2,72.9300,5,5,70.5753,1.0008,complete,
square_broad,Square-Broad,2,R2,human_baseline_n32,Human Baseline · N=32,32,3,71.0667,5,5,70.5753,1.0008,complete,
square_broad,Square-Broad,2,R2,human_baseline_n32,Human Baseline · N=32,32,4,66.8900,5,5,70.5753,1.0008,complete,
square_broad,Square-Broad,2,R2,human_baseline_n32,Human Baseline · N=32,32,5,71.3900,5,5,70.5753,1.0008,complete,
square_broad,Square-Broad,2,R2,mulligan_n32,Ours · N=32,32,1,82.3200,5,5,82.3627,0.1782,complete,
square_broad,Square-Broad,2,R2,mulligan_n32,Ours · N=32,32,2,82.8000,5,5,82.3627,0.1782,complete,
square_broad,Square-Broad,2,R2,mulligan_n32,Ours · N=32,32,3,82.6300,5,5,82.3627,0.1782,complete,
square_broad,Square-Broad,2,R2,mulligan_n32,Ours · N=32,32,4,81.7567,5,5,82.3627,0.1782,complete,
square_broad,Square-Broad,2,R2,mulligan_n32,Ours · N=32,32,5,82.3067,5,5,82.3627,0.1782,complete,
square_broad,Square-Broad,3,R3,human_baseline_n32,Human Baseline · N=32,32,1,83.0400,5,5,78.5513,1.6992,complete,
square_broad,Square-Broad,3,R3,human_baseline_n32,Human Baseline · N=32,32,2,79.6133,5,5,78.5513,1.6992,complete,
square_broad,Square-Broad,3,R3,human_baseline_n32,Human Baseline · N=32,32,3,78.7000,5,5,78.5513,1.6992,complete,
square_broad,Square-Broad,3,R3,human_baseline_n32,Human Baseline · N=32,32,4,72.5233,5,5,78.5513,1.6992,complete,
square_broad,Square-Broad,3,R3,human_baseline_n32,Human Baseline · N=32,32,5,78.8800,5,5,78.5513,1.6992,complete,
square_broad,Square-Broad,3,R3,mulligan_n32,Ours · N=32,32,1,85.2600,5,5,86.3520,0.7963,complete,
square_broad,Square-Broad,3,R3,mulligan_n32,Ours · N=32,32,2,85.3467,5,5,86.3520,0.7963,complete,
square_broad,Square-Broad,3,R3,mulligan_n32,Ours · N=32,32,3,89.4233,5,5,86.3520,0.7963,complete,
square_broad,Square-Broad,3,R3,mulligan_n32,Ours · N=32,32,4,86.4000,5,5,86.3520,0.7963,complete,
square_broad,Square-Broad,3,R3,mulligan_n32,Ours · N=32,32,5,85.3300,5,5,86.3520,0.7963,complete,
square_narrow,Square-Narrow,0,R0,human_baseline_n1,Human Baseline · N=1,1,1,71.5250,5,5,73.1225,0.8874,complete,
square_narrow,Square-Narrow,0,R0,human_baseline_n1,Human Baseline · N=1,1,2,74.1125,5,5,73.1225,0.8874,complete,
square_narrow,Square-Narrow,0,R0,human_baseline_n1,Human Baseline · N=1,1,3,75.2750,5,5,73.1225,0.8874,complete,
square_narrow,Square-Narrow,0,R0,human_baseline_n1,Human Baseline · N=1,1,4,74.1375,5,5,73.1225,0.8874,complete,
square_narrow,Square-Narrow,0,R0,human_baseline_n1,Human Baseline · N=1,1,5,70.5625,5,5,73.1225,0.8874,complete,
square_narrow,Square-Narrow,1,R1,human_baseline_n1,Human Baseline · N=1,1,1,80.9875,5,5,84.8550,1.1780,complete,
square_narrow,Square-Narrow,1,R1,human_baseline_n1,Human Baseline · N=1,1,2,86.5250,5,5,84.8550,1.1780,complete,
square_narrow,Square-Narrow,1,R1,human_baseline_n1,Human Baseline · N=1,1,3,83.4000,5,5,84.8550,1.1780,complete,
square_narrow,Square-Narrow,1,R1,human_baseline_n1,Human Baseline · N=1,1,4,85.9000,5,5,84.8550,1.1780,complete,
square_narrow,Square-Narrow,1,R1,human_baseline_n1,Human Baseline · N=1,1,5,87.4625,5,5,84.8550,1.1780,complete,
square_narrow,Square-Narrow,2,R2,human_baseline_n1,Human Baseline · N=1,1,1,91.2000,5,5,91.7850,0.3678,complete,
square_narrow,Square-Narrow,2,R2,human_baseline_n1,Human Baseline · N=1,1,2,92.1875,5,5,91.7850,0.3678,complete,
square_narrow,Square-Narrow,2,R2,human_baseline_n1,Human Baseline · N=1,1,3,92.4625,5,5,91.7850,0.3678,complete,
square_narrow,Square-Narrow,2,R2,human_baseline_n1,Human Baseline · N=1,1,4,92.4375,5,5,91.7850,0.3678,complete,
square_narrow,Square-Narrow,2,R2,human_baseline_n1,Human Baseline · N=1,1,5,90.6375,5,5,91.7850,0.3678,complete,
square_narrow,Square-Narrow,3,R3,human_baseline_n1,Human Baseline · N=1,1,1,93.1000,5,5,93.9000,0.5473,complete,
square_narrow,Square-Narrow,3,R3,human_baseline_n1,Human Baseline · N=1,1,2,95.0750,5,5,93.9000,0.5473,complete,
square_narrow,Square-Narrow,3,R3,human_baseline_n1,Human Baseline · N=1,1,3,92.1625,5,5,93.9000,0.5473,complete,
square_narrow,Square-Narrow,3,R3,human_baseline_n1,Human Baseline · N=1,1,4,94.4750,5,5,93.9000,0.5473,complete,
square_narrow,Square-Narrow,3,R3,human_baseline_n1,Human Baseline · N=1,1,5,94.6875,5,5,93.9000,0.5473,complete,
square_narrow,Square-Narrow,0,R0,mulligan_n1,Ours · N=1,1,1,78.0375,5,5,81.5000,0.8908,complete,
square_narrow,Square-Narrow,0,R0,mulligan_n1,Ours · N=1,1,2,82.8375,5,5,81.5000,0.8908,complete,
square_narrow,Square-Narrow,0,R0,mulligan_n1,Ours · N=1,1,3,82.1250,5,5,81.5000,0.8908,complete,
square_narrow,Square-Narrow,0,R0,mulligan_n1,Ours · N=1,1,4,82.7875,5,5,81.5000,0.8908,complete,
square_narrow,Square-Narrow,0,R0,mulligan_n1,Ours · N=1,1,5,81.7125,5,5,81.5000,0.8908,complete,
square_narrow,Square-Narrow,1,R1,mulligan_n1,Ours · N=1,1,1,94.4000,5,5,93.3800,0.5795,complete,
square_narrow,Square-Narrow,1,R1,mulligan_n1,Ours · N=1,1,2,91.9875,5,5,93.3800,0.5795,complete,
square_narrow,Square-Narrow,1,R1,mulligan_n1,Ours · N=1,1,3,92.9625,5,5,93.3800,0.5795,complete,
square_narrow,Square-Narrow,1,R1,mulligan_n1,Ours · N=1,1,4,92.5000,5,5,93.3800,0.5795,complete,
square_narrow,Square-Narrow,1,R1,mulligan_n1,Ours · N=1,1,5,95.0500,5,5,93.3800,0.5795,complete,
square_narrow,Square-Narrow,2,R2,mulligan_n1,Ours · N=1,1,1,95.8250,5,5,95.3925,0.2956,complete,
square_narrow,Square-Narrow,2,R2,mulligan_n1,Ours · N=1,1,2,96.0875,5,5,95.3925,0.2956,complete,
square_narrow,Square-Narrow,2,R2,mulligan_n1,Ours · N=1,1,3,94.8125,5,5,95.3925,0.2956,complete,
square_narrow,Square-Narrow,2,R2,mulligan_n1,Ours · N=1,1,4,95.6625,5,5,95.3925,0.2956,complete,
square_narrow,Square-Narrow,2,R2,mulligan_n1,Ours · N=1,1,5,94.5750,5,5,95.3925,0.2956,complete,
square_narrow,Square-Narrow,3,R3,mulligan_n1,Ours · N=1,1,1,94.5375,5,5,95.6825,0.3131,complete,
square_narrow,Square-Narrow,3,R3,mulligan_n1,Ours · N=1,1,2,96.3750,5,5,95.6825,0.3131,complete,
square_narrow,Square-Narrow,3,R3,mulligan_n1,Ours · N=1,1,3,95.8500,5,5,95.6825,0.3131,complete,
square_narrow,Square-Narrow,3,R3,mulligan_n1,Ours · N=1,1,4,95.6000,5,5,95.6825,0.3131,complete,
square_narrow,Square-Narrow,3,R3,mulligan_n1,Ours · N=1,1,5,96.0500,5,5,95.6825,0.3131,complete,
square_broad,Square-Broad,0,R0,human_baseline_n1,Human Baseline · N=1,1,1,50.0933,5,5,50.8920,0.7982,complete,
square_broad,Square-Broad,0,R0,human_baseline_n1,Human Baseline · N=1,1,2,53.6400,5,5,50.8920,0.7982,complete,
square_broad,Square-Broad,0,R0,human_baseline_n1,Human Baseline · N=1,1,3,48.9600,5,5,50.8920,0.7982,complete,
square_broad,Square-Broad,0,R0,human_baseline_n1,Human Baseline · N=1,1,4,51.5233,5,5,50.8920,0.7982,complete,
square_broad,Square-Broad,0,R0,human_baseline_n1,Human Baseline · N=1,1,5,50.2433,5,5,50.8920,0.7982,complete,
square_broad,Square-Broad,1,R1,human_baseline_n1,Human Baseline · N=1,1,1,64.5633,5,5,64.3873,0.2044,complete,
square_broad,Square-Broad,1,R1,human_baseline_n1,Human Baseline · N=1,1,2,64.7133,5,5,64.3873,0.2044,complete,
square_broad,Square-Broad,1,R1,human_baseline_n1,Human Baseline · N=1,1,3,64.6167,5,5,64.3873,0.2044,complete,
square_broad,Square-Broad,1,R1,human_baseline_n1,Human Baseline · N=1,1,4,63.5867,5,5,64.3873,0.2044,complete,
square_broad,Square-Broad,1,R1,human_baseline_n1,Human Baseline · N=1,1,5,64.4567,5,5,64.3873,0.2044,complete,
square_broad,Square-Broad,2,R2,human_baseline_n1,Human Baseline · N=1,1,1,71.8367,5,5,71.0720,1.1519,complete,
square_broad,Square-Broad,2,R2,human_baseline_n1,Human Baseline · N=1,1,2,74.2733,5,5,71.0720,1.1519,complete,
square_broad,Square-Broad,2,R2,human_baseline_n1,Human Baseline · N=1,1,3,71.5167,5,5,71.0720,1.1519,complete,
square_broad,Square-Broad,2,R2,human_baseline_n1,Human Baseline · N=1,1,4,67.1667,5,5,71.0720,1.1519,complete,
square_broad,Square-Broad,2,R2,human_baseline_n1,Human Baseline · N=1,1,5,70.5667,5,5,71.0720,1.1519,complete,
square_broad,Square-Broad,3,R3,human_baseline_n1,Human Baseline · N=1,1,1,82.9567,5,5,78.4587,1.7725,complete,
square_broad,Square-Broad,3,R3,human_baseline_n1,Human Baseline · N=1,1,2,80.2733,5,5,78.4587,1.7725,complete,
square_broad,Square-Broad,3,R3,human_baseline_n1,Human Baseline · N=1,1,3,78.2700,5,5,78.4587,1.7725,complete,
square_broad,Square-Broad,3,R3,human_baseline_n1,Human Baseline · N=1,1,4,72.1933,5,5,78.4587,1.7725,complete,
square_broad,Square-Broad,3,R3,human_baseline_n1,Human Baseline · N=1,1,5,78.6000,5,5,78.4587,1.7725,complete,
square_broad,Square-Broad,0,R0,mulligan_n1,Ours · N=1,1,1,54.7467,5,5,54.2253,0.5609,complete,
square_broad,Square-Broad,0,R0,mulligan_n1,Ours · N=1,1,2,52.6933,5,5,54.2253,0.5609,complete,
square_broad,Square-Broad,0,R0,mulligan_n1,Ours · N=1,1,3,54.6567,5,5,54.2253,0.5609,complete,
square_broad,Square-Broad,0,R0,mulligan_n1,Ours · N=1,1,4,53.2267,5,5,54.2253,0.5609,complete,
square_broad,Square-Broad,0,R0,mulligan_n1,Ours · N=1,1,5,55.8033,5,5,54.2253,0.5609,complete,
square_broad,Square-Broad,1,R1,mulligan_n1,Ours · N=1,1,1,71.9833,5,5,72.8413,0.7448,complete,
square_broad,Square-Broad,1,R1,mulligan_n1,Ours · N=1,1,2,75.7733,5,5,72.8413,0.7448,complete,
square_broad,Square-Broad,1,R1,mulligan_n1,Ours · N=1,1,3,71.9000,5,5,72.8413,0.7448,complete,
square_broad,Square-Broad,1,R1,mulligan_n1,Ours · N=1,1,4,71.9333,5,5,72.8413,0.7448,complete,
square_broad,Square-Broad,1,R1,mulligan_n1,Ours · N=1,1,5,72.6167,5,5,72.8413,0.7448,complete,
square_broad,Square-Broad,2,R2,mulligan_n1,Ours · N=1,1,1,82.2133,5,5,82.1520,0.1652,complete,
square_broad,Square-Broad,2,R2,mulligan_n1,Ours · N=1,1,2,82.7633,5,5,82.1520,0.1652,complete,
square_broad,Square-Broad,2,R2,mulligan_n1,Ours · N=1,1,3,81.8233,5,5,82.1520,0.1652,complete,
square_broad,Square-Broad,2,R2,mulligan_n1,Ours · N=1,1,4,82.0033,5,5,82.1520,0.1652,complete,
square_broad,Square-Broad,2,R2,mulligan_n1,Ours · N=1,1,5,81.9567,5,5,82.1520,0.1652,complete,
square_broad,Square-Broad,3,R3,mulligan_n1,Ours · N=1,1,1,85.1567,5,5,86.0307,0.8069,complete,
square_broad,Square-Broad,3,R3,mulligan_n1,Ours · N=1,1,2,85.1833,5,5,86.0307,0.8069,complete,
square_broad,Square-Broad,3,R3,mulligan_n1,Ours · N=1,1,3,89.0900,5,5,86.0307,0.8069,complete,
square_broad,Square-Broad,3,R3,mulligan_n1,Ours · N=1,1,4,86.1633,5,5,86.0307,0.8069,complete,
square_broad,Square-Broad,3,R3,mulligan_n1,Ours · N=1,1,5,84.5600,5,5,86.0307,0.8069,complete,
square_narrow,Square-Narrow,0,R0,auto_plain_il_n1,Autonomous plain IL · N=1,32,1,68.2125,5,5,70.6225,1.2024,complete,
square_narrow,Square-Narrow,0,R0,auto_plain_il_n1,Autonomous plain IL · N=1,32,2,72.6000,5,5,70.6225,1.2024,complete,
square_narrow,Square-Narrow,0,R0,auto_plain_il_n1,Autonomous plain IL · N=1,32,3,72.9375,5,5,70.6225,1.2024,complete,
square_narrow,Square-Narrow,0,R0,auto_plain_il_n1,Autonomous plain IL · N=1,32,4,72.1375,5,5,70.6225,1.2024,complete,
square_narrow,Square-Narrow,0,R0,auto_plain_il_n1,Autonomous plain IL · N=1,32,5,67.2250,5,5,70.6225,1.2024,complete,
square_narrow,Square-Narrow,0,R0,auto_filtered_bc_n1,Autonomous filtered BC · N=1,32,1,68.2125,5,5,70.6225,1.2024,complete,
square_narrow,Square-Narrow,0,R0,auto_filtered_bc_n1,Autonomous filtered BC · N=1,32,2,72.6000,5,5,70.6225,1.2024,complete,
square_narrow,Square-Narrow,0,R0,auto_filtered_bc_n1,Autonomous filtered BC · N=1,32,3,72.9375,5,5,70.6225,1.2024,complete,
square_narrow,Square-Narrow,0,R0,auto_filtered_bc_n1,Autonomous filtered BC · N=1,32,4,72.1375,5,5,70.6225,1.2024,complete,
square_narrow,Square-Narrow,0,R0,auto_filtered_bc_n1,Autonomous filtered BC · N=1,32,5,67.2250,5,5,70.6225,1.2024,complete,
square_narrow,Square-Narrow,0,R0,auto_iql_n32,Autonomous IQL · N=32,32,1,68.2125,5,5,70.6225,1.2024,complete,
square_narrow,Square-Narrow,0,R0,auto_iql_n32,Autonomous IQL · N=32,32,2,72.6000,5,5,70.6225,1.2024,complete,
square_narrow,Square-Narrow,0,R0,auto_iql_n32,Autonomous IQL · N=32,32,3,72.9375,5,5,70.6225,1.2024,complete,
square_narrow,Square-Narrow,0,R0,auto_iql_n32,Autonomous IQL · N=32,32,4,72.1375,5,5,70.6225,1.2024,complete,
square_narrow,Square-Narrow,0,R0,auto_iql_n32,Autonomous IQL · N=32,32,5,67.2250,5,5,70.6225,1.2024,complete,
square_narrow,Square-Narrow,0,R0,auto_iql_success_bc_n32,Autonomous IQL + success BC · N=32,32,1,68.2125,5,5,70.6225,1.2024,complete,
square_narrow,Square-Narrow,0,R0,auto_iql_success_bc_n32,Autonomous IQL + success BC · N=32,32,2,72.6000,5,5,70.6225,1.2024,complete,
square_narrow,Square-Narrow,0,R0,auto_iql_success_bc_n32,Autonomous IQL + success BC · N=32,32,3,72.9375,5,5,70.6225,1.2024,complete,
square_narrow,Square-Narrow,0,R0,auto_iql_success_bc_n32,Autonomous IQL + success BC · N=32,32,4,72.1375,5,5,70.6225,1.2024,complete,
square_narrow,Square-Narrow,0,R0,auto_iql_success_bc_n32,Autonomous IQL + success BC · N=32,32,5,67.2250,5,5,70.6225,1.2024,complete,
square_broad,Square-Broad,0,R0,auto_plain_il_n1,Autonomous plain IL · N=1,32,1,48.8467,5,5,49.0947,0.7659,complete,
square_broad,Square-Broad,0,R0,auto_plain_il_n1,Autonomous plain IL · N=1,32,2,51.8333,5,5,49.0947,0.7659,complete,
square_broad,Square-Broad,0,R0,auto_plain_il_n1,Autonomous plain IL · N=1,32,3,47.0833,5,5,49.0947,0.7659,complete,
square_broad,Square-Broad,0,R0,auto_plain_il_n1,Autonomous plain IL · N=1,32,4,48.7900,5,5,49.0947,0.7659,complete,
square_broad,Square-Broad,0,R0,auto_plain_il_n1,Autonomous plain IL · N=1,32,5,48.9200,5,5,49.0947,0.7659,complete,
square_broad,Square-Broad,0,R0,auto_filtered_bc_n1,Autonomous filtered BC · N=1,32,1,48.8467,5,5,49.0947,0.7659,complete,
square_broad,Square-Broad,0,R0,auto_filtered_bc_n1,Autonomous filtered BC · N=1,32,2,51.8333,5,5,49.0947,0.7659,complete,
square_broad,Square-Broad,0,R0,auto_filtered_bc_n1,Autonomous filtered BC · N=1,32,3,47.0833,5,5,49.0947,0.7659,complete,
square_broad,Square-Broad,0,R0,auto_filtered_bc_n1,Autonomous filtered BC · N=1,32,4,48.7900,5,5,49.0947,0.7659,complete,
square_broad,Square-Broad,0,R0,auto_filtered_bc_n1,Autonomous filtered BC · N=1,32,5,48.9200,5,5,49.0947,0.7659,complete,
square_broad,Square-Broad,0,R0,auto_iql_n32,Autonomous IQL · N=32,32,1,48.8467,5,5,49.0947,0.7659,complete,
square_broad,Square-Broad,0,R0,auto_iql_n32,Autonomous IQL · N=32,32,2,51.8333,5,5,49.0947,0.7659,complete,
square_broad,Square-Broad,0,R0,auto_iql_n32,Autonomous IQL · N=32,32,3,47.0833,5,5,49.0947,0.7659,complete,
square_broad,Square-Broad,0,R0,auto_iql_n32,Autonomous IQL · N=32,32,4,48.7900,5,5,49.0947,0.7659,complete,
square_broad,Square-Broad,0,R0,auto_iql_n32,Autonomous IQL · N=32,32,5,48.9200,5,5,49.0947,0.7659,complete,
square_broad,Square-Broad,0,R0,auto_iql_success_bc_n32,Autonomous IQL + success BC · N=32,32,1,48.8467,5,5,49.0947,0.7659,complete,
square_broad,Square-Broad,0,R0,auto_iql_success_bc_n32,Autonomous IQL + success BC · N=32,32,2,51.8333,5,5,49.0947,0.7659,complete,
square_broad,Square-Broad,0,R0,auto_iql_success_bc_n32,Autonomous IQL + success BC · N=32,32,3,47.0833,5,5,49.0947,0.7659,complete,
square_broad,Square-Broad,0,R0,auto_iql_success_bc_n32,Autonomous IQL + success BC · N=32,32,4,48.7900,5,5,49.0947,0.7659,complete,
square_broad,Square-Broad,0,R0,auto_iql_success_bc_n32,Autonomous IQL + success BC · N=32,32,5,48.9200,5,5,49.0947,0.7659,complete,
square_narrow,Square-Narrow,1,R1,auto_filtered_bc_n1,Autonomous filtered BC · N=1,1,1,70.2500,5,5,72.9825,0.9417,complete,mulligan/sim-square-narrow-r01-auto-filtered-bc-n1-idql/seed-1
square_narrow,Square-Narrow,1,R1,auto_filtered_bc_n1,Autonomous filtered BC · N=1,1,2,71.6500,5,5,72.9825,0.9417,complete,mulligan/sim-square-narrow-r01-auto-filtered-bc-n1-idql/seed-2
square_narrow,Square-Narrow,1,R1,auto_filtered_bc_n1,Autonomous filtered BC · N=1,1,3,73.0375,5,5,72.9825,0.9417,complete,mulligan/sim-square-narrow-r01-auto-filtered-bc-n1-idql/seed-3
square_narrow,Square-Narrow,1,R1,auto_filtered_bc_n1,Autonomous filtered BC · N=1,1,4,74.5125,5,5,72.9825,0.9417,complete,mulligan/sim-square-narrow-r01-auto-filtered-bc-n1-idql/seed-4
square_narrow,Square-Narrow,1,R1,auto_filtered_bc_n1,Autonomous filtered BC · N=1,1,5,75.4625,5,5,72.9825,0.9417,complete,mulligan/sim-square-narrow-r01-auto-filtered-bc-n1-idql/seed-5
square_narrow,Square-Narrow,1,R1,auto_iql_n32,Autonomous IQL · N=32,32,1,76.0750,5,5,74.0325,1.5220,complete,mulligan/sim-square-narrow-r01-auto-iql-n32-idql/seed-1
square_narrow,Square-Narrow,1,R1,auto_iql_n32,Autonomous IQL · N=32,32,2,72.4250,5,5,74.0325,1.5220,complete,mulligan/sim-square-narrow-r01-auto-iql-n32-idql/seed-2
square_narrow,Square-Narrow,1,R1,auto_iql_n32,Autonomous IQL · N=32,32,3,68.7625,5,5,74.0325,1.5220,complete,mulligan/sim-square-narrow-r01-auto-iql-n32-idql/seed-3
square_narrow,Square-Narrow,1,R1,auto_iql_n32,Autonomous IQL · N=32,32,4,76.2125,5,5,74.0325,1.5220,complete,mulligan/sim-square-narrow-r01-auto-iql-n32-idql/seed-4
square_narrow,Square-Narrow,1,R1,auto_iql_n32,Autonomous IQL · N=32,32,5,76.6875,5,5,74.0325,1.5220,complete,mulligan/sim-square-narrow-r01-auto-iql-n32-idql/seed-5
square_narrow,Square-Narrow,1,R1,auto_iql_success_bc_n32,Autonomous IQL + success BC · N=32,32,1,74.8000,5,5,73.1950,0.7108,complete,mulligan/sim-square-narrow-r01-auto-iql-success-bc-n32-idql/seed-1
square_narrow,Square-Narrow,1,R1,auto_iql_success_bc_n32,Autonomous IQL + success BC · N=32,32,2,73.2750,5,5,73.1950,0.7108,complete,mulligan/sim-square-narrow-r01-auto-iql-success-bc-n32-idql/seed-2
square_narrow,Square-Narrow,1,R1,auto_iql_success_bc_n32,Autonomous IQL + success BC · N=32,32,3,70.5625,5,5,73.1950,0.7108,complete,mulligan/sim-square-narrow-r01-auto-iql-success-bc-n32-idql/seed-3
square_narrow,Square-Narrow,1,R1,auto_iql_success_bc_n32,Autonomous IQL + success BC · N=32,32,4,73.9375,5,5,73.1950,0.7108,complete,mulligan/sim-square-narrow-r01-auto-iql-success-bc-n32-idql/seed-4
square_narrow,Square-Narrow,1,R1,auto_iql_success_bc_n32,Autonomous IQL + success BC · N=32,32,5,73.4000,5,5,73.1950,0.7108,complete,mulligan/sim-square-narrow-r01-auto-iql-success-bc-n32-idql/seed-5
square_narrow,Square-Narrow,1,R1,auto_plain_il_n1,Autonomous plain IL · N=1,1,1,66.5250,5,5,68.1400,0.8186,complete,mulligan/sim-square-narrow-r01-auto-plain-il-n1-idql/seed-1
square_narrow,Square-Narrow,1,R1,auto_plain_il_n1,Autonomous plain IL · N=1,1,2,67.5375,5,5,68.1400,0.8186,complete,mulligan/sim-square-narrow-r01-auto-plain-il-n1-idql/seed-2
square_narrow,Square-Narrow,1,R1,auto_plain_il_n1,Autonomous plain IL · N=1,1,3,71.2875,5,5,68.1400,0.8186,complete,mulligan/sim-square-narrow-r01-auto-plain-il-n1-idql/seed-3
square_narrow,Square-Narrow,1,R1,auto_plain_il_n1,Autonomous plain IL · N=1,1,4,67.4625,5,5,68.1400,0.8186,complete,mulligan/sim-square-narrow-r01-auto-plain-il-n1-idql/seed-4
square_narrow,Square-Narrow,1,R1,auto_plain_il_n1,Autonomous plain IL · N=1,1,5,67.8875,5,5,68.1400,0.8186,complete,mulligan/sim-square-narrow-r01-auto-plain-il-n1-idql/seed-5
square_narrow,Square-Narrow,2,R2,auto_filtered_bc_n1,Autonomous filtered BC · N=1,1,1,71.0125,5,5,71.4175,0.8007,complete,mulligan/sim-square-narrow-r02-auto-filtered-bc-n1-idql/seed-1
square_narrow,Square-Narrow,2,R2,auto_filtered_bc_n1,Autonomous filtered BC · N=1,1,2,69.1000,5,5,71.4175,0.8007,complete,mulligan/sim-square-narrow-r02-auto-filtered-bc-n1-idql/seed-2
square_narrow,Square-Narrow,2,R2,auto_filtered_bc_n1,Autonomous filtered BC · N=1,1,3,71.6500,5,5,71.4175,0.8007,complete,mulligan/sim-square-narrow-r02-auto-filtered-bc-n1-idql/seed-3
square_narrow,Square-Narrow,2,R2,auto_filtered_bc_n1,Autonomous filtered BC · N=1,1,4,74.1000,5,5,71.4175,0.8007,complete,mulligan/sim-square-narrow-r02-auto-filtered-bc-n1-idql/seed-4
square_narrow,Square-Narrow,2,R2,auto_filtered_bc_n1,Autonomous filtered BC · N=1,1,5,71.2250,5,5,71.4175,0.8007,complete,mulligan/sim-square-narrow-r02-auto-filtered-bc-n1-idql/seed-5
square_narrow,Square-Narrow,2,R2,auto_iql_n32,Autonomous IQL · N=32,32,1,79.8500,5,5,78.8650,0.7937,complete,mulligan/sim-square-narrow-r02-auto-iql-n32-idql/seed-1
square_narrow,Square-Narrow,2,R2,auto_iql_n32,Autonomous IQL · N=32,32,2,79.4750,5,5,78.8650,0.7937,complete,mulligan/sim-square-narrow-r02-auto-iql-n32-idql/seed-2
square_narrow,Square-Narrow,2,R2,auto_iql_n32,Autonomous IQL · N=32,32,3,80.9500,5,5,78.8650,0.7937,complete,mulligan/sim-square-narrow-r02-auto-iql-n32-idql/seed-3
square_narrow,Square-Narrow,2,R2,auto_iql_n32,Autonomous IQL · N=32,32,4,77.2875,5,5,78.8650,0.7937,complete,mulligan/sim-square-narrow-r02-auto-iql-n32-idql/seed-4
square_narrow,Square-Narrow,2,R2,auto_iql_n32,Autonomous IQL · N=32,32,5,76.7625,5,5,78.8650,0.7937,complete,mulligan/sim-square-narrow-r02-auto-iql-n32-idql/seed-5
square_narrow,Square-Narrow,2,R2,auto_iql_success_bc_n32,Autonomous IQL + success BC · N=32,32,1,73.0750,5,5,74.1175,0.6262,complete,mulligan/sim-square-narrow-r02-auto-iql-success-bc-n32-idql/seed-1
square_narrow,Square-Narrow,2,R2,auto_iql_success_bc_n32,Autonomous IQL + success BC · N=32,32,2,76.2125,5,5,74.1175,0.6262,complete,mulligan/sim-square-narrow-r02-auto-iql-success-bc-n32-idql/seed-2
square_narrow,Square-Narrow,2,R2,auto_iql_success_bc_n32,Autonomous IQL + success BC · N=32,32,3,74.7000,5,5,74.1175,0.6262,complete,mulligan/sim-square-narrow-r02-auto-iql-success-bc-n32-idql/seed-3
square_narrow,Square-Narrow,2,R2,auto_iql_success_bc_n32,Autonomous IQL + success BC · N=32,32,4,73.8875,5,5,74.1175,0.6262,complete,mulligan/sim-square-narrow-r02-auto-iql-success-bc-n32-idql/seed-4
square_narrow,Square-Narrow,2,R2,auto_iql_success_bc_n32,Autonomous IQL + success BC · N=32,32,5,72.7125,5,5,74.1175,0.6262,complete,mulligan/sim-square-narrow-r02-auto-iql-success-bc-n32-idql/seed-5
square_narrow,Square-Narrow,2,R2,auto_plain_il_n1,Autonomous plain IL · N=1,1,1,65.3000,5,5,64.6200,0.4930,complete,mulligan/sim-square-narrow-r02-auto-plain-il-n1-idql/seed-1
square_narrow,Square-Narrow,2,R2,auto_plain_il_n1,Autonomous plain IL · N=1,1,2,64.9125,5,5,64.6200,0.4930,complete,mulligan/sim-square-narrow-r02-auto-plain-il-n1-idql/seed-2
square_narrow,Square-Narrow,2,R2,auto_plain_il_n1,Autonomous plain IL · N=1,1,3,62.6750,5,5,64.6200,0.4930,complete,mulligan/sim-square-narrow-r02-auto-plain-il-n1-idql/seed-3
square_narrow,Square-Narrow,2,R2,auto_plain_il_n1,Autonomous plain IL · N=1,1,4,64.9375,5,5,64.6200,0.4930,complete,mulligan/sim-square-narrow-r02-auto-plain-il-n1-idql/seed-4
square_narrow,Square-Narrow,2,R2,auto_plain_il_n1,Autonomous plain IL · N=1,1,5,65.2750,5,5,64.6200,0.4930,complete,mulligan/sim-square-narrow-r02-auto-plain-il-n1-idql/seed-5
square_narrow,Square-Narrow,3,R3,auto_filtered_bc_n1,Autonomous filtered BC · N=1,1,1,73.5250,5,5,72.2550,0.5541,complete,mulligan/sim-square-narrow-r03-auto-filtered-bc-n1-idql/seed-1
square_narrow,Square-Narrow,3,R3,auto_filtered_bc_n1,Autonomous filtered BC · N=1,1,2,71.0875,5,5,72.2550,0.5541,complete,mulligan/sim-square-narrow-r03-auto-filtered-bc-n1-idql/seed-2
square_narrow,Square-Narrow,3,R3,auto_filtered_bc_n1,Autonomous filtered BC · N=1,1,3,71.7875,5,5,72.2550,0.5541,complete,mulligan/sim-square-narrow-r03-auto-filtered-bc-n1-idql/seed-3
square_narrow,Square-Narrow,3,R3,auto_filtered_bc_n1,Autonomous filtered BC · N=1,1,4,71.2375,5,5,72.2550,0.5541,complete,mulligan/sim-square-narrow-r03-auto-filtered-bc-n1-idql/seed-4
square_narrow,Square-Narrow,3,R3,auto_filtered_bc_n1,Autonomous filtered BC · N=1,1,5,73.6375,5,5,72.2550,0.5541,complete,mulligan/sim-square-narrow-r03-auto-filtered-bc-n1-idql/seed-5
square_narrow,Square-Narrow,3,R3,auto_iql_n32,Autonomous IQL · N=32,32,1,78.4000,5,5,79.6125,0.7315,complete,mulligan/sim-square-narrow-r03-auto-iql-n32-idql/seed-1
square_narrow,Square-Narrow,3,R3,auto_iql_n32,Autonomous IQL · N=32,32,2,79.3750,5,5,79.6125,0.7315,complete,mulligan/sim-square-narrow-r03-auto-iql-n32-idql/seed-2
square_narrow,Square-Narrow,3,R3,auto_iql_n32,Autonomous IQL · N=32,32,3,82.0375,5,5,79.6125,0.7315,complete,mulligan/sim-square-narrow-r03-auto-iql-n32-idql/seed-3
square_narrow,Square-Narrow,3,R3,auto_iql_n32,Autonomous IQL · N=32,32,4,80.3125,5,5,79.6125,0.7315,complete,mulligan/sim-square-narrow-r03-auto-iql-n32-idql/seed-4
square_narrow,Square-Narrow,3,R3,auto_iql_n32,Autonomous IQL · N=32,32,5,77.9375,5,5,79.6125,0.7315,complete,mulligan/sim-square-narrow-r03-auto-iql-n32-idql/seed-5
square_narrow,Square-Narrow,3,R3,auto_iql_success_bc_n32,Autonomous IQL + success BC · N=32,32,1,77.1875,5,5,77.6950,0.3581,complete,mulligan/sim-square-narrow-r03-auto-iql-success-bc-n32-idql/seed-1
square_narrow,Square-Narrow,3,R3,auto_iql_success_bc_n32,Autonomous IQL + success BC · N=32,32,2,77.0500,5,5,77.6950,0.3581,complete,mulligan/sim-square-narrow-r03-auto-iql-success-bc-n32-idql/seed-2
square_narrow,Square-Narrow,3,R3,auto_iql_success_bc_n32,Autonomous IQL + success BC · N=32,32,3,77.4625,5,5,77.6950,0.3581,complete,mulligan/sim-square-narrow-r03-auto-iql-success-bc-n32-idql/seed-3
square_narrow,Square-Narrow,3,R3,auto_iql_success_bc_n32,Autonomous IQL + success BC · N=32,32,4,79.0500,5,5,77.6950,0.3581,complete,mulligan/sim-square-narrow-r03-auto-iql-success-bc-n32-idql/seed-4
square_narrow,Square-Narrow,3,R3,auto_iql_success_bc_n32,Autonomous IQL + success BC · N=32,32,5,77.7250,5,5,77.6950,0.3581,complete,mulligan/sim-square-narrow-r03-auto-iql-success-bc-n32-idql/seed-5
square_narrow,Square-Narrow,3,R3,auto_plain_il_n1,Autonomous plain IL · N=1,1,1,63.2000,5,5,64.6375,0.5259,complete,mulligan/sim-square-narrow-r03-auto-plain-il-n1-idql/seed-1
square_narrow,Square-Narrow,3,R3,auto_plain_il_n1,Autonomous plain IL · N=1,1,2,63.6125,5,5,64.6375,0.5259,complete,mulligan/sim-square-narrow-r03-auto-plain-il-n1-idql/seed-2
square_narrow,Square-Narrow,3,R3,auto_plain_il_n1,Autonomous plain IL · N=1,1,3,65.7625,5,5,64.6375,0.5259,complete,mulligan/sim-square-narrow-r03-auto-plain-il-n1-idql/seed-3
square_narrow,Square-Narrow,3,R3,auto_plain_il_n1,Autonomous plain IL · N=1,1,4,64.9500,5,5,64.6375,0.5259,complete,mulligan/sim-square-narrow-r03-auto-plain-il-n1-idql/seed-4
square_narrow,Square-Narrow,3,R3,auto_plain_il_n1,Autonomous plain IL · N=1,1,5,65.6625,5,5,64.6375,0.5259,complete,mulligan/sim-square-narrow-r03-auto-plain-il-n1-idql/seed-5
square_broad,Square-Broad,1,R1,auto_filtered_bc_n1,Autonomous filtered BC · N=1,1,1,50.3900,5,5,49.2053,0.5015,complete,mulligan/sim-square-broad-r01-auto-filtered-bc-n1-idql/seed-1
square_broad,Square-Broad,1,R1,auto_filtered_bc_n1,Autonomous filtered BC · N=1,1,2,48.5233,5,5,49.2053,0.5015,complete,mulligan/sim-square-broad-r01-auto-filtered-bc-n1-idql/seed-2
square_broad,Square-Broad,1,R1,auto_filtered_bc_n1,Autonomous filtered BC · N=1,1,3,50.4000,5,5,49.2053,0.5015,complete,mulligan/sim-square-broad-r01-auto-filtered-bc-n1-idql/seed-3
square_broad,Square-Broad,1,R1,auto_filtered_bc_n1,Autonomous filtered BC · N=1,1,4,47.9733,5,5,49.2053,0.5015,complete,mulligan/sim-square-broad-r01-auto-filtered-bc-n1-idql/seed-4
square_broad,Square-Broad,1,R1,auto_filtered_bc_n1,Autonomous filtered BC · N=1,1,5,48.7400,5,5,49.2053,0.5015,complete,mulligan/sim-square-broad-r01-auto-filtered-bc-n1-idql/seed-5
square_broad,Square-Broad,1,R1,auto_iql_n32,Autonomous IQL · N=32,32,1,52.4100,5,5,55.1100,1.1539,complete,mulligan/sim-square-broad-r01-auto-iql-n32-idql/seed-1
square_broad,Square-Broad,1,R1,auto_iql_n32,Autonomous IQL · N=32,32,2,52.8767,5,5,55.1100,1.1539,complete,mulligan/sim-square-broad-r01-auto-iql-n32-idql/seed-2
square_broad,Square-Broad,1,R1,auto_iql_n32,Autonomous IQL · N=32,32,3,58.7933,5,5,55.1100,1.1539,complete,mulligan/sim-square-broad-r01-auto-iql-n32-idql/seed-3
square_broad,Square-Broad,1,R1,auto_iql_n32,Autonomous IQL · N=32,32,4,55.6833,5,5,55.1100,1.1539,complete,mulligan/sim-square-broad-r01-auto-iql-n32-idql/seed-4
square_broad,Square-Broad,1,R1,auto_iql_n32,Autonomous IQL · N=32,32,5,55.7867,5,5,55.1100,1.1539,complete,mulligan/sim-square-broad-r01-auto-iql-n32-idql/seed-5
square_broad,Square-Broad,1,R1,auto_iql_success_bc_n32,Autonomous IQL + success BC · N=32,32,1,50.8700,5,5,52.1373,0.5719,complete,mulligan/sim-square-broad-r01-auto-iql-success-bc-n32-idql/seed-1
square_broad,Square-Broad,1,R1,auto_iql_success_bc_n32,Autonomous IQL + success BC · N=32,32,2,51.5167,5,5,52.1373,0.5719,complete,mulligan/sim-square-broad-r01-auto-iql-success-bc-n32-idql/seed-2
square_broad,Square-Broad,1,R1,auto_iql_success_bc_n32,Autonomous IQL + success BC · N=32,32,3,53.9933,5,5,52.1373,0.5719,complete,mulligan/sim-square-broad-r01-auto-iql-success-bc-n32-idql/seed-3
square_broad,Square-Broad,1,R1,auto_iql_success_bc_n32,Autonomous IQL + success BC · N=32,32,4,51.4100,5,5,52.1373,0.5719,complete,mulligan/sim-square-broad-r01-auto-iql-success-bc-n32-idql/seed-4
square_broad,Square-Broad,1,R1,auto_iql_success_bc_n32,Autonomous IQL + success BC · N=32,32,5,52.8967,5,5,52.1373,0.5719,complete,mulligan/sim-square-broad-r01-auto-iql-success-bc-n32-idql/seed-5
square_broad,Square-Broad,1,R1,auto_plain_il_n1,Autonomous plain IL · N=1,1,1,48.7433,5,5,49.3153,0.6764,complete,mulligan/sim-square-broad-r01-auto-plain-il-n1-idql/seed-1
square_broad,Square-Broad,1,R1,auto_plain_il_n1,Autonomous plain IL · N=1,1,2,47.4833,5,5,49.3153,0.6764,complete,mulligan/sim-square-broad-r01-auto-plain-il-n1-idql/seed-2
square_broad,Square-Broad,1,R1,auto_plain_il_n1,Autonomous plain IL · N=1,1,3,48.6800,5,5,49.3153,0.6764,complete,mulligan/sim-square-broad-r01-auto-plain-il-n1-idql/seed-3
square_broad,Square-Broad,1,R1,auto_plain_il_n1,Autonomous plain IL · N=1,1,4,50.3633,5,5,49.3153,0.6764,complete,mulligan/sim-square-broad-r01-auto-plain-il-n1-idql/seed-4
square_broad,Square-Broad,1,R1,auto_plain_il_n1,Autonomous plain IL · N=1,1,5,51.3067,5,5,49.3153,0.6764,complete,mulligan/sim-square-broad-r01-auto-plain-il-n1-idql/seed-5
square_broad,Square-Broad,2,R2,auto_filtered_bc_n1,Autonomous filtered BC · N=1,1,1,47.9633,5,5,51.5867,0.9573,complete,mulligan/sim-square-broad-r02-auto-filtered-bc-n1-idql/seed-1
square_broad,Square-Broad,2,R2,auto_filtered_bc_n1,Autonomous filtered BC · N=1,1,2,51.7167,5,5,51.5867,0.9573,complete,mulligan/sim-square-broad-r02-auto-filtered-bc-n1-idql/seed-2
square_broad,Square-Broad,2,R2,auto_filtered_bc_n1,Autonomous filtered BC · N=1,1,3,52.3500,5,5,51.5867,0.9573,complete,mulligan/sim-square-broad-r02-auto-filtered-bc-n1-idql/seed-3
square_broad,Square-Broad,2,R2,auto_filtered_bc_n1,Autonomous filtered BC · N=1,1,4,52.2900,5,5,51.5867,0.9573,complete,mulligan/sim-square-broad-r02-auto-filtered-bc-n1-idql/seed-4
square_broad,Square-Broad,2,R2,auto_filtered_bc_n1,Autonomous filtered BC · N=1,1,5,53.6133,5,5,51.5867,0.9573,complete,mulligan/sim-square-broad-r02-auto-filtered-bc-n1-idql/seed-5
square_broad,Square-Broad,2,R2,auto_iql_n32,Autonomous IQL · N=32,32,1,55.7833,5,5,57.5767,1.3205,complete,mulligan/sim-square-broad-r02-auto-iql-n32-idql/seed-1
square_broad,Square-Broad,2,R2,auto_iql_n32,Autonomous IQL · N=32,32,2,55.5667,5,5,57.5767,1.3205,complete,mulligan/sim-square-broad-r02-auto-iql-n32-idql/seed-2
square_broad,Square-Broad,2,R2,auto_iql_n32,Autonomous IQL · N=32,32,3,56.0433,5,5,57.5767,1.3205,complete,mulligan/sim-square-broad-r02-auto-iql-n32-idql/seed-3
square_broad,Square-Broad,2,R2,auto_iql_n32,Autonomous IQL · N=32,32,4,62.5933,5,5,57.5767,1.3205,complete,mulligan/sim-square-broad-r02-auto-iql-n32-idql/seed-4
square_broad,Square-Broad,2,R2,auto_iql_n32,Autonomous IQL · N=32,32,5,57.8967,5,5,57.5767,1.3205,complete,mulligan/sim-square-broad-r02-auto-iql-n32-idql/seed-5
square_broad,Square-Broad,2,R2,auto_iql_success_bc_n32,Autonomous IQL + success BC · N=32,32,1,52.5700,5,5,52.1787,0.5730,complete,mulligan/sim-square-broad-r02-auto-iql-success-bc-n32-idql/seed-1
square_broad,Square-Broad,2,R2,auto_iql_success_bc_n32,Autonomous IQL + success BC · N=32,32,2,52.9867,5,5,52.1787,0.5730,complete,mulligan/sim-square-broad-r02-auto-iql-success-bc-n32-idql/seed-2
square_broad,Square-Broad,2,R2,auto_iql_success_bc_n32,Autonomous IQL + success BC · N=32,32,3,51.4867,5,5,52.1787,0.5730,complete,mulligan/sim-square-broad-r02-auto-iql-success-bc-n32-idql/seed-3
square_broad,Square-Broad,2,R2,auto_iql_success_bc_n32,Autonomous IQL + success BC · N=32,32,4,53.5300,5,5,52.1787,0.5730,complete,mulligan/sim-square-broad-r02-auto-iql-success-bc-n32-idql/seed-4
square_broad,Square-Broad,2,R2,auto_iql_success_bc_n32,Autonomous IQL + success BC · N=32,32,5,50.3200,5,5,52.1787,0.5730,complete,mulligan/sim-square-broad-r02-auto-iql-success-bc-n32-idql/seed-5
square_broad,Square-Broad,2,R2,auto_plain_il_n1,Autonomous plain IL · N=1,1,1,48.5733,5,5,48.3680,0.0897,complete,mulligan/sim-square-broad-r02-auto-plain-il-n1-idql/seed-1
square_broad,Square-Broad,2,R2,auto_plain_il_n1,Autonomous plain IL · N=1,1,2,48.1833,5,5,48.3680,0.0897,complete,mulligan/sim-square-broad-r02-auto-plain-il-n1-idql/seed-2
square_broad,Square-Broad,2,R2,auto_plain_il_n1,Autonomous plain IL · N=1,1,3,48.4067,5,5,48.3680,0.0897,complete,mulligan/sim-square-broad-r02-auto-plain-il-n1-idql/seed-3
square_broad,Square-Broad,2,R2,auto_plain_il_n1,Autonomous plain IL · N=1,1,4,48.1367,5,5,48.3680,0.0897,complete,mulligan/sim-square-broad-r02-auto-plain-il-n1-idql/seed-4
square_broad,Square-Broad,2,R2,auto_plain_il_n1,Autonomous plain IL · N=1,1,5,48.5400,5,5,48.3680,0.0897,complete,mulligan/sim-square-broad-r02-auto-plain-il-n1-idql/seed-5
square_broad,Square-Broad,3,R3,auto_filtered_bc_n1,Autonomous filtered BC · N=1,1,1,53.6367,5,5,52.7414,0.5260,complete,mulligan/sim-square-broad-r03-auto-filtered-bc-n1-idql/seed-1
square_broad,Square-Broad,3,R3,auto_filtered_bc_n1,Autonomous filtered BC · N=1,1,2,52.7167,5,5,52.7414,0.5260,complete,mulligan/sim-square-broad-r03-auto-filtered-bc-n1-idql/seed-2
square_broad,Square-Broad,3,R3,auto_filtered_bc_n1,Autonomous filtered BC · N=1,1,3,51.6667,5,5,52.7414,0.5260,complete,mulligan/sim-square-broad-r03-auto-filtered-bc-n1-idql/seed-3
square_broad,Square-Broad,3,R3,auto_filtered_bc_n1,Autonomous filtered BC · N=1,1,4,51.5100,5,5,52.7414,0.5260,complete,mulligan/sim-square-broad-r03-auto-filtered-bc-n1-idql/seed-4
square_broad,Square-Broad,3,R3,auto_filtered_bc_n1,Autonomous filtered BC · N=1,1,5,54.1767,5,5,52.7414,0.5260,complete,mulligan/sim-square-broad-r03-auto-filtered-bc-n1-idql/seed-5
square_broad,Square-Broad,3,R3,auto_iql_n32,Autonomous IQL · N=32,32,1,57.5767,5,5,58.6140,0.6387,complete,mulligan/sim-square-broad-r03-auto-iql-n32-idql/seed-1
square_broad,Square-Broad,3,R3,auto_iql_n32,Autonomous IQL · N=32,32,2,60.6200,5,5,58.6140,0.6387,complete,mulligan/sim-square-broad-r03-auto-iql-n32-idql/seed-2
square_broad,Square-Broad,3,R3,auto_iql_n32,Autonomous IQL · N=32,32,3,58.2200,5,5,58.6140,0.6387,complete,mulligan/sim-square-broad-r03-auto-iql-n32-idql/seed-3
square_broad,Square-Broad,3,R3,auto_iql_n32,Autonomous IQL · N=32,32,4,57.1567,5,5,58.6140,0.6387,complete,mulligan/sim-square-broad-r03-auto-iql-n32-idql/seed-4
square_broad,Square-Broad,3,R3,auto_iql_n32,Autonomous IQL · N=32,32,5,59.4967,5,5,58.6140,0.6387,complete,mulligan/sim-square-broad-r03-auto-iql-n32-idql/seed-5
square_broad,Square-Broad,3,R3,auto_iql_success_bc_n32,Autonomous IQL + success BC · N=32,32,1,53.5833,5,5,53.6500,0.4911,complete,mulligan/sim-square-broad-r03-auto-iql-success-bc-n32-idql/seed-1
square_broad,Square-Broad,3,R3,auto_iql_success_bc_n32,Autonomous IQL + success BC · N=32,32,2,54.3333,5,5,53.6500,0.4911,complete,mulligan/sim-square-broad-r03-auto-iql-success-bc-n32-idql/seed-2
square_broad,Square-Broad,3,R3,auto_iql_success_bc_n32,Autonomous IQL + success BC · N=32,32,3,54.8900,5,5,53.6500,0.4911,complete,mulligan/sim-square-broad-r03-auto-iql-success-bc-n32-idql/seed-3
square_broad,Square-Broad,3,R3,auto_iql_success_bc_n32,Autonomous IQL + success BC · N=32,32,4,51.9833,5,5,53.6500,0.4911,complete,mulligan/sim-square-broad-r03-auto-iql-success-bc-n32-idql/seed-4
square_broad,Square-Broad,3,R3,auto_iql_success_bc_n32,Autonomous IQL + success BC · N=32,32,5,53.4600,5,5,53.6500,0.4911,complete,mulligan/sim-square-broad-r03-auto-iql-success-bc-n32-idql/seed-5
square_broad,Square-Broad,3,R3,auto_plain_il_n1,Autonomous plain IL · N=1,1,1,43.4133,5,5,46.9053,1.1921,complete,mulligan/sim-square-broad-r03-auto-plain-il-n1-idql/seed-1
square_broad,Square-Broad,3,R3,auto_plain_il_n1,Autonomous plain IL · N=1,1,2,44.8167,5,5,46.9053,1.1921,complete,mulligan/sim-square-broad-r03-auto-plain-il-n1-idql/seed-2
square_broad,Square-Broad,3,R3,auto_plain_il_n1,Autonomous plain IL · N=1,1,3,49.1400,5,5,46.9053,1.1921,complete,mulligan/sim-square-broad-r03-auto-plain-il-n1-idql/seed-3
square_broad,Square-Broad,3,R3,auto_plain_il_n1,Autonomous plain IL · N=1,1,4,49.3767,5,5,46.9053,1.1921,complete,mulligan/sim-square-broad-r03-auto-plain-il-n1-idql/seed-4
square_broad,Square-Broad,3,R3,auto_plain_il_n1,Autonomous plain IL · N=1,1,5,47.7800,5,5,46.9053,1.1921,complete,mulligan/sim-square-broad-r03-auto-plain-il-n1-idql/seed-5
